record_id,record_date,hour_of_day,day_of_week,is_peak_hour,department_id,department_name,doctor_id,doctor_avg_duration,patients_ahead,queue_length,token_position,completed_today,waiting_time_minutes,dataset_type
1,2026-07-01,10,2,1,3,Pediatrics,5,13.65,5,6,6,4,67.4,SYNTHETIC_DEVELOPMENT
2,2026-07-01,11,2,1,1,General Medicine,2,10.58,7,8,8,14,70.7,SYNTHETIC_DEVELOPMENT
3,2026-07-01,14,2,1,1,General Medicine,1,11.5,10,13,11,18,128.7,SYNTHETIC_DEVELOPMENT
4,2026-07-01,11,2,1,2,Cardiology,4,16.62,7,10,8,12,127.2,SYNTHETIC_DEVELOPMENT
5,2026-07-01,12,2,0,4,Orthopedics,6,14.5,4,7,5,11,75.5,SYNTHETIC_DEVELOPMENT
6,2026-07-01,13,2,0,5,Dermatology,7,9.0,5,9,6,18,54.8,SYNTHETIC_DEVELOPMENT
7,2026-07-01,15,2,1,1,General Medicine,1,11.5,9,13,10,22,107.5,SYNTHETIC_DEVELOPMENT
8,2026-07-01,13,2,0,5,Dermatology,7,9.0,6,11,7,16,60.3,SYNTHETIC_DEVELOPMENT
9,2026-07-01,8,2,0,4,Orthopedics,6,14.5,4,7,5,0,52.1,SYNTHETIC_DEVELOPMENT
10,2026-07-01,11,2,1,2,Cardiology,4,16.62,4,9,5,6,71.3,SYNTHETIC_DEVELOPMENT
11,2026-07-01,12,2,0,1,General Medicine,2,10.58,1,9,2,16,8.6,SYNTHETIC_DEVELOPMENT
12,2026-07-01,15,2,1,2,Cardiology,4,16.62,5,5,6,15,81.7,SYNTHETIC_DEVELOPMENT
13,2026-07-01,9,2,1,1,General Medicine,1,11.5,8,11,9,3,107.9,SYNTHETIC_DEVELOPMENT
14,2026-07-01,9,2,1,2,Cardiology,3,19.25,6,7,7,3,111.8,SYNTHETIC_DEVELOPMENT
15,2026-07-01,14,2,1,3,Pediatrics,5,13.65,5,9,6,16,66.3,SYNTHETIC_DEVELOPMENT
16,2026-07-01,12,2,0,1,General Medicine,2,10.58,3,4,4,10,30.7,SYNTHETIC_DEVELOPMENT
17,2026-07-01,15,2,1,1,General Medicine,2,10.58,3,6,4,24,34.8,SYNTHETIC_DEVELOPMENT
18,2026-07-01,17,2,0,4,Orthopedics,6,14.5,6,7,7,24,85.3,SYNTHETIC_DEVELOPMENT
19,2026-07-01,17,2,0,1,General Medicine,2,10.58,5,10,6,35,55.7,SYNTHETIC_DEVELOPMENT
20,2026-07-01,9,2,1,2,Cardiology,4,16.62,6,6,7,2,88.1,SYNTHETIC_DEVELOPMENT
21,2026-07-01,14,2,1,3,Pediatrics,5,13.65,8,10,9,23,115.8,SYNTHETIC_DEVELOPMENT
22,2026-07-01,12,2,0,4,Orthopedics,6,14.5,4,7,5,10,49.7,SYNTHETIC_DEVELOPMENT
23,2026-07-01,17,2,0,5,Dermatology,7,9.0,3,9,4,35,34.0,SYNTHETIC_DEVELOPMENT
24,2026-07-01,16,2,0,3,Pediatrics,5,13.65,2,3,3,31,33.3,SYNTHETIC_DEVELOPMENT
25,2026-07-01,10,2,1,4,Orthopedics,6,14.5,9,9,10,10,162.2,SYNTHETIC_DEVELOPMENT
26,2026-07-01,15,2,1,1,General Medicine,1,11.5,7,12,8,28,101.7,SYNTHETIC_DEVELOPMENT
27,2026-07-01,11,2,1,4,Orthopedics,6,14.5,5,6,6,7,64.3,SYNTHETIC_DEVELOPMENT
28,2026-07-01,14,2,1,1,General Medicine,2,10.58,8,9,9,14,89.5,SYNTHETIC_DEVELOPMENT
29,2026-07-01,9,2,1,4,Orthopedics,6,14.5,7,7,8,8,90.4,SYNTHETIC_DEVELOPMENT
30,2026-07-01,9,2,1,1,General Medicine,2,10.58,2,4,3,4,15.8,SYNTHETIC_DEVELOPMENT
31,2026-07-01,11,2,1,1,General Medicine,2,10.58,8,12,9,11,79.4,SYNTHETIC_DEVELOPMENT
32,2026-07-01,9,2,1,3,Pediatrics,5,13.65,6,11,7,0,75.4,SYNTHETIC_DEVELOPMENT
33,2026-07-01,11,2,1,5,Dermatology,7,9.0,2,3,3,16,18.0,SYNTHETIC_DEVELOPMENT
34,2026-07-01,10,2,1,5,Dermatology,7,9.0,10,12,11,4,113.3,SYNTHETIC_DEVELOPMENT
35,2026-07-01,10,2,1,5,Dermatology,7,9.0,2,6,3,3,17.2,SYNTHETIC_DEVELOPMENT
36,2026-07-01,17,2,0,5,Dermatology,7,9.0,5,9,6,23,46.5,SYNTHETIC_DEVELOPMENT
37,2026-07-01,13,2,0,2,Cardiology,3,19.25,4,5,5,21,82.6,SYNTHETIC_DEVELOPMENT
38,2026-07-01,11,2,1,4,Orthopedics,6,14.5,8,14,9,7,119.8,SYNTHETIC_DEVELOPMENT
39,2026-07-01,9,2,1,3,Pediatrics,5,13.65,4,5,5,3,58.2,SYNTHETIC_DEVELOPMENT
40,2026-07-01,17,2,0,1,General Medicine,1,11.5,4,7,5,35,45.6,SYNTHETIC_DEVELOPMENT
41,2026-07-01,11,2,1,2,Cardiology,4,16.62,8,12,9,7,168.2,SYNTHETIC_DEVELOPMENT
42,2026-07-01,17,2,0,5,Dermatology,7,9.0,4,6,5,26,35.6,SYNTHETIC_DEVELOPMENT
43,2026-07-01,14,2,1,4,Orthopedics,6,14.5,13,14,14,14,180.0,SYNTHETIC_DEVELOPMENT
44,2026-07-01,11,2,1,2,Cardiology,3,19.25,10,13,11,12,180.0,SYNTHETIC_DEVELOPMENT
45,2026-07-01,9,2,1,1,General Medicine,1,11.5,9,11,10,1,98.9,SYNTHETIC_DEVELOPMENT
46,2026-07-01,9,2,1,4,Orthopedics,6,14.5,10,14,11,2,163.0,SYNTHETIC_DEVELOPMENT
47,2026-07-01,11,2,1,1,General Medicine,1,11.5,4,11,5,9,59.5,SYNTHETIC_DEVELOPMENT
48,2026-07-01,9,2,1,2,Cardiology,4,16.62,7,9,8,2,134.4,SYNTHETIC_DEVELOPMENT
49,2026-07-01,12,2,0,1,General Medicine,2,10.58,5,10,6,12,61.4,SYNTHETIC_DEVELOPMENT
50,2026-07-01,9,2,1,1,General Medicine,1,11.5,8,9,9,2,82.2,SYNTHETIC_DEVELOPMENT
51,2026-07-01,11,2,1,4,Orthopedics,6,14.5,6,9,7,13,86.1,SYNTHETIC_DEVELOPMENT
52,2026-07-01,11,2,1,2,Cardiology,3,19.25,10,11,11,8,180.0,SYNTHETIC_DEVELOPMENT
53,2026-07-01,10,2,1,3,Pediatrics,5,13.65,4,7,5,4,65.9,SYNTHETIC_DEVELOPMENT
54,2026-07-01,9,2,1,2,Cardiology,4,16.62,6,8,7,4,105.4,SYNTHETIC_DEVELOPMENT
55,2026-07-01,12,2,0,2,Cardiology,3,19.25,7,9,8,17,166.9,SYNTHETIC_DEVELOPMENT
56,2026-07-01,9,2,1,1,General Medicine,1,11.5,8,9,9,2,106.0,SYNTHETIC_DEVELOPMENT
57,2026-07-01,12,2,0,5,Dermatology,7,9.0,3,4,4,7,26.1,SYNTHETIC_DEVELOPMENT
58,2026-07-01,8,2,0,3,Pediatrics,5,13.65,7,11,8,0,107.4,SYNTHETIC_DEVELOPMENT
59,2026-07-01,14,2,1,5,Dermatology,7,9.0,8,12,9,17,92.7,SYNTHETIC_DEVELOPMENT
60,2026-07-01,10,2,1,1,General Medicine,1,11.5,7,11,8,2,91.8,SYNTHETIC_DEVELOPMENT
61,2026-07-01,11,2,1,2,Cardiology,4,16.62,10,16,11,13,148.6,SYNTHETIC_DEVELOPMENT
62,2026-07-01,14,2,1,2,Cardiology,3,19.25,8,10,9,21,161.0,SYNTHETIC_DEVELOPMENT
63,2026-07-01,11,2,1,2,Cardiology,3,19.25,6,8,7,12,120.8,SYNTHETIC_DEVELOPMENT
64,2026-07-01,11,2,1,2,Cardiology,4,16.62,10,14,11,8,180.0,SYNTHETIC_DEVELOPMENT
65,2026-07-01,11,2,1,3,Pediatrics,5,13.65,6,10,7,9,82.0,SYNTHETIC_DEVELOPMENT
66,2026-07-01,14,2,1,2,Cardiology,4,16.62,7,11,8,18,130.7,SYNTHETIC_DEVELOPMENT
67,2026-07-01,9,2,1,4,Orthopedics,6,14.5,3,6,4,3,41.8,SYNTHETIC_DEVELOPMENT
68,2026-07-01,14,2,1,3,Pediatrics,5,13.65,5,11,6,17,93.2,SYNTHETIC_DEVELOPMENT
69,2026-07-01,10,2,1,3,Pediatrics,5,13.65,8,8,9,9,119.7,SYNTHETIC_DEVELOPMENT
70,2026-07-01,13,2,0,4,Orthopedics,6,14.5,3,7,4,14,41.3,SYNTHETIC_DEVELOPMENT
71,2026-07-01,9,2,1,2,Cardiology,4,16.62,11,12,12,4,180.0,SYNTHETIC_DEVELOPMENT
72,2026-07-01,9,2,1,2,Cardiology,3,19.25,7,9,8,1,142.1,SYNTHETIC_DEVELOPMENT
73,2026-07-01,8,2,0,2,Cardiology,3,19.25,2,4,3,0,29.9,SYNTHETIC_DEVELOPMENT
74,2026-07-01,15,2,1,3,Pediatrics,5,13.65,11,13,12,26,147.3,SYNTHETIC_DEVELOPMENT
75,2026-07-01,11,2,1,2,Cardiology,3,19.25,5,7,6,9,128.2,SYNTHETIC_DEVELOPMENT
76,2026-07-01,12,2,0,5,Dermatology,7,9.0,3,7,4,18,49.0,SYNTHETIC_DEVELOPMENT
77,2026-07-01,10,2,1,2,Cardiology,4,16.62,4,8,5,10,50.7,SYNTHETIC_DEVELOPMENT
78,2026-07-01,10,2,1,1,General Medicine,1,11.5,4,6,5,10,45.7,SYNTHETIC_DEVELOPMENT
79,2026-07-01,10,2,1,2,Cardiology,4,16.62,4,7,5,6,82.6,SYNTHETIC_DEVELOPMENT
80,2026-07-01,11,2,1,1,General Medicine,2,10.58,9,12,10,11,83.1,SYNTHETIC_DEVELOPMENT
81,2026-07-01,12,2,0,1,General Medicine,2,10.58,5,8,6,13,52.8,SYNTHETIC_DEVELOPMENT
82,2026-07-01,9,2,1,1,General Medicine,2,10.58,7,9,8,1,75.2,SYNTHETIC_DEVELOPMENT
83,2026-07-01,9,2,1,1,General Medicine,1,11.5,7,12,8,5,88.8,SYNTHETIC_DEVELOPMENT
84,2026-07-01,14,2,1,3,Pediatrics,5,13.65,13,17,14,21,180.0,SYNTHETIC_DEVELOPMENT
85,2026-07-02,14,3,1,2,Cardiology,4,16.62,7,8,8,19,126.8,SYNTHETIC_DEVELOPMENT
86,2026-07-02,10,3,1,2,Cardiology,4,16.62,9,11,10,9,150.0,SYNTHETIC_DEVELOPMENT
87,2026-07-02,10,3,1,2,Cardiology,4,16.62,5,7,6,5,92.1,SYNTHETIC_DEVELOPMENT
88,2026-07-02,10,3,1,2,Cardiology,3,19.25,7,8,8,8,149.7,SYNTHETIC_DEVELOPMENT
89,2026-07-02,9,3,1,1,General Medicine,1,11.5,10,13,11,1,122.2,SYNTHETIC_DEVELOPMENT
90,2026-07-02,13,3,0,3,Pediatrics,5,13.65,2,6,3,12,23.7,SYNTHETIC_DEVELOPMENT
91,2026-07-02,12,3,0,2,Cardiology,3,19.25,2,3,3,9,36.5,SYNTHETIC_DEVELOPMENT
92,2026-07-02,12,3,0,2,Cardiology,4,16.62,4,7,5,12,64.4,SYNTHETIC_DEVELOPMENT
93,2026-07-02,16,3,0,2,Cardiology,3,19.25,3,6,4,26,61.0,SYNTHETIC_DEVELOPMENT
94,2026-07-02,10,3,1,1,General Medicine,2,10.58,7,11,8,9,93.3,SYNTHETIC_DEVELOPMENT
95,2026-07-02,9,3,1,1,General Medicine,1,11.5,3,4,4,2,28.6,SYNTHETIC_DEVELOPMENT
96,2026-07-02,10,3,1,2,Cardiology,4,16.62,7,11,8,9,108.2,SYNTHETIC_DEVELOPMENT
97,2026-07-02,9,3,1,1,General Medicine,2,10.58,6,9,7,4,68.4,SYNTHETIC_DEVELOPMENT
98,2026-07-02,14,3,1,5,Dermatology,7,9.0,9,10,10,22,79.4,SYNTHETIC_DEVELOPMENT
99,2026-07-02,14,3,1,1,General Medicine,1,11.5,4,10,5,13,61.5,SYNTHETIC_DEVELOPMENT
100,2026-07-02,14,3,1,1,General Medicine,1,11.5,11,11,12,18,130.0,SYNTHETIC_DEVELOPMENT
101,2026-07-02,8,3,0,2,Cardiology,4,16.62,1,1,2,0,32.0,SYNTHETIC_DEVELOPMENT
102,2026-07-02,10,3,1,1,General Medicine,2,10.58,3,6,4,8,55.4,SYNTHETIC_DEVELOPMENT
103,2026-07-02,15,3,1,1,General Medicine,2,10.58,5,9,6,32,52.8,SYNTHETIC_DEVELOPMENT
104,2026-07-02,9,3,1,2,Cardiology,4,16.62,6,12,7,4,119.7,SYNTHETIC_DEVELOPMENT
105,2026-07-02,10,3,1,4,Orthopedics,6,14.5,4,10,5,11,79.9,SYNTHETIC_DEVELOPMENT
106,2026-07-02,9,3,1,3,Pediatrics,5,13.65,4,7,5,1,57.4,SYNTHETIC_DEVELOPMENT
107,2026-07-02,13,3,0,4,Orthopedics,6,14.5,3,7,4,14,43.7,SYNTHETIC_DEVELOPMENT
108,2026-07-02,9,3,1,3,Pediatrics,5,13.65,7,12,8,3,100.3,SYNTHETIC_DEVELOPMENT
109,2026-07-02,8,3,0,5,Dermatology,7,9.0,3,4,4,0,29.1,SYNTHETIC_DEVELOPMENT
110,2026-07-02,9,3,1,5,Dermatology,7,9.0,7,8,8,4,60.7,SYNTHETIC_DEVELOPMENT
111,2026-07-02,13,3,0,2,Cardiology,4,16.62,4,6,5,25,106.8,SYNTHETIC_DEVELOPMENT
112,2026-07-02,9,3,1,4,Orthopedics,6,14.5,12,16,13,3,169.3,SYNTHETIC_DEVELOPMENT
113,2026-07-02,14,3,1,1,General Medicine,2,10.58,2,6,3,19,20.4,SYNTHETIC_DEVELOPMENT
114,2026-07-02,9,3,1,1,General Medicine,1,11.5,7,9,8,6,67.2,SYNTHETIC_DEVELOPMENT
115,2026-07-02,11,3,1,4,Orthopedics,6,14.5,3,8,4,9,51.2,SYNTHETIC_DEVELOPMENT
116,2026-07-02,13,3,0,1,General Medicine,2,10.58,3,6,4,21,34.2,SYNTHETIC_DEVELOPMENT
117,2026-07-02,11,3,1,1,General Medicine,2,10.58,6,8,7,14,62.8,SYNTHETIC_DEVELOPMENT
118,2026-07-02,12,3,0,2,Cardiology,4,16.62,5,7,6,16,84.1,SYNTHETIC_DEVELOPMENT
119,2026-07-02,9,3,1,4,Orthopedics,6,14.5,5,9,6,2,67.7,SYNTHETIC_DEVELOPMENT
120,2026-07-02,9,3,1,2,Cardiology,4,16.62,5,10,6,1,85.1,SYNTHETIC_DEVELOPMENT
121,2026-07-02,9,3,1,3,Pediatrics,5,13.65,5,6,6,3,59.1,SYNTHETIC_DEVELOPMENT
122,2026-07-02,11,3,1,1,General Medicine,2,10.58,6,7,7,13,67.6,SYNTHETIC_DEVELOPMENT
123,2026-07-02,8,3,0,4,Orthopedics,6,14.5,2,5,3,0,24.5,SYNTHETIC_DEVELOPMENT
124,2026-07-02,9,3,1,1,General Medicine,1,11.5,5,7,6,1,63.6,SYNTHETIC_DEVELOPMENT
125,2026-07-02,10,3,1,2,Cardiology,4,16.62,6,8,7,6,97.8,SYNTHETIC_DEVELOPMENT
126,2026-07-02,10,3,1,4,Orthopedics,6,14.5,3,6,4,4,32.6,SYNTHETIC_DEVELOPMENT
127,2026-07-02,12,3,0,5,Dermatology,7,9.0,4,8,5,17,40.1,SYNTHETIC_DEVELOPMENT
128,2026-07-02,13,3,0,3,Pediatrics,5,13.65,1,4,2,11,16.8,SYNTHETIC_DEVELOPMENT
129,2026-07-02,13,3,0,4,Orthopedics,6,14.5,1,2,2,21,14.2,SYNTHETIC_DEVELOPMENT
130,2026-07-02,16,3,0,1,General Medicine,1,11.5,1,1,2,22,11.9,SYNTHETIC_DEVELOPMENT
131,2026-07-02,9,3,1,2,Cardiology,3,19.25,6,9,7,8,140.2,SYNTHETIC_DEVELOPMENT
132,2026-07-02,15,3,1,3,Pediatrics,5,13.65,6,9,7,20,103.6,SYNTHETIC_DEVELOPMENT
133,2026-07-02,9,3,1,2,Cardiology,3,19.25,5,7,6,5,110.2,SYNTHETIC_DEVELOPMENT
134,2026-07-02,14,3,1,2,Cardiology,4,16.62,6,9,7,10,135.0,SYNTHETIC_DEVELOPMENT
135,2026-07-02,12,3,0,3,Pediatrics,5,13.65,10,15,11,13,142.0,SYNTHETIC_DEVELOPMENT
136,2026-07-02,9,3,1,1,General Medicine,2,10.58,6,8,7,1,75.8,SYNTHETIC_DEVELOPMENT
137,2026-07-02,12,3,0,1,General Medicine,1,11.5,4,8,5,9,42.6,SYNTHETIC_DEVELOPMENT
138,2026-07-02,15,3,1,1,General Medicine,2,10.58,4,6,5,21,47.0,SYNTHETIC_DEVELOPMENT
139,2026-07-02,12,3,0,1,General Medicine,1,11.5,2,5,3,10,23.1,SYNTHETIC_DEVELOPMENT
140,2026-07-02,8,3,0,4,Orthopedics,6,14.5,3,5,4,0,38.1,SYNTHETIC_DEVELOPMENT
141,2026-07-02,11,3,1,5,Dermatology,7,9.0,2,2,3,13,12.2,SYNTHETIC_DEVELOPMENT
142,2026-07-02,13,3,0,2,Cardiology,4,16.62,5,6,6,18,82.3,SYNTHETIC_DEVELOPMENT
143,2026-07-02,13,3,0,5,Dermatology,7,9.0,3,7,4,16,36.2,SYNTHETIC_DEVELOPMENT
144,2026-07-02,10,3,1,2,Cardiology,4,16.62,5,9,6,8,75.0,SYNTHETIC_DEVELOPMENT
145,2026-07-02,9,3,1,2,Cardiology,3,19.25,5,7,6,2,107.9,SYNTHETIC_DEVELOPMENT
146,2026-07-02,9,3,1,2,Cardiology,3,19.25,5,8,6,8,82.9,SYNTHETIC_DEVELOPMENT
147,2026-07-02,9,3,1,2,Cardiology,4,16.62,3,5,4,3,53.7,SYNTHETIC_DEVELOPMENT
148,2026-07-02,9,3,1,2,Cardiology,3,19.25,4,6,5,4,75.5,SYNTHETIC_DEVELOPMENT
149,2026-07-02,13,3,0,1,General Medicine,2,10.58,1,3,2,18,8.9,SYNTHETIC_DEVELOPMENT
150,2026-07-02,10,3,1,3,Pediatrics,5,13.65,6,11,7,3,82.8,SYNTHETIC_DEVELOPMENT
151,2026-07-02,12,3,0,1,General Medicine,2,10.58,2,3,3,12,15.0,SYNTHETIC_DEVELOPMENT
152,2026-07-02,10,3,1,4,Orthopedics,6,14.5,7,7,8,7,127.4,SYNTHETIC_DEVELOPMENT
153,2026-07-02,10,3,1,4,Orthopedics,6,14.5,4,7,5,6,48.3,SYNTHETIC_DEVELOPMENT
154,2026-07-02,11,3,1,1,General Medicine,1,11.5,8,11,9,9,81.2,SYNTHETIC_DEVELOPMENT
155,2026-07-02,9,3,1,1,General Medicine,1,11.5,8,14,9,4,82.2,SYNTHETIC_DEVELOPMENT
156,2026-07-02,10,3,1,1,General Medicine,1,11.5,5,6,6,5,46.4,SYNTHETIC_DEVELOPMENT
157,2026-07-02,15,3,1,3,Pediatrics,5,13.65,5,9,6,23,76.5,SYNTHETIC_DEVELOPMENT
158,2026-07-02,10,3,1,5,Dermatology,7,9.0,16,22,17,8,150.7,SYNTHETIC_DEVELOPMENT
159,2026-07-02,12,3,0,5,Dermatology,7,9.0,2,4,3,19,21.5,SYNTHETIC_DEVELOPMENT
160,2026-07-02,11,3,1,1,General Medicine,1,11.5,10,12,11,8,129.0,SYNTHETIC_DEVELOPMENT
161,2026-07-02,10,3,1,1,General Medicine,1,11.5,11,13,12,8,135.7,SYNTHETIC_DEVELOPMENT
162,2026-07-02,11,3,1,2,Cardiology,4,16.62,6,8,7,5,101.3,SYNTHETIC_DEVELOPMENT
163,2026-07-02,14,3,1,4,Orthopedics,6,14.5,4,7,5,21,46.3,SYNTHETIC_DEVELOPMENT
164,2026-07-02,11,3,1,2,Cardiology,3,19.25,8,11,9,15,140.9,SYNTHETIC_DEVELOPMENT
165,2026-07-02,10,3,1,5,Dermatology,7,9.0,9,13,10,5,82.3,SYNTHETIC_DEVELOPMENT
166,2026-07-02,16,3,0,2,Cardiology,4,16.62,5,6,6,24,83.8,SYNTHETIC_DEVELOPMENT
167,2026-07-02,11,3,1,5,Dermatology,7,9.0,4,5,5,10,38.8,SYNTHETIC_DEVELOPMENT
168,2026-07-03,11,4,1,1,General Medicine,1,11.5,9,11,10,11,103.8,SYNTHETIC_DEVELOPMENT
169,2026-07-03,9,4,1,2,Cardiology,4,16.62,4,4,5,3,62.8,SYNTHETIC_DEVELOPMENT
170,2026-07-03,14,4,1,2,Cardiology,3,19.25,9,12,10,20,165.9,SYNTHETIC_DEVELOPMENT
171,2026-07-03,14,4,1,5,Dermatology,7,9.0,5,6,6,24,43.8,SYNTHETIC_DEVELOPMENT
172,2026-07-03,14,4,1,3,Pediatrics,5,13.65,5,9,6,25,83.2,SYNTHETIC_DEVELOPMENT
173,2026-07-03,16,4,0,1,General Medicine,1,11.5,3,4,4,18,37.1,SYNTHETIC_DEVELOPMENT
174,2026-07-03,11,4,1,2,Cardiology,4,16.62,7,10,8,6,124.4,SYNTHETIC_DEVELOPMENT
175,2026-07-03,9,4,1,4,Orthopedics,6,14.5,5,7,6,4,103.3,SYNTHETIC_DEVELOPMENT
176,2026-07-03,14,4,1,3,Pediatrics,5,13.65,5,6,6,19,66.7,SYNTHETIC_DEVELOPMENT
177,2026-07-03,11,4,1,2,Cardiology,4,16.62,6,7,7,11,112.8,SYNTHETIC_DEVELOPMENT
178,2026-07-03,11,4,1,2,Cardiology,3,19.25,8,13,9,12,153.9,SYNTHETIC_DEVELOPMENT
179,2026-07-03,12,4,0,1,General Medicine,1,11.5,0,4,1,17,3.7,SYNTHETIC_DEVELOPMENT
180,2026-07-03,9,4,1,1,General Medicine,1,11.5,6,7,7,4,80.0,SYNTHETIC_DEVELOPMENT
181,2026-07-03,12,4,0,3,Pediatrics,5,13.65,1,5,2,11,15.4,SYNTHETIC_DEVELOPMENT
182,2026-07-03,16,4,0,1,General Medicine,2,10.58,4,5,5,28,56.8,SYNTHETIC_DEVELOPMENT
183,2026-07-03,14,4,1,4,Orthopedics,6,14.5,3,6,4,23,47.3,SYNTHETIC_DEVELOPMENT
184,2026-07-03,15,4,1,1,General Medicine,1,11.5,8,9,9,15,89.1,SYNTHETIC_DEVELOPMENT
185,2026-07-03,15,4,1,5,Dermatology,7,9.0,4,6,5,19,34.1,SYNTHETIC_DEVELOPMENT
186,2026-07-03,16,4,0,1,General Medicine,2,10.58,2,6,3,29,29.5,SYNTHETIC_DEVELOPMENT
187,2026-07-03,10,4,1,4,Orthopedics,6,14.5,6,6,7,5,95.2,SYNTHETIC_DEVELOPMENT
188,2026-07-03,15,4,1,2,Cardiology,3,19.25,3,4,4,31,69.7,SYNTHETIC_DEVELOPMENT
189,2026-07-03,9,4,1,4,Orthopedics,6,14.5,5,9,6,3,61.7,SYNTHETIC_DEVELOPMENT
190,2026-07-03,10,4,1,2,Cardiology,3,19.25,1,4,2,8,26.6,SYNTHETIC_DEVELOPMENT
191,2026-07-03,10,4,1,3,Pediatrics,5,13.65,2,3,3,8,41.9,SYNTHETIC_DEVELOPMENT
192,2026-07-03,9,4,1,1,General Medicine,2,10.58,8,11,9,4,85.0,SYNTHETIC_DEVELOPMENT
193,2026-07-03,13,4,0,4,Orthopedics,6,14.5,3,5,4,18,48.9,SYNTHETIC_DEVELOPMENT
194,2026-07-03,12,4,0,3,Pediatrics,5,13.65,8,14,9,21,125.8,SYNTHETIC_DEVELOPMENT
195,2026-07-03,14,4,1,4,Orthopedics,6,14.5,6,9,7,15,96.1,SYNTHETIC_DEVELOPMENT
196,2026-07-03,15,4,1,5,Dermatology,7,9.0,7,8,8,17,76.5,SYNTHETIC_DEVELOPMENT
197,2026-07-03,10,4,1,1,General Medicine,1,11.5,11,13,12,5,116.8,SYNTHETIC_DEVELOPMENT
198,2026-07-03,11,4,1,2,Cardiology,4,16.62,7,11,8,2,109.5,SYNTHETIC_DEVELOPMENT
199,2026-07-03,11,4,1,1,General Medicine,2,10.58,8,9,9,5,71.3,SYNTHETIC_DEVELOPMENT
200,2026-07-03,11,4,1,2,Cardiology,3,19.25,7,8,8,5,125.1,SYNTHETIC_DEVELOPMENT
201,2026-07-03,10,4,1,5,Dermatology,7,9.0,4,6,5,5,36.2,SYNTHETIC_DEVELOPMENT
202,2026-07-03,10,4,1,2,Cardiology,3,19.25,7,8,8,4,149.4,SYNTHETIC_DEVELOPMENT
203,2026-07-03,9,4,1,3,Pediatrics,5,13.65,9,14,10,2,122.7,SYNTHETIC_DEVELOPMENT
204,2026-07-03,8,4,0,2,Cardiology,3,19.25,3,5,4,0,76.8,SYNTHETIC_DEVELOPMENT
205,2026-07-03,11,4,1,4,Orthopedics,6,14.5,9,11,10,14,144.4,SYNTHETIC_DEVELOPMENT
206,2026-07-03,17,4,0,5,Dermatology,7,9.0,2,6,3,29,32.7,SYNTHETIC_DEVELOPMENT
207,2026-07-03,9,4,1,2,Cardiology,4,16.62,5,7,6,1,93.0,SYNTHETIC_DEVELOPMENT
208,2026-07-03,14,4,1,1,General Medicine,1,11.5,9,10,10,16,115.1,SYNTHETIC_DEVELOPMENT
209,2026-07-03,9,4,1,2,Cardiology,3,19.25,12,15,13,3,180.0,SYNTHETIC_DEVELOPMENT
210,2026-07-03,9,4,1,1,General Medicine,1,11.5,4,4,5,1,55.6,SYNTHETIC_DEVELOPMENT
211,2026-07-03,10,4,1,4,Orthopedics,6,14.5,7,11,8,5,107.1,SYNTHETIC_DEVELOPMENT
212,2026-07-03,9,4,1,1,General Medicine,1,11.5,8,9,9,2,92.6,SYNTHETIC_DEVELOPMENT
213,2026-07-03,9,4,1,4,Orthopedics,6,14.5,5,9,6,2,81.5,SYNTHETIC_DEVELOPMENT
214,2026-07-03,12,4,0,3,Pediatrics,5,13.65,4,8,5,11,43.3,SYNTHETIC_DEVELOPMENT
215,2026-07-03,10,4,1,2,Cardiology,4,16.62,6,8,7,6,98.7,SYNTHETIC_DEVELOPMENT
216,2026-07-03,11,4,1,1,General Medicine,2,10.58,8,13,9,10,80.3,SYNTHETIC_DEVELOPMENT
217,2026-07-03,9,4,1,2,Cardiology,3,19.25,12,14,13,2,180.0,SYNTHETIC_DEVELOPMENT
218,2026-07-03,10,4,1,2,Cardiology,4,16.62,6,7,7,6,99.5,SYNTHETIC_DEVELOPMENT
219,2026-07-03,9,4,1,1,General Medicine,2,10.58,7,8,8,5,70.2,SYNTHETIC_DEVELOPMENT
220,2026-07-03,12,4,0,5,Dermatology,7,9.0,3,5,4,9,30.6,SYNTHETIC_DEVELOPMENT
221,2026-07-03,9,4,1,4,Orthopedics,6,14.5,8,9,9,5,105.8,SYNTHETIC_DEVELOPMENT
222,2026-07-03,9,4,1,3,Pediatrics,5,13.65,10,10,11,1,162.2,SYNTHETIC_DEVELOPMENT
223,2026-07-03,10,4,1,1,General Medicine,1,11.5,7,9,8,8,72.4,SYNTHETIC_DEVELOPMENT
224,2026-07-03,9,4,1,1,General Medicine,1,11.5,7,7,8,3,90.2,SYNTHETIC_DEVELOPMENT
225,2026-07-03,15,4,1,4,Orthopedics,6,14.5,7,10,8,18,110.4,SYNTHETIC_DEVELOPMENT
226,2026-07-03,12,4,0,2,Cardiology,3,19.25,4,4,5,24,68.9,SYNTHETIC_DEVELOPMENT
227,2026-07-03,8,4,0,2,Cardiology,3,19.25,3,6,4,0,56.3,SYNTHETIC_DEVELOPMENT
228,2026-07-03,14,4,1,5,Dermatology,7,9.0,5,5,6,22,64.4,SYNTHETIC_DEVELOPMENT
229,2026-07-03,11,4,1,4,Orthopedics,6,14.5,8,13,9,13,133.2,SYNTHETIC_DEVELOPMENT
230,2026-07-03,9,4,1,1,General Medicine,2,10.58,6,7,7,2,68.0,SYNTHETIC_DEVELOPMENT
231,2026-07-03,11,4,1,5,Dermatology,7,9.0,6,8,7,13,64.9,SYNTHETIC_DEVELOPMENT
232,2026-07-03,11,4,1,2,Cardiology,3,19.25,5,10,6,11,109.9,SYNTHETIC_DEVELOPMENT
233,2026-07-03,11,4,1,1,General Medicine,1,11.5,7,8,8,9,78.5,SYNTHETIC_DEVELOPMENT
234,2026-07-03,9,4,1,1,General Medicine,2,10.58,4,4,5,4,42.0,SYNTHETIC_DEVELOPMENT
235,2026-07-03,12,4,0,2,Cardiology,3,19.25,6,11,7,11,123.9,SYNTHETIC_DEVELOPMENT
236,2026-07-03,9,4,1,3,Pediatrics,5,13.65,7,9,8,4,95.2,SYNTHETIC_DEVELOPMENT
237,2026-07-03,10,4,1,2,Cardiology,4,16.62,5,8,6,5,73.1,SYNTHETIC_DEVELOPMENT
238,2026-07-03,10,4,1,2,Cardiology,3,19.25,9,14,10,8,169.7,SYNTHETIC_DEVELOPMENT
239,2026-07-03,13,4,0,5,Dermatology,7,9.0,3,6,4,20,28.4,SYNTHETIC_DEVELOPMENT
240,2026-07-03,15,4,1,3,Pediatrics,5,13.65,14,17,15,21,180.0,SYNTHETIC_DEVELOPMENT
241,2026-07-03,10,4,1,5,Dermatology,7,9.0,5,7,6,2,55.7,SYNTHETIC_DEVELOPMENT
242,2026-07-03,14,4,1,2,Cardiology,3,19.25,9,11,10,23,180.0,SYNTHETIC_DEVELOPMENT
243,2026-07-03,9,4,1,1,General Medicine,2,10.58,8,9,9,0,76.8,SYNTHETIC_DEVELOPMENT
244,2026-07-03,14,4,1,3,Pediatrics,5,13.65,8,12,9,28,132.4,SYNTHETIC_DEVELOPMENT
245,2026-07-03,15,4,1,1,General Medicine,1,11.5,6,10,7,20,72.9,SYNTHETIC_DEVELOPMENT
246,2026-07-03,11,4,1,5,Dermatology,7,9.0,9,11,10,6,106.1,SYNTHETIC_DEVELOPMENT
247,2026-07-03,10,4,1,4,Orthopedics,6,14.5,4,8,5,2,66.0,SYNTHETIC_DEVELOPMENT
248,2026-07-03,14,4,1,2,Cardiology,3,19.25,6,8,7,19,113.2,SYNTHETIC_DEVELOPMENT
249,2026-07-03,11,4,1,5,Dermatology,7,9.0,7,9,8,10,70.4,SYNTHETIC_DEVELOPMENT
250,2026-07-03,8,4,0,2,Cardiology,4,16.62,3,8,4,1,45.4,SYNTHETIC_DEVELOPMENT
251,2026-07-04,11,5,1,2,Cardiology,3,19.25,6,10,7,10,126.2,SYNTHETIC_DEVELOPMENT
252,2026-07-04,14,5,1,4,Orthopedics,6,14.5,10,11,11,19,146.2,SYNTHETIC_DEVELOPMENT
253,2026-07-04,15,5,1,3,Pediatrics,5,13.65,6,8,7,19,91.7,SYNTHETIC_DEVELOPMENT
254,2026-07-04,15,5,1,2,Cardiology,3,19.25,6,8,7,31,134.0,SYNTHETIC_DEVELOPMENT
255,2026-07-04,15,5,1,1,General Medicine,2,10.58,6,8,7,24,75.8,SYNTHETIC_DEVELOPMENT
256,2026-07-04,10,5,1,1,General Medicine,1,11.5,8,10,9,5,93.5,SYNTHETIC_DEVELOPMENT
257,2026-07-04,9,5,1,2,Cardiology,4,16.62,8,9,9,4,141.8,SYNTHETIC_DEVELOPMENT
258,2026-07-04,14,5,1,5,Dermatology,7,9.0,4,7,5,23,44.0,SYNTHETIC_DEVELOPMENT
259,2026-07-04,9,5,1,1,General Medicine,2,10.58,5,7,6,3,68.0,SYNTHETIC_DEVELOPMENT
260,2026-07-04,9,5,1,3,Pediatrics,5,13.65,9,10,10,1,116.6,SYNTHETIC_DEVELOPMENT
261,2026-07-04,13,5,0,4,Orthopedics,6,14.5,10,15,11,13,131.5,SYNTHETIC_DEVELOPMENT
262,2026-07-04,17,5,0,1,General Medicine,1,11.5,4,5,5,34,57.6,SYNTHETIC_DEVELOPMENT
263,2026-07-04,11,5,1,1,General Medicine,2,10.58,7,10,8,10,72.2,SYNTHETIC_DEVELOPMENT
264,2026-07-04,15,5,1,2,Cardiology,3,19.25,3,6,4,25,61.4,SYNTHETIC_DEVELOPMENT
265,2026-07-04,9,5,1,1,General Medicine,1,11.5,9,12,10,3,111.0,SYNTHETIC_DEVELOPMENT
266,2026-07-04,10,5,1,2,Cardiology,3,19.25,6,9,7,7,107.7,SYNTHETIC_DEVELOPMENT
267,2026-07-04,17,5,0,2,Cardiology,3,19.25,2,5,3,30,40.9,SYNTHETIC_DEVELOPMENT
268,2026-07-04,10,5,1,1,General Medicine,1,11.5,3,5,4,5,28.8,SYNTHETIC_DEVELOPMENT
269,2026-07-04,10,5,1,5,Dermatology,7,9.0,8,13,9,3,71.8,SYNTHETIC_DEVELOPMENT
270,2026-07-04,10,5,1,2,Cardiology,4,16.62,8,8,9,12,121.3,SYNTHETIC_DEVELOPMENT
271,2026-07-04,9,5,1,2,Cardiology,3,19.25,12,15,13,2,180.0,SYNTHETIC_DEVELOPMENT
272,2026-07-04,10,5,1,2,Cardiology,3,19.25,4,8,5,5,66.3,SYNTHETIC_DEVELOPMENT
273,2026-07-04,12,5,0,2,Cardiology,3,19.25,6,9,7,13,118.2,SYNTHETIC_DEVELOPMENT
274,2026-07-04,12,5,0,5,Dermatology,7,9.0,6,12,7,8,68.1,SYNTHETIC_DEVELOPMENT
275,2026-07-04,12,5,0,1,General Medicine,2,10.58,5,6,6,15,50.3,SYNTHETIC_DEVELOPMENT
276,2026-07-04,10,5,1,2,Cardiology,3,19.25,3,6,4,14,72.8,SYNTHETIC_DEVELOPMENT
277,2026-07-04,9,5,1,1,General Medicine,2,10.58,8,9,9,3,104.2,SYNTHETIC_DEVELOPMENT
278,2026-07-04,10,5,1,1,General Medicine,1,11.5,7,9,8,5,81.1,SYNTHETIC_DEVELOPMENT
279,2026-07-04,10,5,1,5,Dermatology,7,9.0,7,10,8,7,63.4,SYNTHETIC_DEVELOPMENT
280,2026-07-04,10,5,1,1,General Medicine,1,11.5,6,8,7,7,80.5,SYNTHETIC_DEVELOPMENT
281,2026-07-04,15,5,1,1,General Medicine,2,10.58,4,6,5,20,55.5,SYNTHETIC_DEVELOPMENT
282,2026-07-04,9,5,1,1,General Medicine,1,11.5,6,10,7,2,94.6,SYNTHETIC_DEVELOPMENT
283,2026-07-04,14,5,1,4,Orthopedics,6,14.5,10,14,11,20,153.2,SYNTHETIC_DEVELOPMENT
284,2026-07-04,11,5,1,2,Cardiology,4,16.62,13,17,14,7,180.0,SYNTHETIC_DEVELOPMENT
285,2026-07-04,11,5,1,4,Orthopedics,6,14.5,7,12,8,7,99.3,SYNTHETIC_DEVELOPMENT
286,2026-07-04,14,5,1,5,Dermatology,7,9.0,12,13,13,25,124.0,SYNTHETIC_DEVELOPMENT
287,2026-07-04,16,5,0,4,Orthopedics,6,14.5,8,12,9,27,134.4,SYNTHETIC_DEVELOPMENT
288,2026-07-04,12,5,0,2,Cardiology,3,19.25,4,5,5,10,110.9,SYNTHETIC_DEVELOPMENT
289,2026-07-04,9,5,1,1,General Medicine,2,10.58,4,7,5,6,55.2,SYNTHETIC_DEVELOPMENT
290,2026-07-04,12,5,0,3,Pediatrics,5,13.65,2,5,3,10,34.4,SYNTHETIC_DEVELOPMENT
291,2026-07-04,15,5,1,2,Cardiology,3,19.25,11,12,12,25,180.0,SYNTHETIC_DEVELOPMENT
292,2026-07-04,14,5,1,2,Cardiology,3,19.25,6,9,7,20,129.7,SYNTHETIC_DEVELOPMENT
293,2026-07-04,15,5,1,3,Pediatrics,5,13.65,3,5,4,13,51.8,SYNTHETIC_DEVELOPMENT
294,2026-07-04,11,5,1,1,General Medicine,2,10.58,10,13,11,15,121.8,SYNTHETIC_DEVELOPMENT
295,2026-07-04,9,5,1,5,Dermatology,7,9.0,7,10,8,2,63.7,SYNTHETIC_DEVELOPMENT
296,2026-07-04,8,5,0,5,Dermatology,7,9.0,4,5,5,1,35.7,SYNTHETIC_DEVELOPMENT
297,2026-07-04,10,5,1,4,Orthopedics,6,14.5,5,9,6,6,76.7,SYNTHETIC_DEVELOPMENT
298,2026-07-04,13,5,0,5,Dermatology,7,9.0,4,11,5,16,37.0,SYNTHETIC_DEVELOPMENT
299,2026-07-04,15,5,1,5,Dermatology,7,9.0,1,4,2,25,13.8,SYNTHETIC_DEVELOPMENT
300,2026-07-04,9,5,1,2,Cardiology,3,19.25,10,12,11,2,180.0,SYNTHETIC_DEVELOPMENT
301,2026-07-04,14,5,1,5,Dermatology,7,9.0,3,5,4,18,31.9,SYNTHETIC_DEVELOPMENT
302,2026-07-04,10,5,1,1,General Medicine,1,11.5,8,12,9,3,88.3,SYNTHETIC_DEVELOPMENT
303,2026-07-04,11,5,1,4,Orthopedics,6,14.5,7,8,8,12,104.1,SYNTHETIC_DEVELOPMENT
304,2026-07-04,14,5,1,4,Orthopedics,6,14.5,2,4,3,13,37.6,SYNTHETIC_DEVELOPMENT
305,2026-07-04,9,5,1,4,Orthopedics,6,14.5,12,12,13,4,178.0,SYNTHETIC_DEVELOPMENT
306,2026-07-04,9,5,1,5,Dermatology,7,9.0,5,8,6,3,45.2,SYNTHETIC_DEVELOPMENT
307,2026-07-04,15,5,1,1,General Medicine,1,11.5,9,12,10,22,130.0,SYNTHETIC_DEVELOPMENT
308,2026-07-04,12,5,0,5,Dermatology,7,9.0,7,8,8,16,64.8,SYNTHETIC_DEVELOPMENT
309,2026-07-04,11,5,1,1,General Medicine,2,10.58,7,11,8,6,79.9,SYNTHETIC_DEVELOPMENT
310,2026-07-04,10,5,1,1,General Medicine,1,11.5,6,12,7,9,72.1,SYNTHETIC_DEVELOPMENT
311,2026-07-04,11,5,1,2,Cardiology,3,19.25,11,13,12,13,180.0,SYNTHETIC_DEVELOPMENT
312,2026-07-04,12,5,0,1,General Medicine,1,11.5,5,6,6,12,52.1,SYNTHETIC_DEVELOPMENT
313,2026-07-04,10,5,1,2,Cardiology,4,16.62,9,12,10,10,164.7,SYNTHETIC_DEVELOPMENT
314,2026-07-04,10,5,1,5,Dermatology,7,9.0,6,12,7,2,61.7,SYNTHETIC_DEVELOPMENT
315,2026-07-04,10,5,1,2,Cardiology,3,19.25,6,8,7,6,118.7,SYNTHETIC_DEVELOPMENT
316,2026-07-04,14,5,1,3,Pediatrics,5,13.65,7,12,8,21,97.2,SYNTHETIC_DEVELOPMENT
317,2026-07-04,17,5,0,1,General Medicine,1,11.5,5,7,6,25,71.1,SYNTHETIC_DEVELOPMENT
318,2026-07-04,13,5,0,5,Dermatology,7,9.0,2,7,3,21,20.8,SYNTHETIC_DEVELOPMENT
319,2026-07-04,14,5,1,3,Pediatrics,5,13.65,8,8,9,21,115.0,SYNTHETIC_DEVELOPMENT
320,2026-07-04,9,5,1,5,Dermatology,7,9.0,5,10,6,2,41.1,SYNTHETIC_DEVELOPMENT
321,2026-07-04,11,5,1,3,Pediatrics,5,13.65,10,13,11,9,135.7,SYNTHETIC_DEVELOPMENT
322,2026-07-04,11,5,1,3,Pediatrics,5,13.65,7,9,8,11,96.9,SYNTHETIC_DEVELOPMENT
323,2026-07-04,15,5,1,2,Cardiology,3,19.25,3,3,4,21,69.8,SYNTHETIC_DEVELOPMENT
324,2026-07-04,14,5,1,4,Orthopedics,6,14.5,5,9,6,22,64.9,SYNTHETIC_DEVELOPMENT
325,2026-07-04,11,5,1,1,General Medicine,2,10.58,9,11,10,10,103.4,SYNTHETIC_DEVELOPMENT
326,2026-07-04,10,5,1,1,General Medicine,1,11.5,8,11,9,5,98.0,SYNTHETIC_DEVELOPMENT
327,2026-07-04,11,5,1,2,Cardiology,4,16.62,16,17,17,14,180.0,SYNTHETIC_DEVELOPMENT
328,2026-07-04,10,5,1,1,General Medicine,1,11.5,10,15,11,6,124.6,SYNTHETIC_DEVELOPMENT
329,2026-07-04,11,5,1,5,Dermatology,7,9.0,15,18,16,12,152.7,SYNTHETIC_DEVELOPMENT
330,2026-07-04,14,5,1,3,Pediatrics,5,13.65,11,14,12,17,173.5,SYNTHETIC_DEVELOPMENT
331,2026-07-04,11,5,1,5,Dermatology,7,9.0,8,9,9,12,90.9,SYNTHETIC_DEVELOPMENT
332,2026-07-04,10,5,1,4,Orthopedics,6,14.5,9,9,10,7,136.5,SYNTHETIC_DEVELOPMENT
333,2026-07-04,14,5,1,1,General Medicine,1,11.5,10,10,11,16,128.5,SYNTHETIC_DEVELOPMENT
334,2026-07-04,9,5,1,1,General Medicine,2,10.58,7,9,8,5,78.4,SYNTHETIC_DEVELOPMENT
335,2026-07-05,10,6,1,5,Dermatology,7,9.0,5,9,6,7,51.9,SYNTHETIC_DEVELOPMENT
336,2026-07-05,10,6,1,1,General Medicine,2,10.58,9,12,10,7,115.1,SYNTHETIC_DEVELOPMENT
337,2026-07-05,10,6,1,2,Cardiology,3,19.25,1,4,2,4,27.1,SYNTHETIC_DEVELOPMENT
338,2026-07-05,15,6,1,3,Pediatrics,5,13.65,2,4,3,24,23.8,SYNTHETIC_DEVELOPMENT
339,2026-07-05,16,6,0,2,Cardiology,3,19.25,2,5,3,30,46.2,SYNTHETIC_DEVELOPMENT
340,2026-07-05,11,6,1,2,Cardiology,4,16.62,5,7,6,6,98.9,SYNTHETIC_DEVELOPMENT
341,2026-07-05,14,6,1,2,Cardiology,3,19.25,8,9,9,20,180.0,SYNTHETIC_DEVELOPMENT
342,2026-07-05,9,6,1,1,General Medicine,1,11.5,3,3,4,1,38.5,SYNTHETIC_DEVELOPMENT
343,2026-07-05,10,6,1,3,Pediatrics,5,13.65,3,5,4,3,46.9,SYNTHETIC_DEVELOPMENT
344,2026-07-05,14,6,1,3,Pediatrics,5,13.65,3,5,4,18,39.9,SYNTHETIC_DEVELOPMENT
345,2026-07-05,11,6,1,3,Pediatrics,5,13.65,8,10,9,15,127.2,SYNTHETIC_DEVELOPMENT
346,2026-07-05,14,6,1,2,Cardiology,3,19.25,4,10,5,19,71.2,SYNTHETIC_DEVELOPMENT
347,2026-07-05,13,6,0,1,General Medicine,1,11.5,1,2,2,16,9.0,SYNTHETIC_DEVELOPMENT
348,2026-07-05,12,6,0,1,General Medicine,2,10.58,9,15,10,15,107.7,SYNTHETIC_DEVELOPMENT
349,2026-07-05,8,6,0,4,Orthopedics,6,14.5,3,6,4,0,48.7,SYNTHETIC_DEVELOPMENT
350,2026-07-05,14,6,1,2,Cardiology,3,19.25,1,3,2,24,20.7,SYNTHETIC_DEVELOPMENT
351,2026-07-05,11,6,1,2,Cardiology,3,19.25,2,4,3,8,44.6,SYNTHETIC_DEVELOPMENT
352,2026-07-05,15,6,1,2,Cardiology,3,19.25,7,8,8,23,136.7,SYNTHETIC_DEVELOPMENT
353,2026-07-05,14,6,1,4,Orthopedics,6,14.5,5,8,6,13,72.8,SYNTHETIC_DEVELOPMENT
354,2026-07-05,9,6,1,1,General Medicine,1,11.5,7,7,8,3,82.5,SYNTHETIC_DEVELOPMENT
355,2026-07-05,16,6,0,2,Cardiology,3,19.25,4,7,5,19,81.9,SYNTHETIC_DEVELOPMENT
356,2026-07-05,9,6,1,3,Pediatrics,5,13.65,6,10,7,1,91.5,SYNTHETIC_DEVELOPMENT
357,2026-07-05,11,6,1,2,Cardiology,4,16.62,7,9,8,10,126.9,SYNTHETIC_DEVELOPMENT
358,2026-07-05,14,6,1,5,Dermatology,7,9.0,1,4,2,12,17.9,SYNTHETIC_DEVELOPMENT
359,2026-07-05,12,6,0,1,General Medicine,1,11.5,3,7,4,17,32.0,SYNTHETIC_DEVELOPMENT
360,2026-07-05,10,6,1,3,Pediatrics,5,13.65,4,8,5,5,57.8,SYNTHETIC_DEVELOPMENT
361,2026-07-05,10,6,1,2,Cardiology,3,19.25,0,3,1,11,5.8,SYNTHETIC_DEVELOPMENT
362,2026-07-05,9,6,1,1,General Medicine,2,10.58,3,9,4,4,40.1,SYNTHETIC_DEVELOPMENT
363,2026-07-05,15,6,1,3,Pediatrics,5,13.65,4,5,5,15,54.6,SYNTHETIC_DEVELOPMENT
364,2026-07-05,10,6,1,2,Cardiology,3,19.25,5,6,6,9,106.0,SYNTHETIC_DEVELOPMENT
365,2026-07-05,10,6,1,3,Pediatrics,5,13.65,5,8,6,8,80.0,SYNTHETIC_DEVELOPMENT
366,2026-07-05,11,6,1,1,General Medicine,1,11.5,2,3,3,16,21.1,SYNTHETIC_DEVELOPMENT
367,2026-07-05,8,6,0,4,Orthopedics,6,14.5,1,3,2,1,12.7,SYNTHETIC_DEVELOPMENT
368,2026-07-05,9,6,1,2,Cardiology,4,16.62,7,11,8,2,122.8,SYNTHETIC_DEVELOPMENT
369,2026-07-05,9,6,1,3,Pediatrics,5,13.65,2,6,3,2,31.7,SYNTHETIC_DEVELOPMENT
370,2026-07-05,14,6,1,1,General Medicine,1,11.5,4,4,5,16,56.1,SYNTHETIC_DEVELOPMENT
371,2026-07-05,15,6,1,1,General Medicine,1,11.5,5,12,6,18,50.2,SYNTHETIC_DEVELOPMENT
372,2026-07-05,15,6,1,2,Cardiology,4,16.62,5,6,6,17,71.4,SYNTHETIC_DEVELOPMENT
373,2026-07-05,14,6,1,3,Pediatrics,5,13.65,3,6,4,21,39.9,SYNTHETIC_DEVELOPMENT
374,2026-07-05,12,6,0,5,Dermatology,7,9.0,5,7,6,13,59.0,SYNTHETIC_DEVELOPMENT
375,2026-07-05,16,6,0,1,General Medicine,1,11.5,2,4,3,25,27.5,SYNTHETIC_DEVELOPMENT
376,2026-07-05,9,6,1,1,General Medicine,1,11.5,2,4,3,3,24.2,SYNTHETIC_DEVELOPMENT
377,2026-07-05,11,6,1,4,Orthopedics,6,14.5,6,6,7,9,113.1,SYNTHETIC_DEVELOPMENT
378,2026-07-05,9,6,1,3,Pediatrics,5,13.65,8,8,9,9,111.5,SYNTHETIC_DEVELOPMENT
379,2026-07-05,10,6,1,3,Pediatrics,5,13.65,3,7,4,5,44.4,SYNTHETIC_DEVELOPMENT
380,2026-07-05,9,6,1,1,General Medicine,1,11.5,8,9,9,2,95.5,SYNTHETIC_DEVELOPMENT
381,2026-07-05,12,6,0,3,Pediatrics,5,13.65,2,6,3,13,30.6,SYNTHETIC_DEVELOPMENT
382,2026-07-05,10,6,1,2,Cardiology,3,19.25,10,12,11,5,180.0,SYNTHETIC_DEVELOPMENT
383,2026-07-05,15,6,1,2,Cardiology,4,16.62,11,15,12,20,180.0,SYNTHETIC_DEVELOPMENT
384,2026-07-05,9,6,1,4,Orthopedics,6,14.5,2,2,3,2,35.0,SYNTHETIC_DEVELOPMENT
385,2026-07-05,12,6,0,4,Orthopedics,6,14.5,3,4,4,15,57.2,SYNTHETIC_DEVELOPMENT
386,2026-07-05,9,6,1,2,Cardiology,3,19.25,5,6,6,8,111.2,SYNTHETIC_DEVELOPMENT
387,2026-07-05,10,6,1,5,Dermatology,7,9.0,2,5,3,6,20.4,SYNTHETIC_DEVELOPMENT
388,2026-07-05,16,6,0,1,General Medicine,1,11.5,2,2,3,29,27.9,SYNTHETIC_DEVELOPMENT
389,2026-07-05,12,6,0,5,Dermatology,7,9.0,3,3,4,11,35.6,SYNTHETIC_DEVELOPMENT
390,2026-07-05,11,6,1,5,Dermatology,7,9.0,7,11,8,13,64.5,SYNTHETIC_DEVELOPMENT
391,2026-07-05,10,6,1,2,Cardiology,3,19.25,7,8,8,7,136.6,SYNTHETIC_DEVELOPMENT
392,2026-07-05,12,6,0,5,Dermatology,7,9.0,1,3,2,13,11.4,SYNTHETIC_DEVELOPMENT
393,2026-07-05,8,6,0,1,General Medicine,2,10.58,4,8,5,2,43.8,SYNTHETIC_DEVELOPMENT
394,2026-07-05,17,6,0,2,Cardiology,4,16.62,3,4,4,25,43.7,SYNTHETIC_DEVELOPMENT
395,2026-07-05,14,6,1,3,Pediatrics,5,13.65,6,8,7,25,87.6,SYNTHETIC_DEVELOPMENT
396,2026-07-05,13,6,0,1,General Medicine,2,10.58,5,6,6,20,66.0,SYNTHETIC_DEVELOPMENT
397,2026-07-05,11,6,1,1,General Medicine,1,11.5,3,6,4,8,45.1,SYNTHETIC_DEVELOPMENT
398,2026-07-05,10,6,1,5,Dermatology,7,9.0,3,5,4,8,33.1,SYNTHETIC_DEVELOPMENT
399,2026-07-05,10,6,1,1,General Medicine,1,11.5,2,3,3,5,25.7,SYNTHETIC_DEVELOPMENT
400,2026-07-05,13,6,0,5,Dermatology,7,9.0,2,5,3,18,19.6,SYNTHETIC_DEVELOPMENT
401,2026-07-05,13,6,0,2,Cardiology,3,19.25,5,8,6,16,97.6,SYNTHETIC_DEVELOPMENT
402,2026-07-05,13,6,0,3,Pediatrics,5,13.65,4,4,5,18,72.4,SYNTHETIC_DEVELOPMENT
403,2026-07-05,15,6,1,2,Cardiology,4,16.62,2,9,3,24,35.3,SYNTHETIC_DEVELOPMENT
404,2026-07-05,11,6,1,3,Pediatrics,5,13.65,3,3,4,14,40.6,SYNTHETIC_DEVELOPMENT
405,2026-07-05,10,6,1,2,Cardiology,3,19.25,7,10,8,8,133.3,SYNTHETIC_DEVELOPMENT
406,2026-07-05,9,6,1,5,Dermatology,7,9.0,4,7,5,4,45.3,SYNTHETIC_DEVELOPMENT
407,2026-07-05,11,6,1,1,General Medicine,1,11.5,1,1,2,11,14.4,SYNTHETIC_DEVELOPMENT
408,2026-07-05,10,6,1,4,Orthopedics,6,14.5,3,4,4,2,52.0,SYNTHETIC_DEVELOPMENT
409,2026-07-05,12,6,0,3,Pediatrics,5,13.65,4,5,5,17,58.9,SYNTHETIC_DEVELOPMENT
410,2026-07-05,9,6,1,4,Orthopedics,6,14.5,5,8,6,6,79.2,SYNTHETIC_DEVELOPMENT
411,2026-07-05,12,6,0,3,Pediatrics,5,13.65,2,2,3,22,26.4,SYNTHETIC_DEVELOPMENT
412,2026-07-05,9,6,1,1,General Medicine,2,10.58,3,4,4,3,34.2,SYNTHETIC_DEVELOPMENT
413,2026-07-05,16,6,0,5,Dermatology,7,9.0,2,4,3,26,28.2,SYNTHETIC_DEVELOPMENT
414,2026-07-05,9,6,1,4,Orthopedics,6,14.5,9,9,10,4,134.4,SYNTHETIC_DEVELOPMENT
415,2026-07-05,10,6,1,2,Cardiology,4,16.62,2,2,3,13,31.8,SYNTHETIC_DEVELOPMENT
416,2026-07-05,16,6,0,5,Dermatology,7,9.0,2,3,3,27,19.0,SYNTHETIC_DEVELOPMENT
417,2026-07-05,10,6,1,3,Pediatrics,5,13.65,2,4,3,6,34.7,SYNTHETIC_DEVELOPMENT
418,2026-07-06,16,0,0,1,General Medicine,2,10.58,4,6,5,27,53.9,SYNTHETIC_DEVELOPMENT
419,2026-07-06,9,0,1,2,Cardiology,3,19.25,6,8,7,2,125.5,SYNTHETIC_DEVELOPMENT
420,2026-07-06,14,0,1,3,Pediatrics,5,13.65,6,10,7,18,79.2,SYNTHETIC_DEVELOPMENT
421,2026-07-06,16,0,0,4,Orthopedics,6,14.5,8,10,9,27,136.2,SYNTHETIC_DEVELOPMENT
422,2026-07-06,12,0,0,4,Orthopedics,6,14.5,5,7,6,16,71.6,SYNTHETIC_DEVELOPMENT
423,2026-07-06,14,0,1,1,General Medicine,1,11.5,8,11,9,15,102.7,SYNTHETIC_DEVELOPMENT
424,2026-07-06,10,0,1,5,Dermatology,7,9.0,11,12,12,7,134.8,SYNTHETIC_DEVELOPMENT
425,2026-07-06,11,0,1,2,Cardiology,3,19.25,8,8,9,13,148.3,SYNTHETIC_DEVELOPMENT
426,2026-07-06,13,0,0,4,Orthopedics,6,14.5,4,9,5,25,60.9,SYNTHETIC_DEVELOPMENT
427,2026-07-06,11,0,1,4,Orthopedics,6,14.5,9,11,10,10,142.8,SYNTHETIC_DEVELOPMENT
428,2026-07-06,9,0,1,5,Dermatology,7,9.0,11,14,12,5,102.0,SYNTHETIC_DEVELOPMENT
429,2026-07-06,11,0,1,1,General Medicine,2,10.58,8,10,9,7,87.5,SYNTHETIC_DEVELOPMENT
430,2026-07-06,9,0,1,2,Cardiology,3,19.25,9,11,10,3,171.2,SYNTHETIC_DEVELOPMENT
431,2026-07-06,12,0,0,1,General Medicine,2,10.58,2,5,3,11,23.0,SYNTHETIC_DEVELOPMENT
432,2026-07-06,10,0,1,2,Cardiology,4,16.62,9,10,10,6,173.8,SYNTHETIC_DEVELOPMENT
433,2026-07-06,13,0,0,5,Dermatology,7,9.0,5,8,6,13,50.0,SYNTHETIC_DEVELOPMENT
434,2026-07-06,10,0,1,1,General Medicine,2,10.58,6,7,7,9,81.1,SYNTHETIC_DEVELOPMENT
435,2026-07-06,16,0,0,2,Cardiology,4,16.62,1,5,2,28,15.6,SYNTHETIC_DEVELOPMENT
436,2026-07-06,10,0,1,1,General Medicine,1,11.5,7,8,8,6,83.8,SYNTHETIC_DEVELOPMENT
437,2026-07-06,9,0,1,1,General Medicine,1,11.5,9,10,10,7,149.3,SYNTHETIC_DEVELOPMENT
438,2026-07-06,12,0,0,4,Orthopedics,6,14.5,4,11,5,14,66.6,SYNTHETIC_DEVELOPMENT
439,2026-07-06,8,0,0,5,Dermatology,7,9.0,8,11,9,1,85.4,SYNTHETIC_DEVELOPMENT
440,2026-07-06,9,0,1,3,Pediatrics,5,13.65,10,14,11,2,133.8,SYNTHETIC_DEVELOPMENT
441,2026-07-06,9,0,1,4,Orthopedics,6,14.5,13,15,14,2,180.0,SYNTHETIC_DEVELOPMENT
442,2026-07-06,10,0,1,3,Pediatrics,5,13.65,5,6,6,6,72.3,SYNTHETIC_DEVELOPMENT
443,2026-07-06,9,0,1,2,Cardiology,4,16.62,7,11,8,5,134.3,SYNTHETIC_DEVELOPMENT
444,2026-07-06,14,0,1,1,General Medicine,1,11.5,8,9,9,22,102.5,SYNTHETIC_DEVELOPMENT
445,2026-07-06,14,0,1,3,Pediatrics,5,13.65,3,7,4,15,45.2,SYNTHETIC_DEVELOPMENT
446,2026-07-06,10,0,1,4,Orthopedics,6,14.5,6,8,7,10,107.7,SYNTHETIC_DEVELOPMENT
447,2026-07-06,10,0,1,3,Pediatrics,5,13.65,4,5,5,3,62.1,SYNTHETIC_DEVELOPMENT
448,2026-07-06,11,0,1,1,General Medicine,2,10.58,9,10,10,12,73.2,SYNTHETIC_DEVELOPMENT
449,2026-07-06,11,0,1,5,Dermatology,7,9.0,15,17,16,10,145.4,SYNTHETIC_DEVELOPMENT
450,2026-07-06,10,0,1,4,Orthopedics,6,14.5,4,6,5,7,59.0,SYNTHETIC_DEVELOPMENT
451,2026-07-06,14,0,1,4,Orthopedics,6,14.5,7,10,8,25,94.5,SYNTHETIC_DEVELOPMENT
452,2026-07-06,12,0,0,5,Dermatology,7,9.0,2,5,3,10,17.5,SYNTHETIC_DEVELOPMENT
453,2026-07-06,14,0,1,3,Pediatrics,5,13.65,7,9,8,30,119.0,SYNTHETIC_DEVELOPMENT
454,2026-07-06,10,0,1,3,Pediatrics,5,13.65,14,14,15,11,180.0,SYNTHETIC_DEVELOPMENT
455,2026-07-06,8,0,0,5,Dermatology,7,9.0,2,5,3,0,16.5,SYNTHETIC_DEVELOPMENT
456,2026-07-06,14,0,1,4,Orthopedics,6,14.5,8,8,9,25,120.5,SYNTHETIC_DEVELOPMENT
457,2026-07-06,9,0,1,2,Cardiology,3,19.25,10,13,11,0,180.0,SYNTHETIC_DEVELOPMENT
458,2026-07-06,14,0,1,2,Cardiology,4,16.62,6,7,7,11,94.6,SYNTHETIC_DEVELOPMENT
459,2026-07-06,14,0,1,1,General Medicine,2,10.58,8,10,9,19,70.5,SYNTHETIC_DEVELOPMENT
460,2026-07-06,12,0,0,2,Cardiology,3,19.25,4,9,5,11,71.3,SYNTHETIC_DEVELOPMENT
461,2026-07-06,9,0,1,1,General Medicine,2,10.58,7,8,8,2,88.0,SYNTHETIC_DEVELOPMENT
462,2026-07-06,9,0,1,4,Orthopedics,6,14.5,10,12,11,5,143.1,SYNTHETIC_DEVELOPMENT
463,2026-07-06,10,0,1,4,Orthopedics,6,14.5,8,10,9,7,121.8,SYNTHETIC_DEVELOPMENT
464,2026-07-06,9,0,1,1,General Medicine,1,11.5,5,11,6,6,71.3,SYNTHETIC_DEVELOPMENT
465,2026-07-06,9,0,1,4,Orthopedics,6,14.5,9,15,10,4,148.8,SYNTHETIC_DEVELOPMENT
466,2026-07-06,9,0,1,3,Pediatrics,5,13.65,7,9,8,5,87.0,SYNTHETIC_DEVELOPMENT
467,2026-07-06,10,0,1,3,Pediatrics,5,13.65,11,14,12,6,153.9,SYNTHETIC_DEVELOPMENT
468,2026-07-06,8,0,0,2,Cardiology,3,19.25,6,12,7,0,139.1,SYNTHETIC_DEVELOPMENT
469,2026-07-06,9,0,1,2,Cardiology,4,16.62,9,9,10,2,170.0,SYNTHETIC_DEVELOPMENT
470,2026-07-06,10,0,1,2,Cardiology,4,16.62,8,13,9,11,135.0,SYNTHETIC_DEVELOPMENT
471,2026-07-06,16,0,0,4,Orthopedics,6,14.5,4,6,5,32,54.7,SYNTHETIC_DEVELOPMENT
472,2026-07-06,15,0,1,2,Cardiology,4,16.62,3,7,4,14,55.0,SYNTHETIC_DEVELOPMENT
473,2026-07-06,14,0,1,3,Pediatrics,5,13.65,6,7,7,16,101.4,SYNTHETIC_DEVELOPMENT
474,2026-07-06,16,0,0,4,Orthopedics,6,14.5,6,10,7,19,91.3,SYNTHETIC_DEVELOPMENT
475,2026-07-06,14,0,1,4,Orthopedics,6,14.5,6,10,7,23,98.5,SYNTHETIC_DEVELOPMENT
476,2026-07-06,11,0,1,3,Pediatrics,5,13.65,12,12,13,12,180.0,SYNTHETIC_DEVELOPMENT
477,2026-07-06,12,0,0,2,Cardiology,4,16.62,2,5,3,10,27.0,SYNTHETIC_DEVELOPMENT
478,2026-07-06,10,0,1,5,Dermatology,7,9.0,10,10,11,9,87.9,SYNTHETIC_DEVELOPMENT
479,2026-07-06,10,0,1,2,Cardiology,4,16.62,9,9,10,12,155.7,SYNTHETIC_DEVELOPMENT
480,2026-07-06,9,0,1,5,Dermatology,7,9.0,7,9,8,0,70.9,SYNTHETIC_DEVELOPMENT
481,2026-07-06,12,0,0,2,Cardiology,4,16.62,1,2,2,9,10.8,SYNTHETIC_DEVELOPMENT
482,2026-07-06,15,0,1,1,General Medicine,2,10.58,10,10,11,17,110.1,SYNTHETIC_DEVELOPMENT
483,2026-07-06,8,0,0,4,Orthopedics,6,14.5,8,12,9,0,125.7,SYNTHETIC_DEVELOPMENT
484,2026-07-06,9,0,1,4,Orthopedics,6,14.5,15,17,16,3,180.0,SYNTHETIC_DEVELOPMENT
485,2026-07-06,8,0,0,4,Orthopedics,6,14.5,5,8,6,1,70.4,SYNTHETIC_DEVELOPMENT
486,2026-07-06,11,0,1,1,General Medicine,2,10.58,7,8,8,13,86.0,SYNTHETIC_DEVELOPMENT
487,2026-07-06,10,0,1,1,General Medicine,1,11.5,7,7,8,5,94.6,SYNTHETIC_DEVELOPMENT
488,2026-07-06,11,0,1,1,General Medicine,1,11.5,6,9,7,10,87.5,SYNTHETIC_DEVELOPMENT
489,2026-07-06,11,0,1,1,General Medicine,1,11.5,9,9,10,11,121.6,SYNTHETIC_DEVELOPMENT
490,2026-07-06,15,0,1,4,Orthopedics,6,14.5,10,15,11,19,159.0,SYNTHETIC_DEVELOPMENT
491,2026-07-06,11,0,1,2,Cardiology,4,16.62,6,7,7,15,93.5,SYNTHETIC_DEVELOPMENT
492,2026-07-06,15,0,1,2,Cardiology,4,16.62,7,9,8,30,132.8,SYNTHETIC_DEVELOPMENT
493,2026-07-06,16,0,0,2,Cardiology,4,16.62,3,7,4,15,48.1,SYNTHETIC_DEVELOPMENT
494,2026-07-06,15,0,1,2,Cardiology,3,19.25,9,11,10,24,178.7,SYNTHETIC_DEVELOPMENT
495,2026-07-06,13,0,0,4,Orthopedics,6,14.5,2,3,3,16,24.8,SYNTHETIC_DEVELOPMENT
496,2026-07-06,11,0,1,5,Dermatology,7,9.0,7,9,8,11,82.2,SYNTHETIC_DEVELOPMENT
497,2026-07-06,9,0,1,2,Cardiology,4,16.62,5,8,6,4,84.4,SYNTHETIC_DEVELOPMENT
498,2026-07-06,11,0,1,1,General Medicine,2,10.58,7,13,8,10,79.4,SYNTHETIC_DEVELOPMENT
499,2026-07-06,9,0,1,2,Cardiology,3,19.25,7,10,8,3,116.1,SYNTHETIC_DEVELOPMENT
500,2026-07-06,10,0,1,2,Cardiology,3,19.25,6,11,7,5,124.8,SYNTHETIC_DEVELOPMENT
501,2026-07-07,12,1,0,4,Orthopedics,6,14.5,4,7,5,11,58.5,SYNTHETIC_DEVELOPMENT
502,2026-07-07,10,1,1,3,Pediatrics,5,13.65,3,3,4,4,41.5,SYNTHETIC_DEVELOPMENT
503,2026-07-07,11,1,1,1,General Medicine,2,10.58,8,14,9,16,98.5,SYNTHETIC_DEVELOPMENT
504,2026-07-07,17,1,0,1,General Medicine,1,11.5,2,3,3,30,36.6,SYNTHETIC_DEVELOPMENT
505,2026-07-07,16,1,0,5,Dermatology,7,9.0,7,9,8,29,69.6,SYNTHETIC_DEVELOPMENT
506,2026-07-07,16,1,0,1,General Medicine,2,10.58,2,3,3,16,24.6,SYNTHETIC_DEVELOPMENT
507,2026-07-07,9,1,1,2,Cardiology,3,19.25,5,8,6,7,118.5,SYNTHETIC_DEVELOPMENT
508,2026-07-07,11,1,1,4,Orthopedics,6,14.5,4,9,5,15,60.2,SYNTHETIC_DEVELOPMENT
509,2026-07-07,14,1,1,1,General Medicine,1,11.5,6,7,7,10,82.8,SYNTHETIC_DEVELOPMENT
510,2026-07-07,9,1,1,3,Pediatrics,5,13.65,9,11,10,4,144.0,SYNTHETIC_DEVELOPMENT
511,2026-07-07,9,1,1,2,Cardiology,3,19.25,9,10,10,3,179.1,SYNTHETIC_DEVELOPMENT
512,2026-07-07,10,1,1,4,Orthopedics,6,14.5,4,6,5,8,59.5,SYNTHETIC_DEVELOPMENT
513,2026-07-07,11,1,1,4,Orthopedics,6,14.5,8,8,9,11,114.2,SYNTHETIC_DEVELOPMENT
514,2026-07-07,10,1,1,2,Cardiology,3,19.25,10,13,11,6,180.0,SYNTHETIC_DEVELOPMENT
515,2026-07-07,10,1,1,2,Cardiology,3,19.25,5,6,6,8,87.1,SYNTHETIC_DEVELOPMENT
516,2026-07-07,14,1,1,3,Pediatrics,5,13.65,7,8,8,21,123.9,SYNTHETIC_DEVELOPMENT
517,2026-07-07,15,1,1,3,Pediatrics,5,13.65,8,10,9,21,109.3,SYNTHETIC_DEVELOPMENT
518,2026-07-07,10,1,1,1,General Medicine,2,10.58,6,8,7,5,67.6,SYNTHETIC_DEVELOPMENT
519,2026-07-07,15,1,1,5,Dermatology,7,9.0,6,11,7,15,77.0,SYNTHETIC_DEVELOPMENT
520,2026-07-07,9,1,1,1,General Medicine,1,11.5,4,6,5,5,43.9,SYNTHETIC_DEVELOPMENT
521,2026-07-07,15,1,1,2,Cardiology,4,16.62,9,11,10,28,180.0,SYNTHETIC_DEVELOPMENT
522,2026-07-07,12,1,0,1,General Medicine,2,10.58,1,2,2,12,7.4,SYNTHETIC_DEVELOPMENT
523,2026-07-07,11,1,1,4,Orthopedics,6,14.5,6,10,7,9,95.9,SYNTHETIC_DEVELOPMENT
524,2026-07-07,9,1,1,3,Pediatrics,5,13.65,9,10,10,6,161.9,SYNTHETIC_DEVELOPMENT
525,2026-07-07,15,1,1,2,Cardiology,3,19.25,9,10,10,28,180.0,SYNTHETIC_DEVELOPMENT
526,2026-07-07,14,1,1,5,Dermatology,7,9.0,9,10,10,23,93.6,SYNTHETIC_DEVELOPMENT
527,2026-07-07,10,1,1,1,General Medicine,1,11.5,10,13,11,6,142.2,SYNTHETIC_DEVELOPMENT
528,2026-07-07,8,1,0,1,General Medicine,1,11.5,4,8,5,0,44.6,SYNTHETIC_DEVELOPMENT
529,2026-07-07,9,1,1,1,General Medicine,1,11.5,12,17,13,3,157.6,SYNTHETIC_DEVELOPMENT
530,2026-07-07,12,1,0,2,Cardiology,4,16.62,7,8,8,14,117.3,SYNTHETIC_DEVELOPMENT
531,2026-07-07,11,1,1,2,Cardiology,3,19.25,5,8,6,13,115.7,SYNTHETIC_DEVELOPMENT
532,2026-07-07,12,1,0,2,Cardiology,3,19.25,6,10,7,14,126.6,SYNTHETIC_DEVELOPMENT
533,2026-07-07,11,1,1,1,General Medicine,2,10.58,3,5,4,5,43.7,SYNTHETIC_DEVELOPMENT
534,2026-07-07,16,1,0,5,Dermatology,7,9.0,3,6,4,25,33.7,SYNTHETIC_DEVELOPMENT
535,2026-07-07,11,1,1,1,General Medicine,1,11.5,5,8,6,8,54.0,SYNTHETIC_DEVELOPMENT
536,2026-07-07,8,1,0,1,General Medicine,2,10.58,8,10,9,0,99.0,SYNTHETIC_DEVELOPMENT
537,2026-07-07,16,1,0,1,General Medicine,2,10.58,4,5,5,22,36.5,SYNTHETIC_DEVELOPMENT
538,2026-07-07,10,1,1,5,Dermatology,7,9.0,6,7,7,12,72.1,SYNTHETIC_DEVELOPMENT
539,2026-07-07,10,1,1,4,Orthopedics,6,14.5,3,4,4,7,49.4,SYNTHETIC_DEVELOPMENT
540,2026-07-07,13,1,0,1,General Medicine,1,11.5,5,8,6,12,64.4,SYNTHETIC_DEVELOPMENT
541,2026-07-07,10,1,1,2,Cardiology,4,16.62,8,8,9,2,129.9,SYNTHETIC_DEVELOPMENT
542,2026-07-07,14,1,1,1,General Medicine,1,11.5,7,8,8,19,86.4,SYNTHETIC_DEVELOPMENT
543,2026-07-07,11,1,1,2,Cardiology,4,16.62,6,7,7,12,88.5,SYNTHETIC_DEVELOPMENT
544,2026-07-07,10,1,1,2,Cardiology,3,19.25,2,5,3,8,47.4,SYNTHETIC_DEVELOPMENT
545,2026-07-07,11,1,1,1,General Medicine,1,11.5,8,9,9,10,88.8,SYNTHETIC_DEVELOPMENT
546,2026-07-07,9,1,1,1,General Medicine,1,11.5,6,7,7,1,70.4,SYNTHETIC_DEVELOPMENT
547,2026-07-07,11,1,1,1,General Medicine,1,11.5,6,10,7,6,75.3,SYNTHETIC_DEVELOPMENT
548,2026-07-07,17,1,0,5,Dermatology,7,9.0,10,14,11,27,97.3,SYNTHETIC_DEVELOPMENT
549,2026-07-07,15,1,1,2,Cardiology,3,19.25,4,6,5,25,83.1,SYNTHETIC_DEVELOPMENT
550,2026-07-07,11,1,1,1,General Medicine,2,10.58,11,13,12,6,131.0,SYNTHETIC_DEVELOPMENT
551,2026-07-07,11,1,1,2,Cardiology,4,16.62,9,10,10,16,162.7,SYNTHETIC_DEVELOPMENT
552,2026-07-07,15,1,1,4,Orthopedics,6,14.5,7,12,8,28,100.0,SYNTHETIC_DEVELOPMENT
553,2026-07-07,9,1,1,2,Cardiology,3,19.25,2,5,3,3,29.2,SYNTHETIC_DEVELOPMENT
554,2026-07-07,10,1,1,4,Orthopedics,6,14.5,5,11,6,4,92.2,SYNTHETIC_DEVELOPMENT
555,2026-07-07,14,1,1,5,Dermatology,7,9.0,9,9,10,20,98.3,SYNTHETIC_DEVELOPMENT
556,2026-07-07,9,1,1,5,Dermatology,7,9.0,6,7,7,4,69.7,SYNTHETIC_DEVELOPMENT
557,2026-07-07,15,1,1,4,Orthopedics,6,14.5,5,8,6,24,90.5,SYNTHETIC_DEVELOPMENT
558,2026-07-07,9,1,1,1,General Medicine,1,11.5,9,11,10,1,99.7,SYNTHETIC_DEVELOPMENT
559,2026-07-07,8,1,0,1,General Medicine,1,11.5,5,6,6,1,50.0,SYNTHETIC_DEVELOPMENT
560,2026-07-07,14,1,1,3,Pediatrics,5,13.65,5,5,6,21,68.7,SYNTHETIC_DEVELOPMENT
561,2026-07-07,16,1,0,5,Dermatology,7,9.0,2,3,3,17,15.6,SYNTHETIC_DEVELOPMENT
562,2026-07-07,16,1,0,4,Orthopedics,6,14.5,0,0,1,20,0.7,SYNTHETIC_DEVELOPMENT
563,2026-07-07,14,1,1,4,Orthopedics,6,14.5,9,12,10,22,138.4,SYNTHETIC_DEVELOPMENT
564,2026-07-07,10,1,1,2,Cardiology,4,16.62,6,8,7,4,107.7,SYNTHETIC_DEVELOPMENT
565,2026-07-07,14,1,1,3,Pediatrics,5,13.65,5,9,6,30,71.1,SYNTHETIC_DEVELOPMENT
566,2026-07-07,9,1,1,5,Dermatology,7,9.0,6,6,7,3,60.2,SYNTHETIC_DEVELOPMENT
567,2026-07-07,12,1,0,3,Pediatrics,5,13.65,0,4,1,8,4.1,SYNTHETIC_DEVELOPMENT
568,2026-07-07,11,1,1,3,Pediatrics,5,13.65,6,10,7,18,99.6,SYNTHETIC_DEVELOPMENT
569,2026-07-07,9,1,1,5,Dermatology,7,9.0,10,13,11,4,106.9,SYNTHETIC_DEVELOPMENT
570,2026-07-07,9,1,1,4,Orthopedics,6,14.5,10,13,11,4,145.8,SYNTHETIC_DEVELOPMENT
571,2026-07-07,13,1,0,3,Pediatrics,5,13.65,2,7,3,8,29.9,SYNTHETIC_DEVELOPMENT
572,2026-07-07,14,1,1,5,Dermatology,7,9.0,4,5,5,13,41.0,SYNTHETIC_DEVELOPMENT
573,2026-07-07,14,1,1,2,Cardiology,4,16.62,5,7,6,15,87.1,SYNTHETIC_DEVELOPMENT
574,2026-07-07,11,1,1,1,General Medicine,1,11.5,5,6,6,6,61.3,SYNTHETIC_DEVELOPMENT
575,2026-07-07,9,1,1,2,Cardiology,3,19.25,5,6,6,3,122.3,SYNTHETIC_DEVELOPMENT
576,2026-07-07,13,1,0,1,General Medicine,1,11.5,4,5,5,12,51.4,SYNTHETIC_DEVELOPMENT
577,2026-07-07,11,1,1,4,Orthopedics,6,14.5,2,6,3,9,34.8,SYNTHETIC_DEVELOPMENT
578,2026-07-07,14,1,1,2,Cardiology,3,19.25,6,7,7,23,114.1,SYNTHETIC_DEVELOPMENT
579,2026-07-07,11,1,1,1,General Medicine,1,11.5,5,5,6,12,58.2,SYNTHETIC_DEVELOPMENT
580,2026-07-07,9,1,1,1,General Medicine,1,11.5,6,8,7,4,72.0,SYNTHETIC_DEVELOPMENT
581,2026-07-07,12,1,0,2,Cardiology,4,16.62,3,4,4,9,70.5,SYNTHETIC_DEVELOPMENT
582,2026-07-07,9,1,1,1,General Medicine,1,11.5,3,5,4,4,38.7,SYNTHETIC_DEVELOPMENT
583,2026-07-07,9,1,1,2,Cardiology,4,16.62,10,12,11,3,180.0,SYNTHETIC_DEVELOPMENT
584,2026-07-07,13,1,0,2,Cardiology,4,16.62,5,7,6,19,124.0,SYNTHETIC_DEVELOPMENT
585,2026-07-08,10,2,1,4,Orthopedics,6,14.5,10,11,11,5,152.1,SYNTHETIC_DEVELOPMENT
586,2026-07-08,14,2,1,2,Cardiology,4,16.62,7,8,8,22,119.8,SYNTHETIC_DEVELOPMENT
587,2026-07-08,9,2,1,2,Cardiology,4,16.62,5,7,6,4,90.7,SYNTHETIC_DEVELOPMENT
588,2026-07-08,9,2,1,5,Dermatology,7,9.0,8,12,9,5,75.8,SYNTHETIC_DEVELOPMENT
589,2026-07-08,14,2,1,4,Orthopedics,6,14.5,3,6,4,17,49.1,SYNTHETIC_DEVELOPMENT
590,2026-07-08,14,2,1,2,Cardiology,3,19.25,6,7,7,14,122.9,SYNTHETIC_DEVELOPMENT
591,2026-07-08,14,2,1,1,General Medicine,2,10.58,6,6,7,14,80.8,SYNTHETIC_DEVELOPMENT
592,2026-07-08,15,2,1,2,Cardiology,3,19.25,10,11,11,30,177.7,SYNTHETIC_DEVELOPMENT
593,2026-07-08,14,2,1,3,Pediatrics,5,13.65,7,8,8,18,97.3,SYNTHETIC_DEVELOPMENT
594,2026-07-08,12,2,0,2,Cardiology,3,19.25,1,5,2,13,18.1,SYNTHETIC_DEVELOPMENT
595,2026-07-08,9,2,1,1,General Medicine,1,11.5,12,14,13,7,127.1,SYNTHETIC_DEVELOPMENT
596,2026-07-08,15,2,1,2,Cardiology,3,19.25,9,10,10,19,180.0,SYNTHETIC_DEVELOPMENT
597,2026-07-08,9,2,1,2,Cardiology,3,19.25,8,9,9,3,171.8,SYNTHETIC_DEVELOPMENT
598,2026-07-08,9,2,1,2,Cardiology,4,16.62,5,7,6,1,92.6,SYNTHETIC_DEVELOPMENT
599,2026-07-08,17,2,0,5,Dermatology,7,9.0,2,3,3,35,21.8,SYNTHETIC_DEVELOPMENT
600,2026-07-08,10,2,1,3,Pediatrics,5,13.65,6,6,7,5,88.4,SYNTHETIC_DEVELOPMENT
601,2026-07-08,8,2,0,4,Orthopedics,6,14.5,2,3,3,2,28.4,SYNTHETIC_DEVELOPMENT
602,2026-07-08,13,2,0,5,Dermatology,7,9.0,5,7,6,19,40.5,SYNTHETIC_DEVELOPMENT
603,2026-07-08,16,2,0,1,General Medicine,2,10.58,2,3,3,15,33.4,SYNTHETIC_DEVELOPMENT
604,2026-07-08,10,2,1,2,Cardiology,4,16.62,4,7,5,8,82.3,SYNTHETIC_DEVELOPMENT
605,2026-07-08,12,2,0,5,Dermatology,7,9.0,5,8,6,16,56.9,SYNTHETIC_DEVELOPMENT
606,2026-07-08,15,2,1,5,Dermatology,7,9.0,9,11,10,25,88.9,SYNTHETIC_DEVELOPMENT
607,2026-07-08,10,2,1,1,General Medicine,1,11.5,7,10,8,6,120.6,SYNTHETIC_DEVELOPMENT
608,2026-07-08,15,2,1,4,Orthopedics,6,14.5,9,10,10,29,127.7,SYNTHETIC_DEVELOPMENT
609,2026-07-08,8,2,0,1,General Medicine,2,10.58,2,5,3,1,28.5,SYNTHETIC_DEVELOPMENT
610,2026-07-08,13,2,0,5,Dermatology,7,9.0,4,4,5,19,42.0,SYNTHETIC_DEVELOPMENT
611,2026-07-08,10,2,1,2,Cardiology,3,19.25,6,10,7,6,117.0,SYNTHETIC_DEVELOPMENT
612,2026-07-08,8,2,0,4,Orthopedics,6,14.5,6,8,7,0,113.8,SYNTHETIC_DEVELOPMENT
613,2026-07-08,9,2,1,5,Dermatology,7,9.0,7,9,8,3,59.1,SYNTHETIC_DEVELOPMENT
614,2026-07-08,14,2,1,4,Orthopedics,6,14.5,6,10,7,20,117.9,SYNTHETIC_DEVELOPMENT
615,2026-07-08,9,2,1,2,Cardiology,3,19.25,2,8,3,5,22.0,SYNTHETIC_DEVELOPMENT
616,2026-07-08,12,2,0,5,Dermatology,7,9.0,3,7,4,9,27.2,SYNTHETIC_DEVELOPMENT
617,2026-07-08,11,2,1,4,Orthopedics,6,14.5,7,13,8,12,97.3,SYNTHETIC_DEVELOPMENT
618,2026-07-08,12,2,0,5,Dermatology,7,9.0,3,4,4,13,38.6,SYNTHETIC_DEVELOPMENT
619,2026-07-08,10,2,1,3,Pediatrics,5,13.65,6,6,7,5,83.4,SYNTHETIC_DEVELOPMENT
620,2026-07-08,9,2,1,2,Cardiology,4,16.62,5,6,6,4,112.9,SYNTHETIC_DEVELOPMENT
621,2026-07-08,14,2,1,1,General Medicine,1,11.5,7,10,8,24,100.0,SYNTHETIC_DEVELOPMENT
622,2026-07-08,16,2,0,4,Orthopedics,6,14.5,4,8,5,20,60.7,SYNTHETIC_DEVELOPMENT
623,2026-07-08,10,2,1,2,Cardiology,3,19.25,6,10,7,9,129.8,SYNTHETIC_DEVELOPMENT
624,2026-07-08,12,2,0,3,Pediatrics,5,13.65,4,4,5,10,50.7,SYNTHETIC_DEVELOPMENT
625,2026-07-08,10,2,1,4,Orthopedics,6,14.5,5,8,6,8,86.2,SYNTHETIC_DEVELOPMENT
626,2026-07-08,9,2,1,4,Orthopedics,6,14.5,7,9,8,2,101.1,SYNTHETIC_DEVELOPMENT
627,2026-07-08,10,2,1,5,Dermatology,7,9.0,7,11,8,5,81.6,SYNTHETIC_DEVELOPMENT
628,2026-07-08,10,2,1,2,Cardiology,4,16.62,6,8,7,12,105.2,SYNTHETIC_DEVELOPMENT
629,2026-07-08,9,2,1,5,Dermatology,7,9.0,6,6,7,0,54.2,SYNTHETIC_DEVELOPMENT
630,2026-07-08,11,2,1,2,Cardiology,4,16.62,7,11,8,8,120.0,SYNTHETIC_DEVELOPMENT
631,2026-07-08,9,2,1,4,Orthopedics,6,14.5,4,6,5,5,59.9,SYNTHETIC_DEVELOPMENT
632,2026-07-08,10,2,1,1,General Medicine,2,10.58,5,7,6,7,59.8,SYNTHETIC_DEVELOPMENT
633,2026-07-08,15,2,1,5,Dermatology,7,9.0,5,7,6,19,55.2,SYNTHETIC_DEVELOPMENT
634,2026-07-08,17,2,0,1,General Medicine,2,10.58,3,6,4,24,28.2,SYNTHETIC_DEVELOPMENT
635,2026-07-08,10,2,1,5,Dermatology,7,9.0,5,6,6,7,60.8,SYNTHETIC_DEVELOPMENT
636,2026-07-08,10,2,1,5,Dermatology,7,9.0,6,9,7,10,66.7,SYNTHETIC_DEVELOPMENT
637,2026-07-08,9,2,1,1,General Medicine,2,10.58,6,9,7,4,67.3,SYNTHETIC_DEVELOPMENT
638,2026-07-08,9,2,1,2,Cardiology,3,19.25,8,12,9,11,147.7,SYNTHETIC_DEVELOPMENT
639,2026-07-08,11,2,1,3,Pediatrics,5,13.65,5,6,6,9,75.1,SYNTHETIC_DEVELOPMENT
640,2026-07-08,14,2,1,2,Cardiology,3,19.25,11,13,12,23,180.0,SYNTHETIC_DEVELOPMENT
641,2026-07-08,10,2,1,3,Pediatrics,5,13.65,8,10,9,8,111.0,SYNTHETIC_DEVELOPMENT
642,2026-07-08,15,2,1,1,General Medicine,1,11.5,7,10,8,29,92.5,SYNTHETIC_DEVELOPMENT
643,2026-07-08,10,2,1,4,Orthopedics,6,14.5,6,11,7,7,80.1,SYNTHETIC_DEVELOPMENT
644,2026-07-08,9,2,1,2,Cardiology,3,19.25,7,9,8,0,134.0,SYNTHETIC_DEVELOPMENT
645,2026-07-08,14,2,1,2,Cardiology,4,16.62,4,8,5,28,61.7,SYNTHETIC_DEVELOPMENT
646,2026-07-08,12,2,0,2,Cardiology,3,19.25,3,6,4,16,84.6,SYNTHETIC_DEVELOPMENT
647,2026-07-08,10,2,1,2,Cardiology,3,19.25,5,6,6,5,115.0,SYNTHETIC_DEVELOPMENT
648,2026-07-08,9,2,1,3,Pediatrics,5,13.65,7,12,8,5,87.1,SYNTHETIC_DEVELOPMENT
649,2026-07-08,11,2,1,4,Orthopedics,6,14.5,5,8,6,13,70.7,SYNTHETIC_DEVELOPMENT
650,2026-07-08,8,2,0,3,Pediatrics,5,13.65,3,6,4,2,39.5,SYNTHETIC_DEVELOPMENT
651,2026-07-08,9,2,1,1,General Medicine,1,11.5,7,8,8,1,103.7,SYNTHETIC_DEVELOPMENT
652,2026-07-08,14,2,1,3,Pediatrics,5,13.65,7,12,8,18,106.4,SYNTHETIC_DEVELOPMENT
653,2026-07-08,13,2,0,1,General Medicine,2,10.58,4,5,5,15,46.1,SYNTHETIC_DEVELOPMENT
654,2026-07-08,15,2,1,4,Orthopedics,6,14.5,3,4,4,25,51.9,SYNTHETIC_DEVELOPMENT
655,2026-07-08,10,2,1,2,Cardiology,3,19.25,4,9,5,6,68.0,SYNTHETIC_DEVELOPMENT
656,2026-07-08,12,2,0,1,General Medicine,2,10.58,7,12,8,18,78.1,SYNTHETIC_DEVELOPMENT
657,2026-07-08,16,2,0,5,Dermatology,7,9.0,0,3,1,20,1.9,SYNTHETIC_DEVELOPMENT
658,2026-07-08,16,2,0,4,Orthopedics,6,14.5,3,4,4,32,45.1,SYNTHETIC_DEVELOPMENT
659,2026-07-08,14,2,1,1,General Medicine,2,10.58,6,9,7,27,62.4,SYNTHETIC_DEVELOPMENT
660,2026-07-08,13,2,0,3,Pediatrics,5,13.65,0,2,1,22,1.4,SYNTHETIC_DEVELOPMENT
661,2026-07-08,9,2,1,1,General Medicine,1,11.5,7,9,8,6,96.1,SYNTHETIC_DEVELOPMENT
662,2026-07-08,17,2,0,3,Pediatrics,5,13.65,4,6,5,35,64.4,SYNTHETIC_DEVELOPMENT
663,2026-07-08,11,2,1,2,Cardiology,4,16.62,6,12,7,7,119.1,SYNTHETIC_DEVELOPMENT
664,2026-07-08,10,2,1,2,Cardiology,4,16.62,5,6,6,8,77.2,SYNTHETIC_DEVELOPMENT
665,2026-07-08,11,2,1,2,Cardiology,4,16.62,6,7,7,11,126.7,SYNTHETIC_DEVELOPMENT
666,2026-07-08,11,2,1,2,Cardiology,3,19.25,5,7,6,11,94.7,SYNTHETIC_DEVELOPMENT
667,2026-07-08,9,2,1,3,Pediatrics,5,13.65,5,8,6,4,75.2,SYNTHETIC_DEVELOPMENT
668,2026-07-09,9,3,1,4,Orthopedics,6,14.5,3,6,4,2,38.8,SYNTHETIC_DEVELOPMENT
669,2026-07-09,10,3,1,1,General Medicine,1,11.5,7,8,8,2,81.1,SYNTHETIC_DEVELOPMENT
670,2026-07-09,11,3,1,2,Cardiology,3,19.25,11,13,12,7,180.0,SYNTHETIC_DEVELOPMENT
671,2026-07-09,11,3,1,3,Pediatrics,5,13.65,10,12,11,6,141.3,SYNTHETIC_DEVELOPMENT
672,2026-07-09,10,3,1,1,General Medicine,1,11.5,6,8,7,3,72.3,SYNTHETIC_DEVELOPMENT
673,2026-07-09,14,3,1,3,Pediatrics,5,13.65,4,6,5,22,51.6,SYNTHETIC_DEVELOPMENT
674,2026-07-09,11,3,1,5,Dermatology,7,9.0,5,8,6,13,51.5,SYNTHETIC_DEVELOPMENT
675,2026-07-09,8,3,0,1,General Medicine,2,10.58,6,8,7,0,51.2,SYNTHETIC_DEVELOPMENT
676,2026-07-09,9,3,1,4,Orthopedics,6,14.5,9,14,10,3,127.0,SYNTHETIC_DEVELOPMENT
677,2026-07-09,15,3,1,2,Cardiology,4,16.62,6,6,7,29,83.5,SYNTHETIC_DEVELOPMENT
678,2026-07-09,9,3,1,1,General Medicine,2,10.58,6,10,7,1,62.4,SYNTHETIC_DEVELOPMENT
679,2026-07-09,16,3,0,1,General Medicine,1,11.5,8,9,9,26,94.4,SYNTHETIC_DEVELOPMENT
680,2026-07-09,14,3,1,4,Orthopedics,6,14.5,10,12,11,16,151.6,SYNTHETIC_DEVELOPMENT
681,2026-07-09,17,3,0,2,Cardiology,4,16.62,5,6,6,32,100.4,SYNTHETIC_DEVELOPMENT
682,2026-07-09,13,3,0,2,Cardiology,3,19.25,3,4,4,22,57.4,SYNTHETIC_DEVELOPMENT
683,2026-07-09,11,3,1,1,General Medicine,2,10.58,5,8,6,13,45.5,SYNTHETIC_DEVELOPMENT
684,2026-07-09,11,3,1,2,Cardiology,3,19.25,4,6,5,16,104.5,SYNTHETIC_DEVELOPMENT
685,2026-07-09,11,3,1,5,Dermatology,7,9.0,5,8,6,7,55.3,SYNTHETIC_DEVELOPMENT
686,2026-07-09,15,3,1,2,Cardiology,3,19.25,8,12,9,21,180.0,SYNTHETIC_DEVELOPMENT
687,2026-07-09,11,3,1,2,Cardiology,4,16.62,8,11,9,10,146.0,SYNTHETIC_DEVELOPMENT
688,2026-07-09,9,3,1,5,Dermatology,7,9.0,3,8,4,5,29.7,SYNTHETIC_DEVELOPMENT
689,2026-07-09,10,3,1,4,Orthopedics,6,14.5,7,8,8,4,102.2,SYNTHETIC_DEVELOPMENT
690,2026-07-09,17,3,0,2,Cardiology,3,19.25,2,5,3,29,33.6,SYNTHETIC_DEVELOPMENT
691,2026-07-09,15,3,1,1,General Medicine,2,10.58,7,11,8,22,93.8,SYNTHETIC_DEVELOPMENT
692,2026-07-09,10,3,1,5,Dermatology,7,9.0,6,8,7,9,53.0,SYNTHETIC_DEVELOPMENT
693,2026-07-09,9,3,1,3,Pediatrics,5,13.65,9,12,10,1,161.1,SYNTHETIC_DEVELOPMENT
694,2026-07-09,9,3,1,5,Dermatology,7,9.0,0,3,1,3,1.3,SYNTHETIC_DEVELOPMENT
695,2026-07-09,16,3,0,5,Dermatology,7,9.0,2,7,3,25,20.8,SYNTHETIC_DEVELOPMENT
696,2026-07-09,14,3,1,5,Dermatology,7,9.0,8,9,9,16,71.3,SYNTHETIC_DEVELOPMENT
697,2026-07-09,12,3,0,2,Cardiology,4,16.62,8,13,9,8,140.6,SYNTHETIC_DEVELOPMENT
698,2026-07-09,8,3,0,3,Pediatrics,5,13.65,8,8,9,0,146.8,SYNTHETIC_DEVELOPMENT
699,2026-07-09,11,3,1,1,General Medicine,1,11.5,9,10,10,9,125.0,SYNTHETIC_DEVELOPMENT
700,2026-07-09,10,3,1,4,Orthopedics,6,14.5,5,6,6,8,79.7,SYNTHETIC_DEVELOPMENT
701,2026-07-09,15,3,1,2,Cardiology,3,19.25,11,13,12,33,180.0,SYNTHETIC_DEVELOPMENT
702,2026-07-09,14,3,1,3,Pediatrics,5,13.65,4,5,5,14,45.3,SYNTHETIC_DEVELOPMENT
703,2026-07-09,11,3,1,3,Pediatrics,5,13.65,10,12,11,7,134.7,SYNTHETIC_DEVELOPMENT
704,2026-07-09,10,3,1,2,Cardiology,4,16.62,7,8,8,10,147.8,SYNTHETIC_DEVELOPMENT
705,2026-07-09,14,3,1,2,Cardiology,4,16.62,9,14,10,20,180.0,SYNTHETIC_DEVELOPMENT
706,2026-07-09,10,3,1,1,General Medicine,1,11.5,5,8,6,5,63.7,SYNTHETIC_DEVELOPMENT
707,2026-07-09,9,3,1,3,Pediatrics,5,13.65,4,5,5,2,56.1,SYNTHETIC_DEVELOPMENT
708,2026-07-09,11,3,1,5,Dermatology,7,9.0,6,7,7,6,60.1,SYNTHETIC_DEVELOPMENT
709,2026-07-09,9,3,1,1,General Medicine,2,10.58,5,6,6,2,70.2,SYNTHETIC_DEVELOPMENT
710,2026-07-09,8,3,0,1,General Medicine,1,11.5,6,8,7,0,87.0,SYNTHETIC_DEVELOPMENT
711,2026-07-09,15,3,1,5,Dermatology,7,9.0,11,16,12,28,117.2,SYNTHETIC_DEVELOPMENT
712,2026-07-09,9,3,1,2,Cardiology,3,19.25,8,9,9,4,172.1,SYNTHETIC_DEVELOPMENT
713,2026-07-09,11,3,1,4,Orthopedics,6,14.5,11,15,12,10,180.0,SYNTHETIC_DEVELOPMENT
714,2026-07-09,9,3,1,5,Dermatology,7,9.0,6,8,7,3,71.7,SYNTHETIC_DEVELOPMENT
715,2026-07-09,9,3,1,4,Orthopedics,6,14.5,3,4,4,4,45.5,SYNTHETIC_DEVELOPMENT
716,2026-07-09,12,3,0,3,Pediatrics,5,13.65,2,6,3,9,24.5,SYNTHETIC_DEVELOPMENT
717,2026-07-09,14,3,1,1,General Medicine,2,10.58,6,9,7,20,61.3,SYNTHETIC_DEVELOPMENT
718,2026-07-09,16,3,0,2,Cardiology,3,19.25,6,7,7,29,118.4,SYNTHETIC_DEVELOPMENT
719,2026-07-09,10,3,1,4,Orthopedics,6,14.5,5,5,6,6,77.4,SYNTHETIC_DEVELOPMENT
720,2026-07-09,16,3,0,5,Dermatology,7,9.0,7,14,8,25,80.3,SYNTHETIC_DEVELOPMENT
721,2026-07-09,12,3,0,4,Orthopedics,6,14.5,8,8,9,16,132.7,SYNTHETIC_DEVELOPMENT
722,2026-07-09,9,3,1,3,Pediatrics,5,13.65,7,7,8,2,90.3,SYNTHETIC_DEVELOPMENT
723,2026-07-09,12,3,0,4,Orthopedics,6,14.5,1,3,2,16,15.9,SYNTHETIC_DEVELOPMENT
724,2026-07-09,11,3,1,4,Orthopedics,6,14.5,3,8,4,6,53.9,SYNTHETIC_DEVELOPMENT
725,2026-07-09,11,3,1,1,General Medicine,2,10.58,7,8,8,11,86.2,SYNTHETIC_DEVELOPMENT
726,2026-07-09,9,3,1,3,Pediatrics,5,13.65,8,11,9,4,95.9,SYNTHETIC_DEVELOPMENT
727,2026-07-09,16,3,0,3,Pediatrics,5,13.65,5,10,6,30,69.3,SYNTHETIC_DEVELOPMENT
728,2026-07-09,15,3,1,3,Pediatrics,5,13.65,7,9,8,26,112.2,SYNTHETIC_DEVELOPMENT
729,2026-07-09,11,3,1,1,General Medicine,2,10.58,3,6,4,15,31.1,SYNTHETIC_DEVELOPMENT
730,2026-07-09,10,3,1,3,Pediatrics,5,13.65,3,4,4,9,39.6,SYNTHETIC_DEVELOPMENT
731,2026-07-09,12,3,0,1,General Medicine,2,10.58,3,6,4,12,19.7,SYNTHETIC_DEVELOPMENT
732,2026-07-09,12,3,0,2,Cardiology,3,19.25,1,4,2,15,15.8,SYNTHETIC_DEVELOPMENT
733,2026-07-09,11,3,1,1,General Medicine,2,10.58,5,6,6,11,47.5,SYNTHETIC_DEVELOPMENT
734,2026-07-09,11,3,1,1,General Medicine,1,11.5,9,13,10,13,107.5,SYNTHETIC_DEVELOPMENT
735,2026-07-09,10,3,1,1,General Medicine,2,10.58,4,6,5,5,48.7,SYNTHETIC_DEVELOPMENT
736,2026-07-09,16,3,0,2,Cardiology,4,16.62,7,9,8,34,116.4,SYNTHETIC_DEVELOPMENT
737,2026-07-09,14,3,1,1,General Medicine,1,11.5,6,9,7,20,86.3,SYNTHETIC_DEVELOPMENT
738,2026-07-09,14,3,1,3,Pediatrics,5,13.65,5,6,6,14,87.6,SYNTHETIC_DEVELOPMENT
739,2026-07-09,14,3,1,2,Cardiology,4,16.62,5,8,6,19,99.1,SYNTHETIC_DEVELOPMENT
740,2026-07-09,12,3,0,3,Pediatrics,5,13.65,2,3,3,13,27.0,SYNTHETIC_DEVELOPMENT
741,2026-07-09,11,3,1,1,General Medicine,1,11.5,5,7,6,19,74.5,SYNTHETIC_DEVELOPMENT
742,2026-07-09,14,3,1,1,General Medicine,1,11.5,8,9,9,19,97.9,SYNTHETIC_DEVELOPMENT
743,2026-07-09,9,3,1,1,General Medicine,2,10.58,7,9,8,1,92.2,SYNTHETIC_DEVELOPMENT
744,2026-07-09,10,3,1,4,Orthopedics,6,14.5,11,14,12,9,150.9,SYNTHETIC_DEVELOPMENT
745,2026-07-09,16,3,0,1,General Medicine,1,11.5,2,6,3,35,34.0,SYNTHETIC_DEVELOPMENT
746,2026-07-09,12,3,0,1,General Medicine,2,10.58,2,4,3,12,24.3,SYNTHETIC_DEVELOPMENT
747,2026-07-09,16,3,0,5,Dermatology,7,9.0,4,7,5,22,36.1,SYNTHETIC_DEVELOPMENT
748,2026-07-09,10,3,1,2,Cardiology,4,16.62,2,3,3,6,33.9,SYNTHETIC_DEVELOPMENT
749,2026-07-09,8,3,0,2,Cardiology,3,19.25,1,4,2,0,19.3,SYNTHETIC_DEVELOPMENT
750,2026-07-09,11,3,1,4,Orthopedics,6,14.5,7,8,8,9,112.3,SYNTHETIC_DEVELOPMENT
751,2026-07-10,14,4,1,1,General Medicine,1,11.5,7,11,8,23,112.4,SYNTHETIC_DEVELOPMENT
752,2026-07-10,14,4,1,2,Cardiology,4,16.62,10,14,11,34,168.8,SYNTHETIC_DEVELOPMENT
753,2026-07-10,14,4,1,1,General Medicine,2,10.58,10,16,11,15,140.8,SYNTHETIC_DEVELOPMENT
754,2026-07-10,9,4,1,2,Cardiology,3,19.25,8,10,9,4,150.7,SYNTHETIC_DEVELOPMENT
755,2026-07-10,16,4,0,3,Pediatrics,5,13.65,1,1,2,30,19.0,SYNTHETIC_DEVELOPMENT
756,2026-07-10,12,4,0,4,Orthopedics,6,14.5,5,6,6,10,78.0,SYNTHETIC_DEVELOPMENT
757,2026-07-10,14,4,1,3,Pediatrics,5,13.65,4,6,5,11,54.9,SYNTHETIC_DEVELOPMENT
758,2026-07-10,12,4,0,1,General Medicine,1,11.5,2,7,3,15,37.0,SYNTHETIC_DEVELOPMENT
759,2026-07-10,9,4,1,1,General Medicine,1,11.5,13,15,14,3,148.8,SYNTHETIC_DEVELOPMENT
760,2026-07-10,10,4,1,2,Cardiology,4,16.62,4,11,5,7,60.1,SYNTHETIC_DEVELOPMENT
761,2026-07-10,9,4,1,1,General Medicine,2,10.58,8,11,9,0,100.7,SYNTHETIC_DEVELOPMENT
762,2026-07-10,15,4,1,5,Dermatology,7,9.0,6,9,7,26,58.3,SYNTHETIC_DEVELOPMENT
763,2026-07-10,9,4,1,3,Pediatrics,5,13.65,3,6,4,4,62.3,SYNTHETIC_DEVELOPMENT
764,2026-07-10,9,4,1,1,General Medicine,1,11.5,3,7,4,2,35.6,SYNTHETIC_DEVELOPMENT
765,2026-07-10,10,4,1,2,Cardiology,4,16.62,7,9,8,0,132.7,SYNTHETIC_DEVELOPMENT
766,2026-07-10,11,4,1,2,Cardiology,3,19.25,1,4,2,11,17.1,SYNTHETIC_DEVELOPMENT
767,2026-07-10,11,4,1,1,General Medicine,2,10.58,5,5,6,8,69.1,SYNTHETIC_DEVELOPMENT
768,2026-07-10,10,4,1,5,Dermatology,7,9.0,5,11,6,10,59.6,SYNTHETIC_DEVELOPMENT
769,2026-07-10,11,4,1,4,Orthopedics,6,14.5,13,14,14,8,180.0,SYNTHETIC_DEVELOPMENT
770,2026-07-10,9,4,1,2,Cardiology,4,16.62,7,9,8,5,108.2,SYNTHETIC_DEVELOPMENT
771,2026-07-10,10,4,1,1,General Medicine,1,11.5,3,6,4,6,29.9,SYNTHETIC_DEVELOPMENT
772,2026-07-10,12,4,0,4,Orthopedics,6,14.5,4,5,5,13,55.3,SYNTHETIC_DEVELOPMENT
773,2026-07-10,14,4,1,5,Dermatology,7,9.0,4,5,5,27,48.0,SYNTHETIC_DEVELOPMENT
774,2026-07-10,10,4,1,3,Pediatrics,5,13.65,9,9,10,5,154.5,SYNTHETIC_DEVELOPMENT
775,2026-07-10,10,4,1,3,Pediatrics,5,13.65,6,9,7,8,79.5,SYNTHETIC_DEVELOPMENT
776,2026-07-10,15,4,1,2,Cardiology,3,19.25,3,5,4,16,65.4,SYNTHETIC_DEVELOPMENT
777,2026-07-10,10,4,1,1,General Medicine,1,11.5,7,13,8,7,106.3,SYNTHETIC_DEVELOPMENT
778,2026-07-10,14,4,1,1,General Medicine,1,11.5,8,13,9,15,91.3,SYNTHETIC_DEVELOPMENT
779,2026-07-10,14,4,1,1,General Medicine,1,11.5,11,13,12,27,135.3,SYNTHETIC_DEVELOPMENT
780,2026-07-10,17,4,0,5,Dermatology,7,9.0,6,10,7,30,65.5,SYNTHETIC_DEVELOPMENT
781,2026-07-10,9,4,1,2,Cardiology,3,19.25,13,15,14,1,180.0,SYNTHETIC_DEVELOPMENT
782,2026-07-10,11,4,1,4,Orthopedics,6,14.5,9,12,10,10,157.4,SYNTHETIC_DEVELOPMENT
783,2026-07-10,14,4,1,5,Dermatology,7,9.0,2,8,3,18,19.0,SYNTHETIC_DEVELOPMENT
784,2026-07-10,16,4,0,4,Orthopedics,6,14.5,4,8,5,25,64.9,SYNTHETIC_DEVELOPMENT
785,2026-07-10,9,4,1,1,General Medicine,1,11.5,6,9,7,0,68.4,SYNTHETIC_DEVELOPMENT
786,2026-07-10,10,4,1,5,Dermatology,7,9.0,8,10,9,7,75.8,SYNTHETIC_DEVELOPMENT
787,2026-07-10,11,4,1,3,Pediatrics,5,13.65,6,8,7,7,95.1,SYNTHETIC_DEVELOPMENT
788,2026-07-10,14,4,1,2,Cardiology,4,16.62,9,10,10,16,149.4,SYNTHETIC_DEVELOPMENT
789,2026-07-10,11,4,1,1,General Medicine,2,10.58,4,7,5,11,36.2,SYNTHETIC_DEVELOPMENT
790,2026-07-10,15,4,1,1,General Medicine,2,10.58,4,7,5,34,52.7,SYNTHETIC_DEVELOPMENT
791,2026-07-10,12,4,0,1,General Medicine,1,11.5,4,5,5,9,44.5,SYNTHETIC_DEVELOPMENT
792,2026-07-10,11,4,1,4,Orthopedics,6,14.5,10,10,11,10,153.2,SYNTHETIC_DEVELOPMENT
793,2026-07-10,11,4,1,3,Pediatrics,5,13.65,7,7,8,9,98.9,SYNTHETIC_DEVELOPMENT
794,2026-07-10,10,4,1,4,Orthopedics,6,14.5,6,9,7,13,94.8,SYNTHETIC_DEVELOPMENT
795,2026-07-10,15,4,1,2,Cardiology,3,19.25,6,8,7,20,122.2,SYNTHETIC_DEVELOPMENT
796,2026-07-10,11,4,1,1,General Medicine,2,10.58,5,9,6,9,60.1,SYNTHETIC_DEVELOPMENT
797,2026-07-10,11,4,1,4,Orthopedics,6,14.5,13,17,14,9,180.0,SYNTHETIC_DEVELOPMENT
798,2026-07-10,12,4,0,2,Cardiology,4,16.62,3,5,4,15,50.8,SYNTHETIC_DEVELOPMENT
799,2026-07-10,9,4,1,2,Cardiology,4,16.62,6,8,7,2,102.6,SYNTHETIC_DEVELOPMENT
800,2026-07-10,10,4,1,3,Pediatrics,5,13.65,5,5,6,11,55.7,SYNTHETIC_DEVELOPMENT
801,2026-07-10,14,4,1,5,Dermatology,7,9.0,3,3,4,15,34.3,SYNTHETIC_DEVELOPMENT
802,2026-07-10,9,4,1,2,Cardiology,3,19.25,12,13,13,3,180.0,SYNTHETIC_DEVELOPMENT
803,2026-07-10,16,4,0,2,Cardiology,4,16.62,2,5,3,24,47.1,SYNTHETIC_DEVELOPMENT
804,2026-07-10,16,4,0,3,Pediatrics,5,13.65,8,11,9,20,106.4,SYNTHETIC_DEVELOPMENT
805,2026-07-10,8,4,0,1,General Medicine,1,11.5,3,4,4,0,24.7,SYNTHETIC_DEVELOPMENT
806,2026-07-10,14,4,1,2,Cardiology,3,19.25,6,10,7,14,135.0,SYNTHETIC_DEVELOPMENT
807,2026-07-10,8,4,0,4,Orthopedics,6,14.5,3,6,4,0,35.2,SYNTHETIC_DEVELOPMENT
808,2026-07-10,9,4,1,1,General Medicine,2,10.58,7,7,8,5,82.5,SYNTHETIC_DEVELOPMENT
809,2026-07-10,10,4,1,5,Dermatology,7,9.0,3,3,4,4,21.4,SYNTHETIC_DEVELOPMENT
810,2026-07-10,10,4,1,1,General Medicine,2,10.58,9,11,10,7,109.7,SYNTHETIC_DEVELOPMENT
811,2026-07-10,9,4,1,3,Pediatrics,5,13.65,2,5,3,2,32.8,SYNTHETIC_DEVELOPMENT
812,2026-07-10,14,4,1,1,General Medicine,2,10.58,6,10,7,19,74.2,SYNTHETIC_DEVELOPMENT
813,2026-07-10,15,4,1,4,Orthopedics,6,14.5,3,5,4,24,51.7,SYNTHETIC_DEVELOPMENT
814,2026-07-10,15,4,1,3,Pediatrics,5,13.65,6,9,7,19,97.0,SYNTHETIC_DEVELOPMENT
815,2026-07-10,14,4,1,2,Cardiology,3,19.25,5,9,6,18,113.6,SYNTHETIC_DEVELOPMENT
816,2026-07-10,8,4,0,1,General Medicine,1,11.5,4,6,5,1,50.7,SYNTHETIC_DEVELOPMENT
817,2026-07-10,16,4,0,4,Orthopedics,6,14.5,6,9,7,24,113.1,SYNTHETIC_DEVELOPMENT
818,2026-07-10,11,4,1,2,Cardiology,3,19.25,4,6,5,12,117.7,SYNTHETIC_DEVELOPMENT
819,2026-07-10,15,4,1,1,General Medicine,1,11.5,4,7,5,23,51.4,SYNTHETIC_DEVELOPMENT
820,2026-07-10,15,4,1,1,General Medicine,1,11.5,7,9,8,35,75.8,SYNTHETIC_DEVELOPMENT
821,2026-07-10,9,4,1,2,Cardiology,3,19.25,5,7,6,2,97.0,SYNTHETIC_DEVELOPMENT
822,2026-07-10,11,4,1,2,Cardiology,4,16.62,4,7,5,7,78.9,SYNTHETIC_DEVELOPMENT
823,2026-07-10,9,4,1,1,General Medicine,1,11.5,3,7,4,2,38.5,SYNTHETIC_DEVELOPMENT
824,2026-07-10,11,4,1,2,Cardiology,4,16.62,6,10,7,7,101.3,SYNTHETIC_DEVELOPMENT
825,2026-07-10,8,4,0,1,General Medicine,1,11.5,4,8,5,1,55.3,SYNTHETIC_DEVELOPMENT
826,2026-07-10,9,4,1,2,Cardiology,3,19.25,7,7,8,3,158.8,SYNTHETIC_DEVELOPMENT
827,2026-07-10,14,4,1,1,General Medicine,1,11.5,5,7,6,25,68.4,SYNTHETIC_DEVELOPMENT
828,2026-07-10,10,4,1,5,Dermatology,7,9.0,8,9,9,4,80.2,SYNTHETIC_DEVELOPMENT
829,2026-07-10,15,4,1,1,General Medicine,2,10.58,11,11,12,17,117.6,SYNTHETIC_DEVELOPMENT
830,2026-07-10,16,4,0,5,Dermatology,7,9.0,2,5,3,20,22.6,SYNTHETIC_DEVELOPMENT
831,2026-07-10,10,4,1,2,Cardiology,4,16.62,3,6,4,8,64.3,SYNTHETIC_DEVELOPMENT
832,2026-07-10,14,4,1,5,Dermatology,7,9.0,6,8,7,24,52.9,SYNTHETIC_DEVELOPMENT
833,2026-07-10,15,4,1,2,Cardiology,4,16.62,6,9,7,26,102.6,SYNTHETIC_DEVELOPMENT
834,2026-07-10,11,4,1,5,Dermatology,7,9.0,5,7,6,12,40.8,SYNTHETIC_DEVELOPMENT
835,2026-07-11,11,5,1,4,Orthopedics,6,14.5,7,7,8,8,107.9,SYNTHETIC_DEVELOPMENT
836,2026-07-11,12,5,0,5,Dermatology,7,9.0,8,13,9,12,84.5,SYNTHETIC_DEVELOPMENT
837,2026-07-11,13,5,0,1,General Medicine,2,10.58,2,4,3,16,16.1,SYNTHETIC_DEVELOPMENT
838,2026-07-11,15,5,1,5,Dermatology,7,9.0,7,8,8,26,65.4,SYNTHETIC_DEVELOPMENT
839,2026-07-11,11,5,1,2,Cardiology,4,16.62,12,13,13,8,180.0,SYNTHETIC_DEVELOPMENT
840,2026-07-11,9,5,1,4,Orthopedics,6,14.5,8,12,9,3,108.4,SYNTHETIC_DEVELOPMENT
841,2026-07-11,11,5,1,2,Cardiology,3,19.25,11,13,12,10,180.0,SYNTHETIC_DEVELOPMENT
842,2026-07-11,11,5,1,3,Pediatrics,5,13.65,7,14,8,9,96.8,SYNTHETIC_DEVELOPMENT
843,2026-07-11,10,5,1,5,Dermatology,7,9.0,4,7,5,8,49.2,SYNTHETIC_DEVELOPMENT
844,2026-07-11,9,5,1,3,Pediatrics,5,13.65,9,10,10,1,135.4,SYNTHETIC_DEVELOPMENT
845,2026-07-11,14,5,1,1,General Medicine,1,11.5,11,15,12,32,147.8,SYNTHETIC_DEVELOPMENT
846,2026-07-11,9,5,1,2,Cardiology,4,16.62,16,19,17,2,180.0,SYNTHETIC_DEVELOPMENT
847,2026-07-11,16,5,0,3,Pediatrics,5,13.65,7,10,8,26,109.2,SYNTHETIC_DEVELOPMENT
848,2026-07-11,15,5,1,1,General Medicine,2,10.58,1,5,2,24,8.6,SYNTHETIC_DEVELOPMENT
849,2026-07-11,13,5,0,2,Cardiology,4,16.62,4,6,5,20,70.4,SYNTHETIC_DEVELOPMENT
850,2026-07-11,10,5,1,5,Dermatology,7,9.0,6,6,7,7,69.6,SYNTHETIC_DEVELOPMENT
851,2026-07-11,9,5,1,1,General Medicine,1,11.5,5,6,6,5,65.2,SYNTHETIC_DEVELOPMENT
852,2026-07-11,13,5,0,1,General Medicine,2,10.58,8,12,9,20,88.4,SYNTHETIC_DEVELOPMENT
853,2026-07-11,11,5,1,5,Dermatology,7,9.0,10,15,11,4,113.4,SYNTHETIC_DEVELOPMENT
854,2026-07-11,16,5,0,1,General Medicine,1,11.5,5,5,6,32,61.7,SYNTHETIC_DEVELOPMENT
855,2026-07-11,9,5,1,3,Pediatrics,5,13.65,4,9,5,8,57.7,SYNTHETIC_DEVELOPMENT
856,2026-07-11,15,5,1,1,General Medicine,1,11.5,9,9,10,21,96.0,SYNTHETIC_DEVELOPMENT
857,2026-07-11,14,5,1,2,Cardiology,3,19.25,7,8,8,17,154.8,SYNTHETIC_DEVELOPMENT
858,2026-07-11,9,5,1,1,General Medicine,1,11.5,16,18,17,7,180.0,SYNTHETIC_DEVELOPMENT
859,2026-07-11,11,5,1,2,Cardiology,4,16.62,6,7,7,8,111.7,SYNTHETIC_DEVELOPMENT
860,2026-07-11,9,5,1,5,Dermatology,7,9.0,4,6,5,0,43.5,SYNTHETIC_DEVELOPMENT
861,2026-07-11,12,5,0,2,Cardiology,3,19.25,6,8,7,19,123.2,SYNTHETIC_DEVELOPMENT
862,2026-07-11,14,5,1,1,General Medicine,2,10.58,5,5,6,20,57.5,SYNTHETIC_DEVELOPMENT
863,2026-07-11,13,5,0,3,Pediatrics,5,13.65,10,11,11,8,121.2,SYNTHETIC_DEVELOPMENT
864,2026-07-11,9,5,1,1,General Medicine,2,10.58,9,12,10,4,109.8,SYNTHETIC_DEVELOPMENT
865,2026-07-11,8,5,0,4,Orthopedics,6,14.5,7,10,8,2,111.6,SYNTHETIC_DEVELOPMENT
866,2026-07-11,9,5,1,1,General Medicine,2,10.58,7,10,8,4,79.5,SYNTHETIC_DEVELOPMENT
867,2026-07-11,11,5,1,5,Dermatology,7,9.0,9,9,10,15,90.6,SYNTHETIC_DEVELOPMENT
868,2026-07-11,14,5,1,2,Cardiology,3,19.25,9,11,10,18,180.0,SYNTHETIC_DEVELOPMENT
869,2026-07-11,15,5,1,3,Pediatrics,5,13.65,8,8,9,25,116.2,SYNTHETIC_DEVELOPMENT
870,2026-07-11,11,5,1,1,General Medicine,1,11.5,8,8,9,8,113.7,SYNTHETIC_DEVELOPMENT
871,2026-07-11,14,5,1,1,General Medicine,1,11.5,5,7,6,20,61.7,SYNTHETIC_DEVELOPMENT
872,2026-07-11,10,5,1,5,Dermatology,7,9.0,9,10,10,7,79.9,SYNTHETIC_DEVELOPMENT
873,2026-07-11,10,5,1,2,Cardiology,4,16.62,4,5,5,7,59.4,SYNTHETIC_DEVELOPMENT
874,2026-07-11,14,5,1,1,General Medicine,1,11.5,2,4,3,21,21.4,SYNTHETIC_DEVELOPMENT
875,2026-07-11,9,5,1,1,General Medicine,2,10.58,6,8,7,2,75.7,SYNTHETIC_DEVELOPMENT
876,2026-07-11,11,5,1,1,General Medicine,2,10.58,9,11,10,3,98.1,SYNTHETIC_DEVELOPMENT
877,2026-07-11,11,5,1,2,Cardiology,4,16.62,11,12,12,11,180.0,SYNTHETIC_DEVELOPMENT
878,2026-07-11,9,5,1,4,Orthopedics,6,14.5,7,11,8,1,126.8,SYNTHETIC_DEVELOPMENT
879,2026-07-11,11,5,1,4,Orthopedics,6,14.5,5,7,6,12,71.0,SYNTHETIC_DEVELOPMENT
880,2026-07-11,16,5,0,2,Cardiology,3,19.25,4,5,5,23,89.1,SYNTHETIC_DEVELOPMENT
881,2026-07-11,13,5,0,1,General Medicine,2,10.58,6,9,7,17,72.2,SYNTHETIC_DEVELOPMENT
882,2026-07-11,9,5,1,2,Cardiology,4,16.62,8,8,9,0,144.6,SYNTHETIC_DEVELOPMENT
883,2026-07-11,14,5,1,5,Dermatology,7,9.0,12,15,13,28,115.8,SYNTHETIC_DEVELOPMENT
884,2026-07-11,13,5,0,2,Cardiology,4,16.62,5,9,6,24,103.3,SYNTHETIC_DEVELOPMENT
885,2026-07-11,14,5,1,4,Orthopedics,6,14.5,6,6,7,18,98.9,SYNTHETIC_DEVELOPMENT
886,2026-07-11,11,5,1,2,Cardiology,3,19.25,7,9,8,5,163.9,SYNTHETIC_DEVELOPMENT
887,2026-07-11,14,5,1,1,General Medicine,1,11.5,7,9,8,17,79.7,SYNTHETIC_DEVELOPMENT
888,2026-07-11,16,5,0,3,Pediatrics,5,13.65,5,10,6,20,61.0,SYNTHETIC_DEVELOPMENT
889,2026-07-11,10,5,1,2,Cardiology,3,19.25,8,11,9,4,153.3,SYNTHETIC_DEVELOPMENT
890,2026-07-11,12,5,0,1,General Medicine,2,10.58,2,5,3,12,20.2,SYNTHETIC_DEVELOPMENT
891,2026-07-11,15,5,1,2,Cardiology,4,16.62,8,9,9,22,124.8,SYNTHETIC_DEVELOPMENT
892,2026-07-11,12,5,0,1,General Medicine,2,10.58,4,4,5,17,43.1,SYNTHETIC_DEVELOPMENT
893,2026-07-11,16,5,0,2,Cardiology,4,16.62,3,6,4,21,59.0,SYNTHETIC_DEVELOPMENT
894,2026-07-11,12,5,0,1,General Medicine,2,10.58,1,8,2,12,10.3,SYNTHETIC_DEVELOPMENT
895,2026-07-11,15,5,1,2,Cardiology,3,19.25,9,9,10,24,180.0,SYNTHETIC_DEVELOPMENT
896,2026-07-11,9,5,1,3,Pediatrics,5,13.65,5,7,6,3,86.2,SYNTHETIC_DEVELOPMENT
897,2026-07-11,14,5,1,2,Cardiology,3,19.25,5,7,6,18,109.0,SYNTHETIC_DEVELOPMENT
898,2026-07-11,11,5,1,3,Pediatrics,5,13.65,3,6,4,11,41.2,SYNTHETIC_DEVELOPMENT
899,2026-07-11,10,5,1,1,General Medicine,2,10.58,4,7,5,1,54.6,SYNTHETIC_DEVELOPMENT
900,2026-07-11,13,5,0,2,Cardiology,4,16.62,5,7,6,11,100.0,SYNTHETIC_DEVELOPMENT
901,2026-07-11,14,5,1,3,Pediatrics,5,13.65,6,7,7,19,78.3,SYNTHETIC_DEVELOPMENT
902,2026-07-11,9,5,1,4,Orthopedics,6,14.5,5,6,6,1,61.8,SYNTHETIC_DEVELOPMENT
903,2026-07-11,11,5,1,5,Dermatology,7,9.0,7,7,8,13,72.6,SYNTHETIC_DEVELOPMENT
904,2026-07-11,15,5,1,1,General Medicine,1,11.5,8,11,9,20,112.0,SYNTHETIC_DEVELOPMENT
905,2026-07-11,16,5,0,4,Orthopedics,6,14.5,5,8,6,31,86.0,SYNTHETIC_DEVELOPMENT
906,2026-07-11,11,5,1,5,Dermatology,7,9.0,4,9,5,8,43.5,SYNTHETIC_DEVELOPMENT
907,2026-07-11,16,5,0,3,Pediatrics,5,13.65,5,6,6,26,67.5,SYNTHETIC_DEVELOPMENT
908,2026-07-11,9,5,1,1,General Medicine,1,11.5,5,10,6,1,58.0,SYNTHETIC_DEVELOPMENT
909,2026-07-11,10,5,1,1,General Medicine,2,10.58,5,8,6,9,46.4,SYNTHETIC_DEVELOPMENT
910,2026-07-11,12,5,0,2,Cardiology,3,19.25,6,8,7,15,118.1,SYNTHETIC_DEVELOPMENT
911,2026-07-11,12,5,0,1,General Medicine,1,11.5,9,14,10,12,115.5,SYNTHETIC_DEVELOPMENT
912,2026-07-11,9,5,1,2,Cardiology,4,16.62,7,10,8,2,116.4,SYNTHETIC_DEVELOPMENT
913,2026-07-11,15,5,1,2,Cardiology,4,16.62,8,10,9,26,137.6,SYNTHETIC_DEVELOPMENT
914,2026-07-11,15,5,1,3,Pediatrics,5,13.65,8,11,9,34,131.7,SYNTHETIC_DEVELOPMENT
915,2026-07-11,8,5,0,2,Cardiology,3,19.25,4,6,5,0,94.4,SYNTHETIC_DEVELOPMENT
916,2026-07-11,9,5,1,3,Pediatrics,5,13.65,5,7,6,3,66.6,SYNTHETIC_DEVELOPMENT
917,2026-07-11,8,5,0,4,Orthopedics,6,14.5,4,5,5,0,72.2,SYNTHETIC_DEVELOPMENT
918,2026-07-12,11,6,1,2,Cardiology,3,19.25,4,6,5,14,82.9,SYNTHETIC_DEVELOPMENT
919,2026-07-12,12,6,0,2,Cardiology,4,16.62,0,0,1,16,2.4,SYNTHETIC_DEVELOPMENT
920,2026-07-12,9,6,1,2,Cardiology,3,19.25,2,3,3,2,28.2,SYNTHETIC_DEVELOPMENT
921,2026-07-12,15,6,1,2,Cardiology,4,16.62,6,10,7,15,104.9,SYNTHETIC_DEVELOPMENT
922,2026-07-12,14,6,1,3,Pediatrics,5,13.65,5,6,6,24,79.6,SYNTHETIC_DEVELOPMENT
923,2026-07-12,9,6,1,4,Orthopedics,6,14.5,4,11,5,7,67.4,SYNTHETIC_DEVELOPMENT
924,2026-07-12,10,6,1,4,Orthopedics,6,14.5,3,4,4,11,50.2,SYNTHETIC_DEVELOPMENT
925,2026-07-12,11,6,1,4,Orthopedics,6,14.5,5,8,6,10,66.0,SYNTHETIC_DEVELOPMENT
926,2026-07-12,10,6,1,2,Cardiology,4,16.62,3,5,4,5,43.2,SYNTHETIC_DEVELOPMENT
927,2026-07-12,13,6,0,4,Orthopedics,6,14.5,1,4,2,27,14.3,SYNTHETIC_DEVELOPMENT
928,2026-07-12,15,6,1,1,General Medicine,1,11.5,0,5,1,28,2.9,SYNTHETIC_DEVELOPMENT
929,2026-07-12,11,6,1,5,Dermatology,7,9.0,5,6,6,8,55.5,SYNTHETIC_DEVELOPMENT
930,2026-07-12,10,6,1,2,Cardiology,3,19.25,3,3,4,6,56.7,SYNTHETIC_DEVELOPMENT
931,2026-07-12,17,6,0,4,Orthopedics,6,14.5,0,3,1,29,1.2,SYNTHETIC_DEVELOPMENT
932,2026-07-12,10,6,1,2,Cardiology,4,16.62,4,5,5,7,83.1,SYNTHETIC_DEVELOPMENT
933,2026-07-12,9,6,1,1,General Medicine,1,11.5,4,6,5,5,55.7,SYNTHETIC_DEVELOPMENT
934,2026-07-12,12,6,0,2,Cardiology,3,19.25,2,3,3,12,37.8,SYNTHETIC_DEVELOPMENT
935,2026-07-12,10,6,1,5,Dermatology,7,9.0,5,7,6,7,58.5,SYNTHETIC_DEVELOPMENT
936,2026-07-12,11,6,1,4,Orthopedics,6,14.5,3,7,4,6,42.5,SYNTHETIC_DEVELOPMENT
937,2026-07-12,13,6,0,5,Dermatology,7,9.0,2,4,3,20,34.1,SYNTHETIC_DEVELOPMENT
938,2026-07-12,11,6,1,2,Cardiology,4,16.62,6,8,7,11,92.1,SYNTHETIC_DEVELOPMENT
939,2026-07-12,8,6,0,2,Cardiology,4,16.62,2,6,3,0,42.5,SYNTHETIC_DEVELOPMENT
940,2026-07-12,8,6,0,3,Pediatrics,5,13.65,4,7,5,1,50.2,SYNTHETIC_DEVELOPMENT
941,2026-07-12,10,6,1,1,General Medicine,2,10.58,1,3,2,4,8.6,SYNTHETIC_DEVELOPMENT
942,2026-07-12,10,6,1,4,Orthopedics,6,14.5,2,8,3,5,25.0,SYNTHETIC_DEVELOPMENT
943,2026-07-12,9,6,1,4,Orthopedics,6,14.5,3,6,4,2,61.9,SYNTHETIC_DEVELOPMENT
944,2026-07-12,16,6,0,4,Orthopedics,6,14.5,4,6,5,26,72.4,SYNTHETIC_DEVELOPMENT
945,2026-07-12,12,6,0,5,Dermatology,7,9.0,4,6,5,9,40.0,SYNTHETIC_DEVELOPMENT
946,2026-07-12,8,6,0,1,General Medicine,2,10.58,4,8,5,0,48.2,SYNTHETIC_DEVELOPMENT
947,2026-07-12,11,6,1,4,Orthopedics,6,14.5,2,5,3,11,28.8,SYNTHETIC_DEVELOPMENT
948,2026-07-12,11,6,1,5,Dermatology,7,9.0,5,11,6,8,59.7,SYNTHETIC_DEVELOPMENT
949,2026-07-12,13,6,0,1,General Medicine,1,11.5,2,5,3,14,17.5,SYNTHETIC_DEVELOPMENT
950,2026-07-12,13,6,0,3,Pediatrics,5,13.65,2,8,3,12,32.6,SYNTHETIC_DEVELOPMENT
951,2026-07-12,16,6,0,4,Orthopedics,6,14.5,5,7,6,31,68.3,SYNTHETIC_DEVELOPMENT
952,2026-07-12,16,6,0,2,Cardiology,4,16.62,2,4,3,31,30.4,SYNTHETIC_DEVELOPMENT
953,2026-07-12,9,6,1,1,General Medicine,2,10.58,4,6,5,5,45.7,SYNTHETIC_DEVELOPMENT
954,2026-07-12,15,6,1,2,Cardiology,4,16.62,3,5,4,16,47.7,SYNTHETIC_DEVELOPMENT
955,2026-07-12,9,6,1,4,Orthopedics,6,14.5,1,3,2,3,13.4,SYNTHETIC_DEVELOPMENT
956,2026-07-12,10,6,1,5,Dermatology,7,9.0,3,7,4,7,27.6,SYNTHETIC_DEVELOPMENT
957,2026-07-12,11,6,1,1,General Medicine,2,10.58,3,4,4,13,31.7,SYNTHETIC_DEVELOPMENT
958,2026-07-12,9,6,1,1,General Medicine,2,10.58,4,7,5,6,45.8,SYNTHETIC_DEVELOPMENT
959,2026-07-12,9,6,1,5,Dermatology,7,9.0,9,10,10,6,86.5,SYNTHETIC_DEVELOPMENT
960,2026-07-12,9,6,1,2,Cardiology,4,16.62,9,10,10,2,179.1,SYNTHETIC_DEVELOPMENT
961,2026-07-12,9,6,1,4,Orthopedics,6,14.5,9,12,10,4,127.8,SYNTHETIC_DEVELOPMENT
962,2026-07-12,16,6,0,2,Cardiology,3,19.25,6,6,7,32,126.6,SYNTHETIC_DEVELOPMENT
963,2026-07-12,11,6,1,1,General Medicine,2,10.58,7,8,8,13,69.3,SYNTHETIC_DEVELOPMENT
964,2026-07-12,10,6,1,2,Cardiology,4,16.62,2,4,3,12,52.4,SYNTHETIC_DEVELOPMENT
965,2026-07-12,9,6,1,3,Pediatrics,5,13.65,4,10,5,6,51.1,SYNTHETIC_DEVELOPMENT
966,2026-07-12,10,6,1,1,General Medicine,1,11.5,1,2,2,6,15.0,SYNTHETIC_DEVELOPMENT
967,2026-07-12,9,6,1,1,General Medicine,1,11.5,1,3,2,1,12.1,SYNTHETIC_DEVELOPMENT
968,2026-07-12,11,6,1,5,Dermatology,7,9.0,8,9,9,12,69.2,SYNTHETIC_DEVELOPMENT
969,2026-07-12,10,6,1,1,General Medicine,2,10.58,4,7,5,3,43.3,SYNTHETIC_DEVELOPMENT
970,2026-07-12,10,6,1,1,General Medicine,1,11.5,2,7,3,3,19.0,SYNTHETIC_DEVELOPMENT
971,2026-07-12,10,6,1,1,General Medicine,2,10.58,8,11,9,7,85.0,SYNTHETIC_DEVELOPMENT
972,2026-07-12,9,6,1,4,Orthopedics,6,14.5,5,6,6,5,91.4,SYNTHETIC_DEVELOPMENT
973,2026-07-12,9,6,1,1,General Medicine,1,11.5,4,6,5,4,55.3,SYNTHETIC_DEVELOPMENT
974,2026-07-12,8,6,0,1,General Medicine,1,11.5,4,9,5,2,60.9,SYNTHETIC_DEVELOPMENT
975,2026-07-12,16,6,0,1,General Medicine,2,10.58,4,8,5,25,48.1,SYNTHETIC_DEVELOPMENT
976,2026-07-12,11,6,1,5,Dermatology,7,9.0,5,9,6,12,57.8,SYNTHETIC_DEVELOPMENT
977,2026-07-12,10,6,1,5,Dermatology,7,9.0,5,7,6,4,59.7,SYNTHETIC_DEVELOPMENT
978,2026-07-12,11,6,1,4,Orthopedics,6,14.5,4,5,5,10,57.7,SYNTHETIC_DEVELOPMENT
979,2026-07-12,10,6,1,4,Orthopedics,6,14.5,10,14,11,5,163.5,SYNTHETIC_DEVELOPMENT
980,2026-07-12,11,6,1,1,General Medicine,2,10.58,5,9,6,7,58.5,SYNTHETIC_DEVELOPMENT
981,2026-07-12,9,6,1,2,Cardiology,3,19.25,2,5,3,1,37.3,SYNTHETIC_DEVELOPMENT
982,2026-07-12,9,6,1,2,Cardiology,3,19.25,6,11,7,0,128.0,SYNTHETIC_DEVELOPMENT
983,2026-07-12,11,6,1,3,Pediatrics,5,13.65,8,10,9,9,109.5,SYNTHETIC_DEVELOPMENT
984,2026-07-12,12,6,0,2,Cardiology,3,19.25,0,3,1,9,0.8,SYNTHETIC_DEVELOPMENT
985,2026-07-12,11,6,1,1,General Medicine,2,10.58,3,5,4,9,33.3,SYNTHETIC_DEVELOPMENT
986,2026-07-12,9,6,1,2,Cardiology,4,16.62,2,5,3,4,36.4,SYNTHETIC_DEVELOPMENT
987,2026-07-12,16,6,0,2,Cardiology,3,19.25,4,5,5,28,88.4,SYNTHETIC_DEVELOPMENT
988,2026-07-12,12,6,0,1,General Medicine,1,11.5,3,5,4,13,41.8,SYNTHETIC_DEVELOPMENT
989,2026-07-12,16,6,0,1,General Medicine,1,11.5,1,2,2,30,10.4,SYNTHETIC_DEVELOPMENT
990,2026-07-12,11,6,1,5,Dermatology,7,9.0,3,4,4,7,21.7,SYNTHETIC_DEVELOPMENT
991,2026-07-12,10,6,1,4,Orthopedics,6,14.5,9,11,10,10,149.3,SYNTHETIC_DEVELOPMENT
992,2026-07-12,10,6,1,5,Dermatology,7,9.0,5,6,6,3,41.4,SYNTHETIC_DEVELOPMENT
993,2026-07-12,12,6,0,4,Orthopedics,6,14.5,5,6,6,10,68.7,SYNTHETIC_DEVELOPMENT
994,2026-07-12,13,6,0,2,Cardiology,3,19.25,2,7,3,14,36.2,SYNTHETIC_DEVELOPMENT
995,2026-07-12,15,6,1,3,Pediatrics,5,13.65,0,2,1,22,1.0,SYNTHETIC_DEVELOPMENT
996,2026-07-12,11,6,1,1,General Medicine,2,10.58,3,5,4,12,39.1,SYNTHETIC_DEVELOPMENT
997,2026-07-12,13,6,0,3,Pediatrics,5,13.65,5,8,6,15,64.1,SYNTHETIC_DEVELOPMENT
998,2026-07-12,12,6,0,2,Cardiology,3,19.25,3,5,4,9,66.8,SYNTHETIC_DEVELOPMENT
999,2026-07-12,16,6,0,1,General Medicine,1,11.5,3,5,4,26,37.1,SYNTHETIC_DEVELOPMENT
1000,2026-07-12,10,6,1,1,General Medicine,2,10.58,9,13,10,8,105.2,SYNTHETIC_DEVELOPMENT
1001,2026-07-13,11,0,1,2,Cardiology,3,19.25,9,11,10,12,173.4,SYNTHETIC_DEVELOPMENT
1002,2026-07-13,11,0,1,1,General Medicine,1,11.5,8,9,9,8,93.3,SYNTHETIC_DEVELOPMENT
1003,2026-07-13,10,0,1,3,Pediatrics,5,13.65,6,7,7,7,93.0,SYNTHETIC_DEVELOPMENT
1004,2026-07-13,10,0,1,5,Dermatology,7,9.0,14,18,15,1,127.0,SYNTHETIC_DEVELOPMENT
1005,2026-07-13,11,0,1,4,Orthopedics,6,14.5,8,14,9,8,127.8,SYNTHETIC_DEVELOPMENT
1006,2026-07-13,15,0,1,3,Pediatrics,5,13.65,13,14,14,22,180.0,SYNTHETIC_DEVELOPMENT
1007,2026-07-13,11,0,1,2,Cardiology,3,19.25,6,9,7,12,121.4,SYNTHETIC_DEVELOPMENT
1008,2026-07-13,15,0,1,1,General Medicine,1,11.5,12,14,13,23,131.4,SYNTHETIC_DEVELOPMENT
1009,2026-07-13,11,0,1,4,Orthopedics,6,14.5,14,19,15,4,180.0,SYNTHETIC_DEVELOPMENT
1010,2026-07-13,10,0,1,1,General Medicine,2,10.58,10,13,11,5,120.4,SYNTHETIC_DEVELOPMENT
1011,2026-07-13,9,0,1,3,Pediatrics,5,13.65,10,11,11,4,153.8,SYNTHETIC_DEVELOPMENT
1012,2026-07-13,16,0,0,4,Orthopedics,6,14.5,8,9,9,22,141.4,SYNTHETIC_DEVELOPMENT
1013,2026-07-13,14,0,1,1,General Medicine,1,11.5,5,6,6,16,56.6,SYNTHETIC_DEVELOPMENT
1014,2026-07-13,16,0,0,5,Dermatology,7,9.0,6,8,7,32,54.7,SYNTHETIC_DEVELOPMENT
1015,2026-07-13,9,0,1,2,Cardiology,4,16.62,16,18,17,7,180.0,SYNTHETIC_DEVELOPMENT
1016,2026-07-13,16,0,0,1,General Medicine,1,11.5,8,11,9,18,97.8,SYNTHETIC_DEVELOPMENT
1017,2026-07-13,11,0,1,1,General Medicine,2,10.58,5,7,6,9,40.7,SYNTHETIC_DEVELOPMENT
1018,2026-07-13,14,0,1,3,Pediatrics,5,13.65,10,13,11,11,144.3,SYNTHETIC_DEVELOPMENT
1019,2026-07-13,9,0,1,2,Cardiology,4,16.62,8,11,9,3,156.1,SYNTHETIC_DEVELOPMENT
1020,2026-07-13,11,0,1,4,Orthopedics,6,14.5,13,15,14,10,180.0,SYNTHETIC_DEVELOPMENT
1021,2026-07-13,11,0,1,2,Cardiology,4,16.62,13,13,14,7,180.0,SYNTHETIC_DEVELOPMENT
1022,2026-07-13,11,0,1,2,Cardiology,3,19.25,6,10,7,6,116.6,SYNTHETIC_DEVELOPMENT
1023,2026-07-13,15,0,1,5,Dermatology,7,9.0,3,7,4,27,33.7,SYNTHETIC_DEVELOPMENT
1024,2026-07-13,11,0,1,2,Cardiology,4,16.62,7,9,8,10,98.8,SYNTHETIC_DEVELOPMENT
1025,2026-07-13,10,0,1,2,Cardiology,4,16.62,8,9,9,8,144.6,SYNTHETIC_DEVELOPMENT
1026,2026-07-13,12,0,0,5,Dermatology,7,9.0,3,4,4,15,26.7,SYNTHETIC_DEVELOPMENT
1027,2026-07-13,16,0,0,1,General Medicine,2,10.58,5,6,6,20,84.7,SYNTHETIC_DEVELOPMENT
1028,2026-07-13,11,0,1,2,Cardiology,3,19.25,5,9,6,15,119.4,SYNTHETIC_DEVELOPMENT
1029,2026-07-13,9,0,1,1,General Medicine,2,10.58,9,11,10,1,99.0,SYNTHETIC_DEVELOPMENT
1030,2026-07-13,14,0,1,3,Pediatrics,5,13.65,5,7,6,16,109.9,SYNTHETIC_DEVELOPMENT
1031,2026-07-13,13,0,0,3,Pediatrics,5,13.65,8,12,9,14,108.0,SYNTHETIC_DEVELOPMENT
1032,2026-07-13,15,0,1,5,Dermatology,7,9.0,9,9,10,21,87.8,SYNTHETIC_DEVELOPMENT
1033,2026-07-13,14,0,1,4,Orthopedics,6,14.5,5,5,6,17,79.0,SYNTHETIC_DEVELOPMENT
1034,2026-07-13,10,0,1,5,Dermatology,7,9.0,7,9,8,4,60.7,SYNTHETIC_DEVELOPMENT
1035,2026-07-13,9,0,1,4,Orthopedics,6,14.5,6,7,7,5,74.2,SYNTHETIC_DEVELOPMENT
1036,2026-07-13,10,0,1,1,General Medicine,2,10.58,8,11,9,6,104.3,SYNTHETIC_DEVELOPMENT
1037,2026-07-13,11,0,1,2,Cardiology,3,19.25,9,11,10,11,178.7,SYNTHETIC_DEVELOPMENT
1038,2026-07-13,15,0,1,1,General Medicine,1,11.5,9,14,10,20,112.8,SYNTHETIC_DEVELOPMENT
1039,2026-07-13,16,0,0,5,Dermatology,7,9.0,5,8,6,30,52.0,SYNTHETIC_DEVELOPMENT
1040,2026-07-13,16,0,0,1,General Medicine,2,10.58,4,6,5,17,35.7,SYNTHETIC_DEVELOPMENT
1041,2026-07-13,12,0,0,2,Cardiology,3,19.25,6,9,7,11,100.1,SYNTHETIC_DEVELOPMENT
1042,2026-07-13,11,0,1,3,Pediatrics,5,13.65,10,17,11,9,135.3,SYNTHETIC_DEVELOPMENT
1043,2026-07-13,15,0,1,4,Orthopedics,6,14.5,3,5,4,28,53.6,SYNTHETIC_DEVELOPMENT
1044,2026-07-13,10,0,1,1,General Medicine,2,10.58,4,4,5,7,41.9,SYNTHETIC_DEVELOPMENT
1045,2026-07-13,15,0,1,2,Cardiology,4,16.62,7,8,8,17,97.1,SYNTHETIC_DEVELOPMENT
1046,2026-07-13,17,0,0,1,General Medicine,1,11.5,7,10,8,31,111.1,SYNTHETIC_DEVELOPMENT
1047,2026-07-13,10,0,1,5,Dermatology,7,9.0,6,12,7,13,63.6,SYNTHETIC_DEVELOPMENT
1048,2026-07-13,10,0,1,3,Pediatrics,5,13.65,12,14,13,8,169.8,SYNTHETIC_DEVELOPMENT
1049,2026-07-13,11,0,1,4,Orthopedics,6,14.5,9,13,10,6,124.1,SYNTHETIC_DEVELOPMENT
1050,2026-07-13,17,0,0,1,General Medicine,1,11.5,5,7,6,23,56.9,SYNTHETIC_DEVELOPMENT
1051,2026-07-13,10,0,1,1,General Medicine,1,11.5,5,7,6,9,49.8,SYNTHETIC_DEVELOPMENT
1052,2026-07-13,10,0,1,1,General Medicine,2,10.58,8,11,9,8,84.1,SYNTHETIC_DEVELOPMENT
1053,2026-07-13,11,0,1,1,General Medicine,2,10.58,5,8,6,5,55.2,SYNTHETIC_DEVELOPMENT
1054,2026-07-13,14,0,1,1,General Medicine,1,11.5,9,14,10,12,107.5,SYNTHETIC_DEVELOPMENT
1055,2026-07-13,11,0,1,1,General Medicine,2,10.58,6,9,7,11,62.2,SYNTHETIC_DEVELOPMENT
1056,2026-07-13,15,0,1,2,Cardiology,3,19.25,3,5,4,33,61.2,SYNTHETIC_DEVELOPMENT
1057,2026-07-13,12,0,0,1,General Medicine,2,10.58,3,7,4,13,29.0,SYNTHETIC_DEVELOPMENT
1058,2026-07-13,12,0,0,2,Cardiology,4,16.62,4,5,5,14,62.1,SYNTHETIC_DEVELOPMENT
1059,2026-07-13,10,0,1,5,Dermatology,7,9.0,4,7,5,6,39.0,SYNTHETIC_DEVELOPMENT
1060,2026-07-13,13,0,0,1,General Medicine,2,10.58,8,10,9,9,68.5,SYNTHETIC_DEVELOPMENT
1061,2026-07-13,16,0,0,1,General Medicine,2,10.58,3,9,4,18,37.8,SYNTHETIC_DEVELOPMENT
1062,2026-07-13,11,0,1,1,General Medicine,1,11.5,8,8,9,9,95.8,SYNTHETIC_DEVELOPMENT
1063,2026-07-13,16,0,0,5,Dermatology,7,9.0,4,7,5,30,35.9,SYNTHETIC_DEVELOPMENT
1064,2026-07-13,11,0,1,1,General Medicine,1,11.5,5,9,6,11,69.8,SYNTHETIC_DEVELOPMENT
1065,2026-07-13,11,0,1,1,General Medicine,2,10.58,12,13,13,8,143.5,SYNTHETIC_DEVELOPMENT
1066,2026-07-13,13,0,0,3,Pediatrics,5,13.65,3,8,4,13,48.4,SYNTHETIC_DEVELOPMENT
1067,2026-07-13,14,0,1,5,Dermatology,7,9.0,11,14,12,20,104.5,SYNTHETIC_DEVELOPMENT
1068,2026-07-13,10,0,1,4,Orthopedics,6,14.5,6,6,7,7,107.8,SYNTHETIC_DEVELOPMENT
1069,2026-07-13,11,0,1,1,General Medicine,1,11.5,11,14,12,6,122.7,SYNTHETIC_DEVELOPMENT
1070,2026-07-13,12,0,0,4,Orthopedics,6,14.5,5,9,6,12,80.1,SYNTHETIC_DEVELOPMENT
1071,2026-07-13,9,0,1,5,Dermatology,7,9.0,6,9,7,2,54.6,SYNTHETIC_DEVELOPMENT
1072,2026-07-13,11,0,1,1,General Medicine,1,11.5,8,10,9,9,90.0,SYNTHETIC_DEVELOPMENT
1073,2026-07-13,11,0,1,4,Orthopedics,6,14.5,3,6,4,12,37.4,SYNTHETIC_DEVELOPMENT
1074,2026-07-13,10,0,1,1,General Medicine,2,10.58,8,10,9,13,94.1,SYNTHETIC_DEVELOPMENT
1075,2026-07-13,11,0,1,1,General Medicine,2,10.58,7,9,8,13,84.0,SYNTHETIC_DEVELOPMENT
1076,2026-07-13,10,0,1,2,Cardiology,3,19.25,7,12,8,4,131.9,SYNTHETIC_DEVELOPMENT
1077,2026-07-13,14,0,1,1,General Medicine,1,11.5,3,5,4,7,35.9,SYNTHETIC_DEVELOPMENT
1078,2026-07-13,17,0,0,1,General Medicine,1,11.5,7,9,8,35,84.7,SYNTHETIC_DEVELOPMENT
1079,2026-07-13,8,0,0,3,Pediatrics,5,13.65,4,10,5,2,67.5,SYNTHETIC_DEVELOPMENT
1080,2026-07-13,10,0,1,4,Orthopedics,6,14.5,10,13,11,10,179.6,SYNTHETIC_DEVELOPMENT
1081,2026-07-13,12,0,0,4,Orthopedics,6,14.5,9,10,10,11,157.1,SYNTHETIC_DEVELOPMENT
1082,2026-07-13,12,0,0,4,Orthopedics,6,14.5,3,6,4,8,43.8,SYNTHETIC_DEVELOPMENT
1083,2026-07-13,12,0,0,5,Dermatology,7,9.0,4,8,5,18,33.2,SYNTHETIC_DEVELOPMENT
1084,2026-07-13,14,0,1,1,General Medicine,2,10.58,5,10,6,23,60.7,SYNTHETIC_DEVELOPMENT
1085,2026-07-14,11,1,1,1,General Medicine,1,11.5,7,7,8,8,101.3,SYNTHETIC_DEVELOPMENT
1086,2026-07-14,9,1,1,4,Orthopedics,6,14.5,3,7,4,3,47.4,SYNTHETIC_DEVELOPMENT
1087,2026-07-14,9,1,1,2,Cardiology,4,16.62,8,12,9,0,179.5,SYNTHETIC_DEVELOPMENT
1088,2026-07-14,10,1,1,5,Dermatology,7,9.0,11,15,12,5,103.2,SYNTHETIC_DEVELOPMENT
1089,2026-07-14,12,1,0,5,Dermatology,7,9.0,3,5,4,7,23.4,SYNTHETIC_DEVELOPMENT
1090,2026-07-14,9,1,1,5,Dermatology,7,9.0,5,7,6,3,43.0,SYNTHETIC_DEVELOPMENT
1091,2026-07-14,13,1,0,1,General Medicine,2,10.58,3,5,4,22,40.0,SYNTHETIC_DEVELOPMENT
1092,2026-07-14,11,1,1,2,Cardiology,3,19.25,6,7,7,8,121.8,SYNTHETIC_DEVELOPMENT
1093,2026-07-14,11,1,1,2,Cardiology,3,19.25,8,9,9,10,152.7,SYNTHETIC_DEVELOPMENT
1094,2026-07-14,10,1,1,2,Cardiology,4,16.62,4,7,5,8,66.5,SYNTHETIC_DEVELOPMENT
1095,2026-07-14,14,1,1,4,Orthopedics,6,14.5,8,8,9,16,134.3,SYNTHETIC_DEVELOPMENT
1096,2026-07-14,12,1,0,3,Pediatrics,5,13.65,4,6,5,8,64.3,SYNTHETIC_DEVELOPMENT
1097,2026-07-14,10,1,1,1,General Medicine,1,11.5,9,13,10,10,118.9,SYNTHETIC_DEVELOPMENT
1098,2026-07-14,16,1,0,1,General Medicine,1,11.5,4,6,5,22,49.1,SYNTHETIC_DEVELOPMENT
1099,2026-07-14,9,1,1,5,Dermatology,7,9.0,12,17,13,2,137.8,SYNTHETIC_DEVELOPMENT
1100,2026-07-14,14,1,1,3,Pediatrics,5,13.65,6,8,7,20,93.3,SYNTHETIC_DEVELOPMENT
1101,2026-07-14,11,1,1,2,Cardiology,4,16.62,9,9,10,6,150.0,SYNTHETIC_DEVELOPMENT
1102,2026-07-14,13,1,0,1,General Medicine,1,11.5,2,6,3,11,20.5,SYNTHETIC_DEVELOPMENT
1103,2026-07-14,15,1,1,2,Cardiology,3,19.25,8,10,9,24,154.4,SYNTHETIC_DEVELOPMENT
1104,2026-07-14,15,1,1,2,Cardiology,4,16.62,3,5,4,18,59.1,SYNTHETIC_DEVELOPMENT
1105,2026-07-14,11,1,1,4,Orthopedics,6,14.5,4,9,5,10,65.1,SYNTHETIC_DEVELOPMENT
1106,2026-07-14,17,1,0,1,General Medicine,1,11.5,6,9,7,29,70.8,SYNTHETIC_DEVELOPMENT
1107,2026-07-14,16,1,0,5,Dermatology,7,9.0,6,9,7,23,58.2,SYNTHETIC_DEVELOPMENT
1108,2026-07-14,16,1,0,2,Cardiology,4,16.62,5,9,6,35,94.8,SYNTHETIC_DEVELOPMENT
1109,2026-07-14,11,1,1,1,General Medicine,2,10.58,8,8,9,12,97.4,SYNTHETIC_DEVELOPMENT
1110,2026-07-14,10,1,1,5,Dermatology,7,9.0,5,10,6,7,46.1,SYNTHETIC_DEVELOPMENT
1111,2026-07-14,9,1,1,5,Dermatology,7,9.0,8,8,9,2,83.4,SYNTHETIC_DEVELOPMENT
1112,2026-07-14,9,1,1,1,General Medicine,1,11.5,5,6,6,6,63.1,SYNTHETIC_DEVELOPMENT
1113,2026-07-14,11,1,1,3,Pediatrics,5,13.65,8,8,9,5,124.3,SYNTHETIC_DEVELOPMENT
1114,2026-07-14,11,1,1,2,Cardiology,4,16.62,7,10,8,13,124.2,SYNTHETIC_DEVELOPMENT
1115,2026-07-14,10,1,1,2,Cardiology,4,16.62,5,11,6,8,90.3,SYNTHETIC_DEVELOPMENT
1116,2026-07-14,10,1,1,4,Orthopedics,6,14.5,6,8,7,1,113.7,SYNTHETIC_DEVELOPMENT
1117,2026-07-14,11,1,1,5,Dermatology,7,9.0,4,7,5,8,42.8,SYNTHETIC_DEVELOPMENT
1118,2026-07-14,14,1,1,4,Orthopedics,6,14.5,7,7,8,17,101.5,SYNTHETIC_DEVELOPMENT
1119,2026-07-14,12,1,0,1,General Medicine,1,11.5,5,7,6,16,65.0,SYNTHETIC_DEVELOPMENT
1120,2026-07-14,15,1,1,1,General Medicine,1,11.5,6,6,7,18,87.4,SYNTHETIC_DEVELOPMENT
1121,2026-07-14,16,1,0,5,Dermatology,7,9.0,7,8,8,27,83.5,SYNTHETIC_DEVELOPMENT
1122,2026-07-14,11,1,1,2,Cardiology,4,16.62,7,10,8,8,131.2,SYNTHETIC_DEVELOPMENT
1123,2026-07-14,10,1,1,3,Pediatrics,5,13.65,10,12,11,5,144.8,SYNTHETIC_DEVELOPMENT
1124,2026-07-14,9,1,1,2,Cardiology,4,16.62,5,7,6,2,86.2,SYNTHETIC_DEVELOPMENT
1125,2026-07-14,10,1,1,3,Pediatrics,5,13.65,9,10,10,3,110.6,SYNTHETIC_DEVELOPMENT
1126,2026-07-14,8,1,0,1,General Medicine,2,10.58,3,7,4,0,38.1,SYNTHETIC_DEVELOPMENT
1127,2026-07-14,11,1,1,3,Pediatrics,5,13.65,9,10,10,12,120.3,SYNTHETIC_DEVELOPMENT
1128,2026-07-14,15,1,1,4,Orthopedics,6,14.5,8,10,9,31,104.8,SYNTHETIC_DEVELOPMENT
1129,2026-07-14,16,1,0,1,General Medicine,1,11.5,5,8,6,23,66.3,SYNTHETIC_DEVELOPMENT
1130,2026-07-14,11,1,1,2,Cardiology,3,19.25,11,12,12,12,180.0,SYNTHETIC_DEVELOPMENT
1131,2026-07-14,14,1,1,2,Cardiology,4,16.62,6,11,7,18,102.2,SYNTHETIC_DEVELOPMENT
1132,2026-07-14,11,1,1,1,General Medicine,2,10.58,1,3,2,10,8.9,SYNTHETIC_DEVELOPMENT
1133,2026-07-14,10,1,1,3,Pediatrics,5,13.65,5,7,6,10,67.8,SYNTHETIC_DEVELOPMENT
1134,2026-07-14,15,1,1,1,General Medicine,2,10.58,3,5,4,21,33.3,SYNTHETIC_DEVELOPMENT
1135,2026-07-14,8,1,0,2,Cardiology,4,16.62,6,9,7,1,103.6,SYNTHETIC_DEVELOPMENT
1136,2026-07-14,11,1,1,1,General Medicine,1,11.5,4,5,5,7,46.8,SYNTHETIC_DEVELOPMENT
1137,2026-07-14,15,1,1,1,General Medicine,1,11.5,5,6,6,18,66.9,SYNTHETIC_DEVELOPMENT
1138,2026-07-14,11,1,1,2,Cardiology,3,19.25,7,7,8,4,146.9,SYNTHETIC_DEVELOPMENT
1139,2026-07-14,12,1,0,5,Dermatology,7,9.0,4,4,5,17,43.9,SYNTHETIC_DEVELOPMENT
1140,2026-07-14,11,1,1,4,Orthopedics,6,14.5,9,14,10,16,128.6,SYNTHETIC_DEVELOPMENT
1141,2026-07-14,16,1,0,1,General Medicine,2,10.58,3,4,4,34,36.0,SYNTHETIC_DEVELOPMENT
1142,2026-07-14,16,1,0,3,Pediatrics,5,13.65,6,9,7,27,89.6,SYNTHETIC_DEVELOPMENT
1143,2026-07-14,8,1,0,1,General Medicine,1,11.5,1,5,2,0,10.5,SYNTHETIC_DEVELOPMENT
1144,2026-07-14,11,1,1,4,Orthopedics,6,14.5,8,9,9,12,104.6,SYNTHETIC_DEVELOPMENT
1145,2026-07-14,15,1,1,2,Cardiology,3,19.25,9,11,10,26,180.0,SYNTHETIC_DEVELOPMENT
1146,2026-07-14,15,1,1,2,Cardiology,3,19.25,6,9,7,27,103.9,SYNTHETIC_DEVELOPMENT
1147,2026-07-14,9,1,1,2,Cardiology,4,16.62,5,8,6,3,111.2,SYNTHETIC_DEVELOPMENT
1148,2026-07-14,15,1,1,4,Orthopedics,6,14.5,10,14,11,27,164.4,SYNTHETIC_DEVELOPMENT
1149,2026-07-14,12,1,0,1,General Medicine,1,11.5,4,9,5,14,51.4,SYNTHETIC_DEVELOPMENT
1150,2026-07-14,16,1,0,1,General Medicine,1,11.5,3,7,4,23,33.6,SYNTHETIC_DEVELOPMENT
1151,2026-07-14,13,1,0,3,Pediatrics,5,13.65,3,5,4,17,46.8,SYNTHETIC_DEVELOPMENT
1152,2026-07-14,10,1,1,3,Pediatrics,5,13.65,5,7,6,4,71.9,SYNTHETIC_DEVELOPMENT
1153,2026-07-14,16,1,0,2,Cardiology,3,19.25,6,9,7,20,114.8,SYNTHETIC_DEVELOPMENT
1154,2026-07-14,17,1,0,2,Cardiology,4,16.62,4,10,5,35,73.5,SYNTHETIC_DEVELOPMENT
1155,2026-07-14,13,1,0,4,Orthopedics,6,14.5,6,7,7,21,94.5,SYNTHETIC_DEVELOPMENT
1156,2026-07-14,10,1,1,3,Pediatrics,5,13.65,7,8,8,7,97.1,SYNTHETIC_DEVELOPMENT
1157,2026-07-14,10,1,1,1,General Medicine,1,11.5,9,17,10,1,115.6,SYNTHETIC_DEVELOPMENT
1158,2026-07-14,10,1,1,5,Dermatology,7,9.0,7,12,8,4,65.0,SYNTHETIC_DEVELOPMENT
1159,2026-07-14,15,1,1,1,General Medicine,1,11.5,10,14,11,25,107.2,SYNTHETIC_DEVELOPMENT
1160,2026-07-14,10,1,1,1,General Medicine,1,11.5,7,8,8,6,111.0,SYNTHETIC_DEVELOPMENT
1161,2026-07-14,10,1,1,1,General Medicine,1,11.5,6,6,7,5,69.1,SYNTHETIC_DEVELOPMENT
1162,2026-07-14,10,1,1,4,Orthopedics,6,14.5,6,7,7,9,92.9,SYNTHETIC_DEVELOPMENT
1163,2026-07-14,14,1,1,4,Orthopedics,6,14.5,5,11,6,15,65.1,SYNTHETIC_DEVELOPMENT
1164,2026-07-14,16,1,0,2,Cardiology,4,16.62,7,9,8,27,124.7,SYNTHETIC_DEVELOPMENT
1165,2026-07-14,9,1,1,2,Cardiology,4,16.62,4,5,5,2,83.7,SYNTHETIC_DEVELOPMENT
1166,2026-07-14,16,1,0,2,Cardiology,3,19.25,3,5,4,28,53.7,SYNTHETIC_DEVELOPMENT
1167,2026-07-14,15,1,1,3,Pediatrics,5,13.65,6,8,7,21,88.1,SYNTHETIC_DEVELOPMENT
1168,2026-07-15,11,2,1,2,Cardiology,4,16.62,8,9,9,13,140.5,SYNTHETIC_DEVELOPMENT
1169,2026-07-15,10,2,1,1,General Medicine,1,11.5,4,5,5,10,45.7,SYNTHETIC_DEVELOPMENT
1170,2026-07-15,9,2,1,5,Dermatology,7,9.0,4,7,5,5,49.8,SYNTHETIC_DEVELOPMENT
1171,2026-07-15,12,2,0,2,Cardiology,4,16.62,7,9,8,8,113.9,SYNTHETIC_DEVELOPMENT
1172,2026-07-15,11,2,1,3,Pediatrics,5,13.65,5,10,6,7,86.4,SYNTHETIC_DEVELOPMENT
1173,2026-07-15,14,2,1,3,Pediatrics,5,13.65,4,4,5,12,57.2,SYNTHETIC_DEVELOPMENT
1174,2026-07-15,16,2,0,2,Cardiology,4,16.62,1,2,2,29,20.4,SYNTHETIC_DEVELOPMENT
1175,2026-07-15,9,2,1,5,Dermatology,7,9.0,3,4,4,2,23.2,SYNTHETIC_DEVELOPMENT
1176,2026-07-15,14,2,1,2,Cardiology,4,16.62,4,6,5,11,73.4,SYNTHETIC_DEVELOPMENT
1177,2026-07-15,14,2,1,4,Orthopedics,6,14.5,6,11,7,20,101.9,SYNTHETIC_DEVELOPMENT
1178,2026-07-15,14,2,1,3,Pediatrics,5,13.65,5,9,6,14,83.0,SYNTHETIC_DEVELOPMENT
1179,2026-07-15,8,2,0,2,Cardiology,4,16.62,3,4,4,0,38.9,SYNTHETIC_DEVELOPMENT
1180,2026-07-15,12,2,0,1,General Medicine,2,10.58,5,7,6,15,68.2,SYNTHETIC_DEVELOPMENT
1181,2026-07-15,15,2,1,1,General Medicine,1,11.5,10,11,11,26,132.0,SYNTHETIC_DEVELOPMENT
1182,2026-07-15,10,2,1,5,Dermatology,7,9.0,12,13,13,7,113.9,SYNTHETIC_DEVELOPMENT
1183,2026-07-15,9,2,1,1,General Medicine,2,10.58,8,10,9,5,101.5,SYNTHETIC_DEVELOPMENT
1184,2026-07-15,12,2,0,4,Orthopedics,6,14.5,3,4,4,14,39.4,SYNTHETIC_DEVELOPMENT
1185,2026-07-15,9,2,1,1,General Medicine,1,11.5,7,10,8,4,99.4,SYNTHETIC_DEVELOPMENT
1186,2026-07-15,14,2,1,1,General Medicine,1,11.5,7,10,8,14,77.9,SYNTHETIC_DEVELOPMENT
1187,2026-07-15,13,2,0,5,Dermatology,7,9.0,6,12,7,23,58.0,SYNTHETIC_DEVELOPMENT
1188,2026-07-15,11,2,1,2,Cardiology,4,16.62,5,6,6,10,76.7,SYNTHETIC_DEVELOPMENT
1189,2026-07-15,10,2,1,4,Orthopedics,6,14.5,9,10,10,4,114.0,SYNTHETIC_DEVELOPMENT
1190,2026-07-15,16,2,0,2,Cardiology,3,19.25,0,3,1,29,2.3,SYNTHETIC_DEVELOPMENT
1191,2026-07-15,9,2,1,5,Dermatology,7,9.0,15,19,16,2,165.9,SYNTHETIC_DEVELOPMENT
1192,2026-07-15,13,2,0,2,Cardiology,3,19.25,5,7,6,15,126.4,SYNTHETIC_DEVELOPMENT
1193,2026-07-15,10,2,1,2,Cardiology,3,19.25,5,5,6,6,140.8,SYNTHETIC_DEVELOPMENT
1194,2026-07-15,16,2,0,1,General Medicine,2,10.58,6,7,7,25,81.5,SYNTHETIC_DEVELOPMENT
1195,2026-07-15,11,2,1,2,Cardiology,4,16.62,5,8,6,18,72.4,SYNTHETIC_DEVELOPMENT
1196,2026-07-15,15,2,1,1,General Medicine,2,10.58,3,4,4,20,32.1,SYNTHETIC_DEVELOPMENT
1197,2026-07-15,16,2,0,2,Cardiology,4,16.62,2,9,3,24,22.1,SYNTHETIC_DEVELOPMENT
1198,2026-07-15,10,2,1,3,Pediatrics,5,13.65,5,10,6,7,66.4,SYNTHETIC_DEVELOPMENT
1199,2026-07-15,14,2,1,1,General Medicine,1,11.5,5,8,6,17,66.9,SYNTHETIC_DEVELOPMENT
1200,2026-07-15,10,2,1,1,General Medicine,1,11.5,7,10,8,4,77.7,SYNTHETIC_DEVELOPMENT
1201,2026-07-15,11,2,1,2,Cardiology,4,16.62,3,3,4,8,47.3,SYNTHETIC_DEVELOPMENT
1202,2026-07-15,14,2,1,2,Cardiology,3,19.25,11,15,12,22,180.0,SYNTHETIC_DEVELOPMENT
1203,2026-07-15,11,2,1,2,Cardiology,4,16.62,10,15,11,6,161.2,SYNTHETIC_DEVELOPMENT
1204,2026-07-15,15,2,1,2,Cardiology,4,16.62,6,7,7,24,99.4,SYNTHETIC_DEVELOPMENT
1205,2026-07-15,15,2,1,4,Orthopedics,6,14.5,3,5,4,21,59.3,SYNTHETIC_DEVELOPMENT
1206,2026-07-15,12,2,0,2,Cardiology,3,19.25,1,5,2,7,26.6,SYNTHETIC_DEVELOPMENT
1207,2026-07-15,11,2,1,4,Orthopedics,6,14.5,8,9,9,8,115.2,SYNTHETIC_DEVELOPMENT
1208,2026-07-15,12,2,0,3,Pediatrics,5,13.65,3,6,4,14,48.5,SYNTHETIC_DEVELOPMENT
1209,2026-07-15,14,2,1,1,General Medicine,2,10.58,5,6,6,20,52.1,SYNTHETIC_DEVELOPMENT
1210,2026-07-15,15,2,1,4,Orthopedics,6,14.5,5,10,6,23,85.4,SYNTHETIC_DEVELOPMENT
1211,2026-07-15,13,2,0,1,General Medicine,1,11.5,1,3,2,11,10.3,SYNTHETIC_DEVELOPMENT
1212,2026-07-15,10,2,1,1,General Medicine,2,10.58,8,10,9,11,85.6,SYNTHETIC_DEVELOPMENT
1213,2026-07-15,9,2,1,3,Pediatrics,5,13.65,11,17,12,2,159.4,SYNTHETIC_DEVELOPMENT
1214,2026-07-15,15,2,1,4,Orthopedics,6,14.5,9,14,10,12,130.1,SYNTHETIC_DEVELOPMENT
1215,2026-07-15,16,2,0,5,Dermatology,7,9.0,6,9,7,21,67.1,SYNTHETIC_DEVELOPMENT
1216,2026-07-15,10,2,1,3,Pediatrics,5,13.65,5,7,6,7,60.7,SYNTHETIC_DEVELOPMENT
1217,2026-07-15,13,2,0,5,Dermatology,7,9.0,4,5,5,17,44.7,SYNTHETIC_DEVELOPMENT
1218,2026-07-15,16,2,0,1,General Medicine,2,10.58,3,5,4,25,24.4,SYNTHETIC_DEVELOPMENT
1219,2026-07-15,10,2,1,5,Dermatology,7,9.0,4,5,5,7,47.0,SYNTHETIC_DEVELOPMENT
1220,2026-07-15,10,2,1,2,Cardiology,4,16.62,6,10,7,6,83.0,SYNTHETIC_DEVELOPMENT
1221,2026-07-15,11,2,1,3,Pediatrics,5,13.65,8,11,9,6,110.3,SYNTHETIC_DEVELOPMENT
1222,2026-07-15,13,2,0,2,Cardiology,4,16.62,3,5,4,19,50.1,SYNTHETIC_DEVELOPMENT
1223,2026-07-15,9,2,1,3,Pediatrics,5,13.65,7,7,8,2,103.5,SYNTHETIC_DEVELOPMENT
1224,2026-07-15,8,2,0,5,Dermatology,7,9.0,1,3,2,0,10.6,SYNTHETIC_DEVELOPMENT
1225,2026-07-15,11,2,1,5,Dermatology,7,9.0,8,9,9,9,75.4,SYNTHETIC_DEVELOPMENT
1226,2026-07-15,13,2,0,4,Orthopedics,6,14.5,4,8,5,12,64.4,SYNTHETIC_DEVELOPMENT
1227,2026-07-15,13,2,0,2,Cardiology,3,19.25,6,7,7,19,129.2,SYNTHETIC_DEVELOPMENT
1228,2026-07-15,8,2,0,1,General Medicine,1,11.5,2,3,3,1,24.9,SYNTHETIC_DEVELOPMENT
1229,2026-07-15,9,2,1,3,Pediatrics,5,13.65,7,11,8,3,96.2,SYNTHETIC_DEVELOPMENT
1230,2026-07-15,9,2,1,4,Orthopedics,6,14.5,7,10,8,7,123.9,SYNTHETIC_DEVELOPMENT
1231,2026-07-15,10,2,1,3,Pediatrics,5,13.65,6,9,7,13,104.5,SYNTHETIC_DEVELOPMENT
1232,2026-07-15,8,2,0,2,Cardiology,4,16.62,1,1,2,0,16.0,SYNTHETIC_DEVELOPMENT
1233,2026-07-15,10,2,1,1,General Medicine,1,11.5,9,10,10,3,122.9,SYNTHETIC_DEVELOPMENT
1234,2026-07-15,15,2,1,1,General Medicine,1,11.5,6,9,7,15,87.0,SYNTHETIC_DEVELOPMENT
1235,2026-07-15,9,2,1,2,Cardiology,3,19.25,8,11,9,3,149.2,SYNTHETIC_DEVELOPMENT
1236,2026-07-15,14,2,1,4,Orthopedics,6,14.5,5,6,6,22,88.2,SYNTHETIC_DEVELOPMENT
1237,2026-07-15,8,2,0,4,Orthopedics,6,14.5,5,11,6,0,77.7,SYNTHETIC_DEVELOPMENT
1238,2026-07-15,14,2,1,1,General Medicine,2,10.58,8,10,9,18,97.2,SYNTHETIC_DEVELOPMENT
1239,2026-07-15,8,2,0,5,Dermatology,7,9.0,4,10,5,2,30.3,SYNTHETIC_DEVELOPMENT
1240,2026-07-15,15,2,1,1,General Medicine,1,11.5,2,4,3,23,23.5,SYNTHETIC_DEVELOPMENT
1241,2026-07-15,11,2,1,5,Dermatology,7,9.0,5,8,6,11,53.3,SYNTHETIC_DEVELOPMENT
1242,2026-07-15,10,2,1,1,General Medicine,1,11.5,6,7,7,8,67.5,SYNTHETIC_DEVELOPMENT
1243,2026-07-15,10,2,1,3,Pediatrics,5,13.65,2,4,3,4,24.3,SYNTHETIC_DEVELOPMENT
1244,2026-07-15,10,2,1,3,Pediatrics,5,13.65,10,12,11,4,140.2,SYNTHETIC_DEVELOPMENT
1245,2026-07-15,10,2,1,2,Cardiology,4,16.62,7,8,8,9,133.7,SYNTHETIC_DEVELOPMENT
1246,2026-07-15,11,2,1,3,Pediatrics,5,13.65,4,9,5,7,57.1,SYNTHETIC_DEVELOPMENT
1247,2026-07-15,9,2,1,3,Pediatrics,5,13.65,8,10,9,0,103.9,SYNTHETIC_DEVELOPMENT
1248,2026-07-15,16,2,0,5,Dermatology,7,9.0,2,9,3,25,17.9,SYNTHETIC_DEVELOPMENT
1249,2026-07-15,11,2,1,3,Pediatrics,5,13.65,5,8,6,14,63.9,SYNTHETIC_DEVELOPMENT
1250,2026-07-15,12,2,0,1,General Medicine,2,10.58,9,9,10,12,109.3,SYNTHETIC_DEVELOPMENT
1251,2026-07-16,10,3,1,1,General Medicine,2,10.58,3,3,4,2,29.9,SYNTHETIC_DEVELOPMENT
1252,2026-07-16,8,3,0,1,General Medicine,1,11.5,4,6,5,1,49.2,SYNTHETIC_DEVELOPMENT
1253,2026-07-16,10,3,1,1,General Medicine,2,10.58,5,9,6,6,67.0,SYNTHETIC_DEVELOPMENT
1254,2026-07-16,12,3,0,2,Cardiology,3,19.25,4,7,5,14,89.8,SYNTHETIC_DEVELOPMENT
1255,2026-07-16,14,3,1,2,Cardiology,3,19.25,9,13,10,27,180.0,SYNTHETIC_DEVELOPMENT
1256,2026-07-16,11,3,1,4,Orthopedics,6,14.5,9,9,10,12,130.8,SYNTHETIC_DEVELOPMENT
1257,2026-07-16,14,3,1,1,General Medicine,2,10.58,9,12,10,24,94.4,SYNTHETIC_DEVELOPMENT
1258,2026-07-16,10,3,1,5,Dermatology,7,9.0,4,7,5,3,40.4,SYNTHETIC_DEVELOPMENT
1259,2026-07-16,16,3,0,1,General Medicine,1,11.5,3,4,4,28,38.4,SYNTHETIC_DEVELOPMENT
1260,2026-07-16,14,3,1,3,Pediatrics,5,13.65,10,13,11,17,142.5,SYNTHETIC_DEVELOPMENT
1261,2026-07-16,8,3,0,2,Cardiology,4,16.62,5,6,6,0,74.7,SYNTHETIC_DEVELOPMENT
1262,2026-07-16,11,3,1,4,Orthopedics,6,14.5,8,9,9,9,110.3,SYNTHETIC_DEVELOPMENT
1263,2026-07-16,10,3,1,2,Cardiology,4,16.62,6,7,7,7,108.5,SYNTHETIC_DEVELOPMENT
1264,2026-07-16,11,3,1,2,Cardiology,3,19.25,4,8,5,10,69.4,SYNTHETIC_DEVELOPMENT
1265,2026-07-16,10,3,1,2,Cardiology,4,16.62,13,15,14,7,180.0,SYNTHETIC_DEVELOPMENT
1266,2026-07-16,16,3,0,3,Pediatrics,5,13.65,2,6,3,18,32.5,SYNTHETIC_DEVELOPMENT
1267,2026-07-16,16,3,0,5,Dermatology,7,9.0,3,6,4,23,34.2,SYNTHETIC_DEVELOPMENT
1268,2026-07-16,9,3,1,5,Dermatology,7,9.0,7,11,8,3,64.6,SYNTHETIC_DEVELOPMENT
1269,2026-07-16,17,3,0,5,Dermatology,7,9.0,4,5,5,32,37.5,SYNTHETIC_DEVELOPMENT
1270,2026-07-16,11,3,1,4,Orthopedics,6,14.5,7,10,8,9,131.3,SYNTHETIC_DEVELOPMENT
1271,2026-07-16,15,3,1,1,General Medicine,1,11.5,4,5,5,20,52.4,SYNTHETIC_DEVELOPMENT
1272,2026-07-16,10,3,1,5,Dermatology,7,9.0,12,17,13,4,131.6,SYNTHETIC_DEVELOPMENT
1273,2026-07-16,10,3,1,1,General Medicine,2,10.58,6,8,7,5,71.0,SYNTHETIC_DEVELOPMENT
1274,2026-07-16,10,3,1,2,Cardiology,3,19.25,6,9,7,4,120.2,SYNTHETIC_DEVELOPMENT
1275,2026-07-16,14,3,1,1,General Medicine,2,10.58,7,9,8,28,79.3,SYNTHETIC_DEVELOPMENT
1276,2026-07-16,12,3,0,1,General Medicine,2,10.58,6,8,7,19,62.7,SYNTHETIC_DEVELOPMENT
1277,2026-07-16,12,3,0,4,Orthopedics,6,14.5,5,8,6,9,81.4,SYNTHETIC_DEVELOPMENT
1278,2026-07-16,9,3,1,5,Dermatology,7,9.0,6,7,7,2,59.7,SYNTHETIC_DEVELOPMENT
1279,2026-07-16,12,3,0,3,Pediatrics,5,13.65,4,11,5,11,75.4,SYNTHETIC_DEVELOPMENT
1280,2026-07-16,15,3,1,4,Orthopedics,6,14.5,7,7,8,34,101.9,SYNTHETIC_DEVELOPMENT
1281,2026-07-16,10,3,1,1,General Medicine,2,10.58,8,9,9,6,95.0,SYNTHETIC_DEVELOPMENT
1282,2026-07-16,12,3,0,2,Cardiology,3,19.25,5,6,6,11,106.1,SYNTHETIC_DEVELOPMENT
1283,2026-07-16,14,3,1,2,Cardiology,3,19.25,10,11,11,21,180.0,SYNTHETIC_DEVELOPMENT
1284,2026-07-16,10,3,1,2,Cardiology,4,16.62,3,4,4,8,52.3,SYNTHETIC_DEVELOPMENT
1285,2026-07-16,16,3,0,2,Cardiology,4,16.62,4,6,5,19,80.5,SYNTHETIC_DEVELOPMENT
1286,2026-07-16,15,3,1,2,Cardiology,4,16.62,6,11,7,19,125.4,SYNTHETIC_DEVELOPMENT
1287,2026-07-16,9,3,1,1,General Medicine,2,10.58,6,9,7,2,62.3,SYNTHETIC_DEVELOPMENT
1288,2026-07-16,9,3,1,2,Cardiology,3,19.25,4,10,5,6,87.9,SYNTHETIC_DEVELOPMENT
1289,2026-07-16,11,3,1,2,Cardiology,3,19.25,6,8,7,4,110.7,SYNTHETIC_DEVELOPMENT
1290,2026-07-16,9,3,1,5,Dermatology,7,9.0,7,11,8,1,73.8,SYNTHETIC_DEVELOPMENT
1291,2026-07-16,15,3,1,2,Cardiology,4,16.62,5,8,6,26,88.2,SYNTHETIC_DEVELOPMENT
1292,2026-07-16,10,3,1,1,General Medicine,1,11.5,3,3,4,5,28.6,SYNTHETIC_DEVELOPMENT
1293,2026-07-16,9,3,1,4,Orthopedics,6,14.5,5,6,6,3,79.8,SYNTHETIC_DEVELOPMENT
1294,2026-07-16,12,3,0,2,Cardiology,4,16.62,1,5,2,16,12.8,SYNTHETIC_DEVELOPMENT
1295,2026-07-16,10,3,1,2,Cardiology,3,19.25,5,8,6,6,90.1,SYNTHETIC_DEVELOPMENT
1296,2026-07-16,9,3,1,3,Pediatrics,5,13.65,6,7,7,3,87.6,SYNTHETIC_DEVELOPMENT
1297,2026-07-16,11,3,1,2,Cardiology,4,16.62,7,8,8,8,114.6,SYNTHETIC_DEVELOPMENT
1298,2026-07-16,10,3,1,2,Cardiology,4,16.62,7,9,8,6,104.9,SYNTHETIC_DEVELOPMENT
1299,2026-07-16,9,3,1,3,Pediatrics,5,13.65,6,12,7,5,82.4,SYNTHETIC_DEVELOPMENT
1300,2026-07-16,9,3,1,1,General Medicine,2,10.58,6,9,7,3,73.1,SYNTHETIC_DEVELOPMENT
1301,2026-07-16,15,3,1,5,Dermatology,7,9.0,8,10,9,20,83.5,SYNTHETIC_DEVELOPMENT
1302,2026-07-16,9,3,1,2,Cardiology,3,19.25,6,9,7,2,120.4,SYNTHETIC_DEVELOPMENT
1303,2026-07-16,15,3,1,3,Pediatrics,5,13.65,4,10,5,17,62.5,SYNTHETIC_DEVELOPMENT
1304,2026-07-16,15,3,1,3,Pediatrics,5,13.65,10,14,11,16,142.0,SYNTHETIC_DEVELOPMENT
1305,2026-07-16,9,3,1,2,Cardiology,3,19.25,9,11,10,2,180.0,SYNTHETIC_DEVELOPMENT
1306,2026-07-16,8,3,0,3,Pediatrics,5,13.65,4,7,5,1,51.0,SYNTHETIC_DEVELOPMENT
1307,2026-07-16,12,3,0,4,Orthopedics,6,14.5,3,6,4,18,41.2,SYNTHETIC_DEVELOPMENT
1308,2026-07-16,10,3,1,4,Orthopedics,6,14.5,4,5,5,9,66.3,SYNTHETIC_DEVELOPMENT
1309,2026-07-16,17,3,0,2,Cardiology,4,16.62,5,7,6,28,94.1,SYNTHETIC_DEVELOPMENT
1310,2026-07-16,15,3,1,2,Cardiology,3,19.25,2,6,3,24,34.4,SYNTHETIC_DEVELOPMENT
1311,2026-07-16,9,3,1,2,Cardiology,3,19.25,9,11,10,4,180.0,SYNTHETIC_DEVELOPMENT
1312,2026-07-16,13,3,0,4,Orthopedics,6,14.5,2,5,3,16,27.4,SYNTHETIC_DEVELOPMENT
1313,2026-07-16,11,3,1,5,Dermatology,7,9.0,3,5,4,20,35.7,SYNTHETIC_DEVELOPMENT
1314,2026-07-16,9,3,1,1,General Medicine,1,11.5,6,10,7,3,78.3,SYNTHETIC_DEVELOPMENT
1315,2026-07-16,10,3,1,1,General Medicine,1,11.5,6,8,7,9,81.0,SYNTHETIC_DEVELOPMENT
1316,2026-07-16,13,3,0,2,Cardiology,3,19.25,1,5,2,21,23.0,SYNTHETIC_DEVELOPMENT
1317,2026-07-16,10,3,1,3,Pediatrics,5,13.65,4,7,5,7,63.4,SYNTHETIC_DEVELOPMENT
1318,2026-07-16,17,3,0,2,Cardiology,4,16.62,7,12,8,28,132.0,SYNTHETIC_DEVELOPMENT
1319,2026-07-16,11,3,1,4,Orthopedics,6,14.5,7,9,8,7,120.5,SYNTHETIC_DEVELOPMENT
1320,2026-07-16,9,3,1,3,Pediatrics,5,13.65,9,17,10,2,114.8,SYNTHETIC_DEVELOPMENT
1321,2026-07-16,11,3,1,3,Pediatrics,5,13.65,6,6,7,11,85.7,SYNTHETIC_DEVELOPMENT
1322,2026-07-16,17,3,0,3,Pediatrics,5,13.65,1,3,2,24,23.2,SYNTHETIC_DEVELOPMENT
1323,2026-07-16,9,3,1,1,General Medicine,1,11.5,6,8,7,2,79.5,SYNTHETIC_DEVELOPMENT
1324,2026-07-16,15,3,1,3,Pediatrics,5,13.65,4,6,5,30,53.3,SYNTHETIC_DEVELOPMENT
1325,2026-07-16,10,3,1,3,Pediatrics,5,13.65,8,8,9,7,114.8,SYNTHETIC_DEVELOPMENT
1326,2026-07-16,9,3,1,5,Dermatology,7,9.0,2,5,3,1,17.0,SYNTHETIC_DEVELOPMENT
1327,2026-07-16,8,3,0,1,General Medicine,1,11.5,2,4,3,1,19.6,SYNTHETIC_DEVELOPMENT
1328,2026-07-16,8,3,0,3,Pediatrics,5,13.65,2,5,3,0,33.0,SYNTHETIC_DEVELOPMENT
1329,2026-07-16,9,3,1,3,Pediatrics,5,13.65,5,8,6,2,74.9,SYNTHETIC_DEVELOPMENT
1330,2026-07-16,9,3,1,2,Cardiology,4,16.62,8,9,9,5,130.9,SYNTHETIC_DEVELOPMENT
1331,2026-07-16,10,3,1,5,Dermatology,7,9.0,6,8,7,7,55.2,SYNTHETIC_DEVELOPMENT
1332,2026-07-16,15,3,1,2,Cardiology,3,19.25,4,6,5,17,79.2,SYNTHETIC_DEVELOPMENT
1333,2026-07-16,11,3,1,1,General Medicine,2,10.58,5,6,6,13,61.4,SYNTHETIC_DEVELOPMENT
1334,2026-07-16,15,3,1,5,Dermatology,7,9.0,4,7,5,29,48.7,SYNTHETIC_DEVELOPMENT
1335,2026-07-17,9,4,1,2,Cardiology,3,19.25,3,4,4,3,67.0,SYNTHETIC_DEVELOPMENT
1336,2026-07-17,12,4,0,3,Pediatrics,5,13.65,3,9,4,14,42.4,SYNTHETIC_DEVELOPMENT
1337,2026-07-17,10,4,1,2,Cardiology,4,16.62,6,7,7,6,94.2,SYNTHETIC_DEVELOPMENT
1338,2026-07-17,12,4,0,2,Cardiology,4,16.62,3,3,4,7,46.9,SYNTHETIC_DEVELOPMENT
1339,2026-07-17,10,4,1,2,Cardiology,4,16.62,5,6,6,8,85.6,SYNTHETIC_DEVELOPMENT
1340,2026-07-17,12,4,0,2,Cardiology,4,16.62,5,10,6,11,75.0,SYNTHETIC_DEVELOPMENT
1341,2026-07-17,15,4,1,4,Orthopedics,6,14.5,6,7,7,19,108.9,SYNTHETIC_DEVELOPMENT
1342,2026-07-17,9,4,1,1,General Medicine,2,10.58,5,7,6,0,55.4,SYNTHETIC_DEVELOPMENT
1343,2026-07-17,11,4,1,4,Orthopedics,6,14.5,5,6,6,3,85.4,SYNTHETIC_DEVELOPMENT
1344,2026-07-17,9,4,1,4,Orthopedics,6,14.5,4,7,5,4,70.8,SYNTHETIC_DEVELOPMENT
1345,2026-07-17,12,4,0,1,General Medicine,2,10.58,6,11,7,9,57.6,SYNTHETIC_DEVELOPMENT
1346,2026-07-17,11,4,1,3,Pediatrics,5,13.65,8,13,9,15,108.1,SYNTHETIC_DEVELOPMENT
1347,2026-07-17,9,4,1,4,Orthopedics,6,14.5,9,11,10,0,173.7,SYNTHETIC_DEVELOPMENT
1348,2026-07-17,10,4,1,2,Cardiology,3,19.25,9,13,10,4,168.0,SYNTHETIC_DEVELOPMENT
1349,2026-07-17,15,4,1,2,Cardiology,4,16.62,3,5,4,15,73.4,SYNTHETIC_DEVELOPMENT
1350,2026-07-17,10,4,1,1,General Medicine,2,10.58,6,10,7,7,75.4,SYNTHETIC_DEVELOPMENT
1351,2026-07-17,10,4,1,1,General Medicine,1,11.5,8,10,9,8,76.6,SYNTHETIC_DEVELOPMENT
1352,2026-07-17,14,4,1,3,Pediatrics,5,13.65,4,4,5,22,63.7,SYNTHETIC_DEVELOPMENT
1353,2026-07-17,12,4,0,2,Cardiology,4,16.62,2,3,3,15,41.3,SYNTHETIC_DEVELOPMENT
1354,2026-07-17,10,4,1,5,Dermatology,7,9.0,9,11,10,6,95.2,SYNTHETIC_DEVELOPMENT
1355,2026-07-17,14,4,1,2,Cardiology,3,19.25,7,12,8,19,135.2,SYNTHETIC_DEVELOPMENT
1356,2026-07-17,12,4,0,2,Cardiology,3,19.25,2,6,3,16,31.1,SYNTHETIC_DEVELOPMENT
1357,2026-07-17,14,4,1,2,Cardiology,3,19.25,8,13,9,13,173.1,SYNTHETIC_DEVELOPMENT
1358,2026-07-17,12,4,0,2,Cardiology,4,16.62,1,4,2,11,11.7,SYNTHETIC_DEVELOPMENT
1359,2026-07-17,10,4,1,5,Dermatology,7,9.0,6,7,7,5,60.9,SYNTHETIC_DEVELOPMENT
1360,2026-07-17,10,4,1,1,General Medicine,2,10.58,6,8,7,7,55.2,SYNTHETIC_DEVELOPMENT
1361,2026-07-17,12,4,0,1,General Medicine,2,10.58,6,6,7,17,67.9,SYNTHETIC_DEVELOPMENT
1362,2026-07-17,14,4,1,3,Pediatrics,5,13.65,8,9,9,22,119.8,SYNTHETIC_DEVELOPMENT
1363,2026-07-17,17,4,0,1,General Medicine,2,10.58,4,8,5,29,58.0,SYNTHETIC_DEVELOPMENT
1364,2026-07-17,15,4,1,2,Cardiology,3,19.25,10,11,11,20,180.0,SYNTHETIC_DEVELOPMENT
1365,2026-07-17,9,4,1,5,Dermatology,7,9.0,7,10,8,1,74.9,SYNTHETIC_DEVELOPMENT
1366,2026-07-17,10,4,1,4,Orthopedics,6,14.5,5,7,6,3,77.0,SYNTHETIC_DEVELOPMENT
1367,2026-07-17,16,4,0,2,Cardiology,3,19.25,3,4,4,30,76.1,SYNTHETIC_DEVELOPMENT
1368,2026-07-17,11,4,1,1,General Medicine,1,11.5,6,9,7,7,78.6,SYNTHETIC_DEVELOPMENT
1369,2026-07-17,14,4,1,5,Dermatology,7,9.0,11,13,12,30,106.6,SYNTHETIC_DEVELOPMENT
1370,2026-07-17,10,4,1,2,Cardiology,3,19.25,7,9,8,3,129.8,SYNTHETIC_DEVELOPMENT
1371,2026-07-17,14,4,1,3,Pediatrics,5,13.65,5,8,6,13,68.6,SYNTHETIC_DEVELOPMENT
1372,2026-07-17,14,4,1,4,Orthopedics,6,14.5,10,12,11,22,144.2,SYNTHETIC_DEVELOPMENT
1373,2026-07-17,10,4,1,4,Orthopedics,6,14.5,9,12,10,5,138.7,SYNTHETIC_DEVELOPMENT
1374,2026-07-17,14,4,1,3,Pediatrics,5,13.65,8,11,9,27,100.6,SYNTHETIC_DEVELOPMENT
1375,2026-07-17,15,4,1,1,General Medicine,1,11.5,4,7,5,29,52.4,SYNTHETIC_DEVELOPMENT
1376,2026-07-17,10,4,1,3,Pediatrics,5,13.65,5,6,6,7,65.5,SYNTHETIC_DEVELOPMENT
1377,2026-07-17,11,4,1,2,Cardiology,3,19.25,5,5,6,13,104.3,SYNTHETIC_DEVELOPMENT
1378,2026-07-17,10,4,1,1,General Medicine,2,10.58,11,13,12,5,115.5,SYNTHETIC_DEVELOPMENT
1379,2026-07-17,15,4,1,1,General Medicine,1,11.5,9,13,10,22,117.5,SYNTHETIC_DEVELOPMENT
1380,2026-07-17,9,4,1,1,General Medicine,2,10.58,6,8,7,1,94.4,SYNTHETIC_DEVELOPMENT
1381,2026-07-17,10,4,1,4,Orthopedics,6,14.5,1,5,2,6,15.8,SYNTHETIC_DEVELOPMENT
1382,2026-07-17,15,4,1,2,Cardiology,3,19.25,9,10,10,25,180.0,SYNTHETIC_DEVELOPMENT
1383,2026-07-17,9,4,1,2,Cardiology,4,16.62,5,6,6,7,94.2,SYNTHETIC_DEVELOPMENT
1384,2026-07-17,11,4,1,3,Pediatrics,5,13.65,9,12,10,6,117.4,SYNTHETIC_DEVELOPMENT
1385,2026-07-17,15,4,1,4,Orthopedics,6,14.5,5,9,6,24,70.6,SYNTHETIC_DEVELOPMENT
1386,2026-07-17,15,4,1,1,General Medicine,1,11.5,6,8,7,28,76.4,SYNTHETIC_DEVELOPMENT
1387,2026-07-17,10,4,1,1,General Medicine,1,11.5,6,11,7,4,59.5,SYNTHETIC_DEVELOPMENT
1388,2026-07-17,11,4,1,2,Cardiology,3,19.25,9,14,10,5,160.3,SYNTHETIC_DEVELOPMENT
1389,2026-07-17,9,4,1,5,Dermatology,7,9.0,11,12,12,1,123.8,SYNTHETIC_DEVELOPMENT
1390,2026-07-17,11,4,1,1,General Medicine,2,10.58,5,6,6,13,50.8,SYNTHETIC_DEVELOPMENT
1391,2026-07-17,9,4,1,1,General Medicine,2,10.58,5,6,6,4,58.6,SYNTHETIC_DEVELOPMENT
1392,2026-07-17,12,4,0,2,Cardiology,4,16.62,6,8,7,6,83.2,SYNTHETIC_DEVELOPMENT
1393,2026-07-17,15,4,1,4,Orthopedics,6,14.5,5,8,6,22,81.5,SYNTHETIC_DEVELOPMENT
1394,2026-07-17,15,4,1,4,Orthopedics,6,14.5,10,13,11,21,173.6,SYNTHETIC_DEVELOPMENT
1395,2026-07-17,11,4,1,3,Pediatrics,5,13.65,10,13,11,6,137.9,SYNTHETIC_DEVELOPMENT
1396,2026-07-17,13,4,0,2,Cardiology,4,16.62,6,8,7,19,117.7,SYNTHETIC_DEVELOPMENT
1397,2026-07-17,9,4,1,5,Dermatology,7,9.0,13,15,14,3,136.3,SYNTHETIC_DEVELOPMENT
1398,2026-07-17,10,4,1,5,Dermatology,7,9.0,7,10,8,5,64.4,SYNTHETIC_DEVELOPMENT
1399,2026-07-17,9,4,1,4,Orthopedics,6,14.5,6,8,7,1,97.4,SYNTHETIC_DEVELOPMENT
1400,2026-07-17,11,4,1,4,Orthopedics,6,14.5,4,6,5,9,62.2,SYNTHETIC_DEVELOPMENT
1401,2026-07-17,10,4,1,1,General Medicine,2,10.58,9,13,10,8,106.4,SYNTHETIC_DEVELOPMENT
1402,2026-07-17,14,4,1,1,General Medicine,1,11.5,11,15,12,24,140.0,SYNTHETIC_DEVELOPMENT
1403,2026-07-17,12,4,0,1,General Medicine,1,11.5,3,7,4,14,54.9,SYNTHETIC_DEVELOPMENT
1404,2026-07-17,15,4,1,4,Orthopedics,6,14.5,5,9,6,21,75.5,SYNTHETIC_DEVELOPMENT
1405,2026-07-17,10,4,1,4,Orthopedics,6,14.5,10,12,11,9,140.2,SYNTHETIC_DEVELOPMENT
1406,2026-07-17,11,4,1,2,Cardiology,3,19.25,2,4,3,6,38.0,SYNTHETIC_DEVELOPMENT
1407,2026-07-17,9,4,1,1,General Medicine,1,11.5,5,10,6,1,77.8,SYNTHETIC_DEVELOPMENT
1408,2026-07-17,9,4,1,4,Orthopedics,6,14.5,4,6,5,3,62.4,SYNTHETIC_DEVELOPMENT
1409,2026-07-17,14,4,1,1,General Medicine,1,11.5,8,12,9,12,104.1,SYNTHETIC_DEVELOPMENT
1410,2026-07-17,14,4,1,5,Dermatology,7,9.0,7,10,8,13,77.1,SYNTHETIC_DEVELOPMENT
1411,2026-07-17,8,4,0,3,Pediatrics,5,13.65,4,7,5,0,54.3,SYNTHETIC_DEVELOPMENT
1412,2026-07-17,11,4,1,2,Cardiology,3,19.25,6,10,7,11,123.9,SYNTHETIC_DEVELOPMENT
1413,2026-07-17,14,4,1,3,Pediatrics,5,13.65,3,5,4,15,34.4,SYNTHETIC_DEVELOPMENT
1414,2026-07-17,10,4,1,1,General Medicine,1,11.5,4,7,5,6,48.7,SYNTHETIC_DEVELOPMENT
1415,2026-07-17,15,4,1,2,Cardiology,4,16.62,10,15,11,25,180.0,SYNTHETIC_DEVELOPMENT
1416,2026-07-17,13,4,0,4,Orthopedics,6,14.5,5,6,6,18,90.7,SYNTHETIC_DEVELOPMENT
1417,2026-07-17,13,4,0,4,Orthopedics,6,14.5,7,8,8,18,107.2,SYNTHETIC_DEVELOPMENT
1418,2026-07-18,13,5,0,4,Orthopedics,6,14.5,7,7,8,20,119.9,SYNTHETIC_DEVELOPMENT
1419,2026-07-18,15,5,1,2,Cardiology,4,16.62,8,11,9,25,146.8,SYNTHETIC_DEVELOPMENT
1420,2026-07-18,10,5,1,5,Dermatology,7,9.0,5,6,6,5,57.4,SYNTHETIC_DEVELOPMENT
1421,2026-07-18,15,5,1,5,Dermatology,7,9.0,7,10,8,26,64.2,SYNTHETIC_DEVELOPMENT
1422,2026-07-18,15,5,1,2,Cardiology,4,16.62,10,16,11,21,180.0,SYNTHETIC_DEVELOPMENT
1423,2026-07-18,15,5,1,2,Cardiology,3,19.25,10,10,11,21,180.0,SYNTHETIC_DEVELOPMENT
1424,2026-07-18,16,5,0,1,General Medicine,2,10.58,7,10,8,15,62.6,SYNTHETIC_DEVELOPMENT
1425,2026-07-18,10,5,1,4,Orthopedics,6,14.5,6,7,7,6,85.4,SYNTHETIC_DEVELOPMENT
1426,2026-07-18,14,5,1,1,General Medicine,1,11.5,7,11,8,18,85.1,SYNTHETIC_DEVELOPMENT
1427,2026-07-18,13,5,0,1,General Medicine,2,10.58,6,7,7,14,61.7,SYNTHETIC_DEVELOPMENT
1428,2026-07-18,16,5,0,5,Dermatology,7,9.0,1,3,2,21,10.8,SYNTHETIC_DEVELOPMENT
1429,2026-07-18,10,5,1,3,Pediatrics,5,13.65,9,10,10,5,127.4,SYNTHETIC_DEVELOPMENT
1430,2026-07-18,9,5,1,2,Cardiology,3,19.25,6,9,7,2,125.7,SYNTHETIC_DEVELOPMENT
1431,2026-07-18,15,5,1,3,Pediatrics,5,13.65,3,6,4,29,40.3,SYNTHETIC_DEVELOPMENT
1432,2026-07-18,11,5,1,3,Pediatrics,5,13.65,8,12,9,17,127.2,SYNTHETIC_DEVELOPMENT
1433,2026-07-18,12,5,0,1,General Medicine,1,11.5,5,7,6,14,67.9,SYNTHETIC_DEVELOPMENT
1434,2026-07-18,16,5,0,5,Dermatology,7,9.0,2,7,3,20,19.5,SYNTHETIC_DEVELOPMENT
1435,2026-07-18,9,5,1,2,Cardiology,4,16.62,8,12,9,3,144.9,SYNTHETIC_DEVELOPMENT
1436,2026-07-18,13,5,0,2,Cardiology,3,19.25,8,9,9,14,172.3,SYNTHETIC_DEVELOPMENT
1437,2026-07-18,9,5,1,5,Dermatology,7,9.0,16,19,17,4,159.2,SYNTHETIC_DEVELOPMENT
1438,2026-07-18,16,5,0,3,Pediatrics,5,13.65,5,6,6,27,100.8,SYNTHETIC_DEVELOPMENT
1439,2026-07-18,10,5,1,2,Cardiology,3,19.25,11,12,12,1,180.0,SYNTHETIC_DEVELOPMENT
1440,2026-07-18,11,5,1,1,General Medicine,1,11.5,4,5,5,7,56.6,SYNTHETIC_DEVELOPMENT
1441,2026-07-18,11,5,1,2,Cardiology,4,16.62,3,8,4,14,46.2,SYNTHETIC_DEVELOPMENT
1442,2026-07-18,16,5,0,2,Cardiology,4,16.62,6,7,7,15,109.3,SYNTHETIC_DEVELOPMENT
1443,2026-07-18,15,5,1,2,Cardiology,4,16.62,8,8,9,20,147.4,SYNTHETIC_DEVELOPMENT
1444,2026-07-18,10,5,1,2,Cardiology,3,19.25,7,7,8,3,129.8,SYNTHETIC_DEVELOPMENT
1445,2026-07-18,11,5,1,2,Cardiology,3,19.25,3,5,4,13,62.9,SYNTHETIC_DEVELOPMENT
1446,2026-07-18,15,5,1,2,Cardiology,3,19.25,8,15,9,19,177.0,SYNTHETIC_DEVELOPMENT
1447,2026-07-18,14,5,1,3,Pediatrics,5,13.65,7,10,8,19,98.9,SYNTHETIC_DEVELOPMENT
1448,2026-07-18,14,5,1,3,Pediatrics,5,13.65,14,18,15,21,175.9,SYNTHETIC_DEVELOPMENT
1449,2026-07-18,9,5,1,5,Dermatology,7,9.0,9,12,10,5,96.6,SYNTHETIC_DEVELOPMENT
1450,2026-07-18,10,5,1,4,Orthopedics,6,14.5,6,8,7,7,98.8,SYNTHETIC_DEVELOPMENT
1451,2026-07-18,11,5,1,5,Dermatology,7,9.0,6,8,7,13,57.6,SYNTHETIC_DEVELOPMENT
1452,2026-07-18,15,5,1,3,Pediatrics,5,13.65,6,10,7,26,80.7,SYNTHETIC_DEVELOPMENT
1453,2026-07-18,15,5,1,1,General Medicine,2,10.58,9,11,10,16,105.3,SYNTHETIC_DEVELOPMENT
1454,2026-07-18,14,5,1,1,General Medicine,1,11.5,6,9,7,27,76.1,SYNTHETIC_DEVELOPMENT
1455,2026-07-18,10,5,1,5,Dermatology,7,9.0,6,7,7,6,57.6,SYNTHETIC_DEVELOPMENT
1456,2026-07-18,12,5,0,2,Cardiology,3,19.25,5,8,6,9,95.9,SYNTHETIC_DEVELOPMENT
1457,2026-07-18,15,5,1,3,Pediatrics,5,13.65,11,15,12,17,155.7,SYNTHETIC_DEVELOPMENT
1458,2026-07-18,11,5,1,2,Cardiology,4,16.62,5,8,6,13,82.2,SYNTHETIC_DEVELOPMENT
1459,2026-07-18,15,5,1,1,General Medicine,2,10.58,6,7,7,12,55.4,SYNTHETIC_DEVELOPMENT
1460,2026-07-18,9,5,1,2,Cardiology,4,16.62,6,7,7,2,90.3,SYNTHETIC_DEVELOPMENT
1461,2026-07-18,11,5,1,3,Pediatrics,5,13.65,6,7,7,10,95.9,SYNTHETIC_DEVELOPMENT
1462,2026-07-18,10,5,1,2,Cardiology,4,16.62,8,12,9,8,149.8,SYNTHETIC_DEVELOPMENT
1463,2026-07-18,15,5,1,5,Dermatology,7,9.0,3,5,4,18,29.9,SYNTHETIC_DEVELOPMENT
1464,2026-07-18,11,5,1,3,Pediatrics,5,13.65,4,8,5,10,51.8,SYNTHETIC_DEVELOPMENT
1465,2026-07-18,12,5,0,2,Cardiology,3,19.25,3,6,4,9,55.8,SYNTHETIC_DEVELOPMENT
1466,2026-07-18,12,5,0,5,Dermatology,7,9.0,4,7,5,8,67.1,SYNTHETIC_DEVELOPMENT
1467,2026-07-18,8,5,0,4,Orthopedics,6,14.5,3,3,4,4,37.2,SYNTHETIC_DEVELOPMENT
1468,2026-07-18,12,5,0,1,General Medicine,1,11.5,4,6,5,11,46.6,SYNTHETIC_DEVELOPMENT
1469,2026-07-18,11,5,1,3,Pediatrics,5,13.65,10,12,11,5,154.2,SYNTHETIC_DEVELOPMENT
1470,2026-07-18,9,5,1,2,Cardiology,4,16.62,9,11,10,3,136.7,SYNTHETIC_DEVELOPMENT
1471,2026-07-18,15,5,1,2,Cardiology,3,19.25,4,5,5,24,99.4,SYNTHETIC_DEVELOPMENT
1472,2026-07-18,9,5,1,5,Dermatology,7,9.0,12,15,13,3,116.6,SYNTHETIC_DEVELOPMENT
1473,2026-07-18,11,5,1,2,Cardiology,4,16.62,6,8,7,9,104.0,SYNTHETIC_DEVELOPMENT
1474,2026-07-18,11,5,1,1,General Medicine,1,11.5,7,8,8,11,70.6,SYNTHETIC_DEVELOPMENT
1475,2026-07-18,11,5,1,3,Pediatrics,5,13.65,9,11,10,13,124.4,SYNTHETIC_DEVELOPMENT
1476,2026-07-18,9,5,1,2,Cardiology,4,16.62,5,8,6,3,95.1,SYNTHETIC_DEVELOPMENT
1477,2026-07-18,14,5,1,3,Pediatrics,5,13.65,6,9,7,20,92.5,SYNTHETIC_DEVELOPMENT
1478,2026-07-18,9,5,1,5,Dermatology,7,9.0,10,11,11,3,93.6,SYNTHETIC_DEVELOPMENT
1479,2026-07-18,10,5,1,2,Cardiology,4,16.62,14,17,15,8,180.0,SYNTHETIC_DEVELOPMENT
1480,2026-07-18,12,5,0,2,Cardiology,3,19.25,4,7,5,13,85.6,SYNTHETIC_DEVELOPMENT
1481,2026-07-18,16,5,0,2,Cardiology,3,19.25,1,4,2,24,15.6,SYNTHETIC_DEVELOPMENT
1482,2026-07-18,14,5,1,4,Orthopedics,6,14.5,7,9,8,22,109.2,SYNTHETIC_DEVELOPMENT
1483,2026-07-18,17,5,0,1,General Medicine,1,11.5,2,3,3,28,27.5,SYNTHETIC_DEVELOPMENT
1484,2026-07-18,8,5,0,4,Orthopedics,6,14.5,3,8,4,2,43.1,SYNTHETIC_DEVELOPMENT
1485,2026-07-18,15,5,1,4,Orthopedics,6,14.5,11,14,12,21,148.3,SYNTHETIC_DEVELOPMENT
1486,2026-07-18,9,5,1,2,Cardiology,3,19.25,6,9,7,2,111.8,SYNTHETIC_DEVELOPMENT
1487,2026-07-18,8,5,0,1,General Medicine,1,11.5,6,9,7,0,66.7,SYNTHETIC_DEVELOPMENT
1488,2026-07-18,12,5,0,4,Orthopedics,6,14.5,10,15,11,9,177.4,SYNTHETIC_DEVELOPMENT
1489,2026-07-18,10,5,1,2,Cardiology,4,16.62,11,13,12,7,180.0,SYNTHETIC_DEVELOPMENT
1490,2026-07-18,11,5,1,1,General Medicine,2,10.58,7,7,8,5,86.6,SYNTHETIC_DEVELOPMENT
1491,2026-07-18,9,5,1,1,General Medicine,2,10.58,6,8,7,2,65.8,SYNTHETIC_DEVELOPMENT
1492,2026-07-18,9,5,1,1,General Medicine,1,11.5,9,12,10,1,113.0,SYNTHETIC_DEVELOPMENT
1493,2026-07-18,17,5,0,1,General Medicine,2,10.58,2,3,3,18,25.7,SYNTHETIC_DEVELOPMENT
1494,2026-07-18,12,5,0,4,Orthopedics,6,14.5,5,9,6,14,86.9,SYNTHETIC_DEVELOPMENT
1495,2026-07-18,11,5,1,5,Dermatology,7,9.0,4,6,5,14,36.0,SYNTHETIC_DEVELOPMENT
1496,2026-07-18,14,5,1,5,Dermatology,7,9.0,5,8,6,19,51.1,SYNTHETIC_DEVELOPMENT
1497,2026-07-18,11,5,1,2,Cardiology,3,19.25,5,9,6,12,89.5,SYNTHETIC_DEVELOPMENT
1498,2026-07-18,14,5,1,1,General Medicine,1,11.5,5,8,6,15,71.2,SYNTHETIC_DEVELOPMENT
1499,2026-07-18,14,5,1,4,Orthopedics,6,14.5,7,11,8,19,98.1,SYNTHETIC_DEVELOPMENT
1500,2026-07-18,16,5,0,2,Cardiology,4,16.62,3,7,4,27,71.9,SYNTHETIC_DEVELOPMENT
1501,2026-07-19,9,6,1,1,General Medicine,2,10.58,7,9,8,5,78.7,SYNTHETIC_DEVELOPMENT
1502,2026-07-19,9,6,1,5,Dermatology,7,9.0,3,5,4,2,26.6,SYNTHETIC_DEVELOPMENT
1503,2026-07-19,10,6,1,1,General Medicine,2,10.58,3,4,4,5,44.3,SYNTHETIC_DEVELOPMENT
1504,2026-07-19,12,6,0,2,Cardiology,3,19.25,2,6,3,15,38.4,SYNTHETIC_DEVELOPMENT
1505,2026-07-19,12,6,0,3,Pediatrics,5,13.65,6,7,7,12,83.4,SYNTHETIC_DEVELOPMENT
1506,2026-07-19,10,6,1,4,Orthopedics,6,14.5,8,11,9,7,118.1,SYNTHETIC_DEVELOPMENT
1507,2026-07-19,8,6,0,2,Cardiology,4,16.62,4,9,5,2,70.1,SYNTHETIC_DEVELOPMENT
1508,2026-07-19,15,6,1,1,General Medicine,2,10.58,2,5,3,21,25.4,SYNTHETIC_DEVELOPMENT
1509,2026-07-19,11,6,1,1,General Medicine,1,11.5,5,8,6,5,70.2,SYNTHETIC_DEVELOPMENT
1510,2026-07-19,9,6,1,1,General Medicine,2,10.58,3,6,4,2,35.0,SYNTHETIC_DEVELOPMENT
1511,2026-07-19,12,6,0,1,General Medicine,2,10.58,0,2,1,7,4.3,SYNTHETIC_DEVELOPMENT
1512,2026-07-19,10,6,1,1,General Medicine,1,11.5,7,10,8,8,85.7,SYNTHETIC_DEVELOPMENT
1513,2026-07-19,11,6,1,1,General Medicine,2,10.58,2,5,3,14,39.5,SYNTHETIC_DEVELOPMENT
1514,2026-07-19,11,6,1,1,General Medicine,2,10.58,9,16,10,8,96.0,SYNTHETIC_DEVELOPMENT
1515,2026-07-19,9,6,1,5,Dermatology,7,9.0,9,11,10,4,86.7,SYNTHETIC_DEVELOPMENT
1516,2026-07-19,9,6,1,4,Orthopedics,6,14.5,3,5,4,4,47.1,SYNTHETIC_DEVELOPMENT
1517,2026-07-19,11,6,1,1,General Medicine,1,11.5,6,8,7,10,81.9,SYNTHETIC_DEVELOPMENT
1518,2026-07-19,10,6,1,2,Cardiology,3,19.25,3,7,4,3,53.9,SYNTHETIC_DEVELOPMENT
1519,2026-07-19,9,6,1,5,Dermatology,7,9.0,3,6,4,7,34.2,SYNTHETIC_DEVELOPMENT
1520,2026-07-19,10,6,1,5,Dermatology,7,9.0,8,9,9,9,77.3,SYNTHETIC_DEVELOPMENT
1521,2026-07-19,11,6,1,2,Cardiology,4,16.62,7,7,8,7,142.4,SYNTHETIC_DEVELOPMENT
1522,2026-07-19,14,6,1,3,Pediatrics,5,13.65,6,9,7,8,80.9,SYNTHETIC_DEVELOPMENT
1523,2026-07-19,14,6,1,1,General Medicine,2,10.58,6,8,7,22,65.1,SYNTHETIC_DEVELOPMENT
1524,2026-07-19,11,6,1,5,Dermatology,7,9.0,1,3,2,4,13.2,SYNTHETIC_DEVELOPMENT
1525,2026-07-19,13,6,0,4,Orthopedics,6,14.5,0,1,1,24,1.3,SYNTHETIC_DEVELOPMENT
1526,2026-07-19,11,6,1,1,General Medicine,1,11.5,6,7,7,14,80.2,SYNTHETIC_DEVELOPMENT
1527,2026-07-19,14,6,1,2,Cardiology,4,16.62,1,1,2,16,25.5,SYNTHETIC_DEVELOPMENT
1528,2026-07-19,9,6,1,3,Pediatrics,5,13.65,5,7,6,6,80.0,SYNTHETIC_DEVELOPMENT
1529,2026-07-19,14,6,1,1,General Medicine,2,10.58,5,6,6,14,46.5,SYNTHETIC_DEVELOPMENT
1530,2026-07-19,10,6,1,2,Cardiology,3,19.25,4,8,5,9,76.0,SYNTHETIC_DEVELOPMENT
1531,2026-07-19,11,6,1,1,General Medicine,2,10.58,2,5,3,11,17.7,SYNTHETIC_DEVELOPMENT
1532,2026-07-19,12,6,0,2,Cardiology,4,16.62,1,1,2,14,14.2,SYNTHETIC_DEVELOPMENT
1533,2026-07-19,12,6,0,2,Cardiology,4,16.62,4,7,5,10,63.1,SYNTHETIC_DEVELOPMENT
1534,2026-07-19,10,6,1,2,Cardiology,3,19.25,4,7,5,3,71.8,SYNTHETIC_DEVELOPMENT
1535,2026-07-19,12,6,0,5,Dermatology,7,9.0,2,3,3,16,16.2,SYNTHETIC_DEVELOPMENT
1536,2026-07-19,10,6,1,1,General Medicine,1,11.5,1,2,2,8,11.9,SYNTHETIC_DEVELOPMENT
1537,2026-07-19,14,6,1,1,General Medicine,1,11.5,3,6,4,17,39.6,SYNTHETIC_DEVELOPMENT
1538,2026-07-19,15,6,1,4,Orthopedics,6,14.5,6,8,7,19,88.2,SYNTHETIC_DEVELOPMENT
1539,2026-07-19,14,6,1,2,Cardiology,3,19.25,7,9,8,14,133.1,SYNTHETIC_DEVELOPMENT
1540,2026-07-19,14,6,1,1,General Medicine,2,10.58,3,7,4,17,34.8,SYNTHETIC_DEVELOPMENT
1541,2026-07-19,10,6,1,1,General Medicine,2,10.58,2,4,3,2,11.8,SYNTHETIC_DEVELOPMENT
1542,2026-07-19,14,6,1,1,General Medicine,2,10.58,8,10,9,23,86.5,SYNTHETIC_DEVELOPMENT
1543,2026-07-19,10,6,1,2,Cardiology,4,16.62,4,5,5,5,52.8,SYNTHETIC_DEVELOPMENT
1544,2026-07-19,9,6,1,5,Dermatology,7,9.0,3,7,4,3,27.8,SYNTHETIC_DEVELOPMENT
1545,2026-07-19,11,6,1,4,Orthopedics,6,14.5,4,6,5,15,71.0,SYNTHETIC_DEVELOPMENT
1546,2026-07-19,11,6,1,5,Dermatology,7,9.0,5,6,6,16,63.7,SYNTHETIC_DEVELOPMENT
1547,2026-07-19,9,6,1,2,Cardiology,4,16.62,6,8,7,1,105.2,SYNTHETIC_DEVELOPMENT
1548,2026-07-19,15,6,1,5,Dermatology,7,9.0,5,8,6,23,57.8,SYNTHETIC_DEVELOPMENT
1549,2026-07-19,10,6,1,3,Pediatrics,5,13.65,4,8,5,8,62.3,SYNTHETIC_DEVELOPMENT
1550,2026-07-19,11,6,1,2,Cardiology,3,19.25,7,9,8,14,141.0,SYNTHETIC_DEVELOPMENT
1551,2026-07-19,10,6,1,2,Cardiology,4,16.62,3,5,4,3,49.1,SYNTHETIC_DEVELOPMENT
1552,2026-07-19,9,6,1,5,Dermatology,7,9.0,5,6,6,4,52.7,SYNTHETIC_DEVELOPMENT
1553,2026-07-19,10,6,1,3,Pediatrics,5,13.65,9,12,10,4,126.2,SYNTHETIC_DEVELOPMENT
1554,2026-07-19,15,6,1,1,General Medicine,1,11.5,1,4,2,26,7.6,SYNTHETIC_DEVELOPMENT
1555,2026-07-19,14,6,1,1,General Medicine,2,10.58,5,8,6,12,48.0,SYNTHETIC_DEVELOPMENT
1556,2026-07-19,14,6,1,5,Dermatology,7,9.0,3,5,4,23,31.4,SYNTHETIC_DEVELOPMENT
1557,2026-07-19,16,6,0,3,Pediatrics,5,13.65,2,5,3,34,33.3,SYNTHETIC_DEVELOPMENT
1558,2026-07-19,10,6,1,2,Cardiology,3,19.25,5,7,6,6,107.2,SYNTHETIC_DEVELOPMENT
1559,2026-07-19,15,6,1,5,Dermatology,7,9.0,5,6,6,27,50.1,SYNTHETIC_DEVELOPMENT
1560,2026-07-19,15,6,1,1,General Medicine,1,11.5,4,4,5,24,66.8,SYNTHETIC_DEVELOPMENT
1561,2026-07-19,8,6,0,1,General Medicine,2,10.58,3,4,4,0,46.1,SYNTHETIC_DEVELOPMENT
1562,2026-07-19,10,6,1,3,Pediatrics,5,13.65,5,6,6,6,54.4,SYNTHETIC_DEVELOPMENT
1563,2026-07-19,15,6,1,3,Pediatrics,5,13.65,5,8,6,18,84.9,SYNTHETIC_DEVELOPMENT
1564,2026-07-19,14,6,1,1,General Medicine,2,10.58,2,4,3,20,21.5,SYNTHETIC_DEVELOPMENT
1565,2026-07-19,16,6,0,3,Pediatrics,5,13.65,3,6,4,29,46.3,SYNTHETIC_DEVELOPMENT
1566,2026-07-19,15,6,1,2,Cardiology,4,16.62,3,5,4,25,52.6,SYNTHETIC_DEVELOPMENT
1567,2026-07-19,10,6,1,2,Cardiology,4,16.62,8,8,9,4,137.2,SYNTHETIC_DEVELOPMENT
1568,2026-07-19,10,6,1,3,Pediatrics,5,13.65,0,1,1,11,1.6,SYNTHETIC_DEVELOPMENT
1569,2026-07-19,14,6,1,2,Cardiology,4,16.62,3,7,4,19,47.8,SYNTHETIC_DEVELOPMENT
1570,2026-07-19,14,6,1,1,General Medicine,2,10.58,5,7,6,16,57.6,SYNTHETIC_DEVELOPMENT
1571,2026-07-19,11,6,1,5,Dermatology,7,9.0,4,6,5,11,56.9,SYNTHETIC_DEVELOPMENT
1572,2026-07-19,16,6,0,5,Dermatology,7,9.0,3,5,4,27,30.3,SYNTHETIC_DEVELOPMENT
1573,2026-07-19,12,6,0,1,General Medicine,1,11.5,1,3,2,8,14.0,SYNTHETIC_DEVELOPMENT
1574,2026-07-19,10,6,1,3,Pediatrics,5,13.65,2,6,3,6,25.7,SYNTHETIC_DEVELOPMENT
1575,2026-07-19,12,6,0,4,Orthopedics,6,14.5,3,5,4,9,68.0,SYNTHETIC_DEVELOPMENT
1576,2026-07-19,11,6,1,2,Cardiology,3,19.25,7,7,8,14,139.2,SYNTHETIC_DEVELOPMENT
1577,2026-07-19,11,6,1,5,Dermatology,7,9.0,5,9,6,10,59.2,SYNTHETIC_DEVELOPMENT
1578,2026-07-19,12,6,0,2,Cardiology,4,16.62,3,7,4,8,44.2,SYNTHETIC_DEVELOPMENT
1579,2026-07-19,9,6,1,2,Cardiology,3,19.25,1,2,2,5,24.1,SYNTHETIC_DEVELOPMENT
1580,2026-07-19,9,6,1,2,Cardiology,4,16.62,10,13,11,3,180.0,SYNTHETIC_DEVELOPMENT
1581,2026-07-19,15,6,1,5,Dermatology,7,9.0,6,8,7,30,70.5,SYNTHETIC_DEVELOPMENT
1582,2026-07-19,10,6,1,5,Dermatology,7,9.0,5,9,6,4,65.4,SYNTHETIC_DEVELOPMENT
1583,2026-07-19,16,6,0,5,Dermatology,7,9.0,1,3,2,28,11.4,SYNTHETIC_DEVELOPMENT
1584,2026-07-19,14,6,1,3,Pediatrics,5,13.65,4,8,5,13,56.7,SYNTHETIC_DEVELOPMENT
1585,2026-07-20,10,0,1,4,Orthopedics,6,14.5,11,14,12,9,169.2,SYNTHETIC_DEVELOPMENT
1586,2026-07-20,15,0,1,3,Pediatrics,5,13.65,5,9,6,25,70.9,SYNTHETIC_DEVELOPMENT
1587,2026-07-20,10,0,1,4,Orthopedics,6,14.5,7,7,8,5,87.7,SYNTHETIC_DEVELOPMENT
1588,2026-07-20,15,0,1,1,General Medicine,1,11.5,8,15,9,23,121.5,SYNTHETIC_DEVELOPMENT
1589,2026-07-20,15,0,1,4,Orthopedics,6,14.5,8,10,9,20,110.2,SYNTHETIC_DEVELOPMENT
1590,2026-07-20,16,0,0,1,General Medicine,1,11.5,1,5,2,23,18.4,SYNTHETIC_DEVELOPMENT
1591,2026-07-20,14,0,1,1,General Medicine,1,11.5,13,15,14,18,144.1,SYNTHETIC_DEVELOPMENT
1592,2026-07-20,11,0,1,1,General Medicine,2,10.58,4,6,5,11,45.4,SYNTHETIC_DEVELOPMENT
1593,2026-07-20,10,0,1,1,General Medicine,1,11.5,8,9,9,3,85.3,SYNTHETIC_DEVELOPMENT
1594,2026-07-20,13,0,0,4,Orthopedics,6,14.5,4,7,5,16,63.3,SYNTHETIC_DEVELOPMENT
1595,2026-07-20,11,0,1,2,Cardiology,4,16.62,9,10,10,10,167.8,SYNTHETIC_DEVELOPMENT
1596,2026-07-20,9,0,1,1,General Medicine,1,11.5,11,15,12,5,150.4,SYNTHETIC_DEVELOPMENT
1597,2026-07-20,10,0,1,3,Pediatrics,5,13.65,8,16,9,5,124.1,SYNTHETIC_DEVELOPMENT
1598,2026-07-20,9,0,1,3,Pediatrics,5,13.65,5,7,6,4,88.4,SYNTHETIC_DEVELOPMENT
1599,2026-07-20,11,0,1,2,Cardiology,3,19.25,4,6,5,9,76.7,SYNTHETIC_DEVELOPMENT
1600,2026-07-20,10,0,1,1,General Medicine,1,11.5,8,11,9,6,92.7,SYNTHETIC_DEVELOPMENT
1601,2026-07-20,14,0,1,5,Dermatology,7,9.0,8,11,9,12,79.2,SYNTHETIC_DEVELOPMENT
1602,2026-07-20,9,0,1,2,Cardiology,4,16.62,9,14,10,5,143.3,SYNTHETIC_DEVELOPMENT
1603,2026-07-20,10,0,1,5,Dermatology,7,9.0,7,10,8,5,58.4,SYNTHETIC_DEVELOPMENT
1604,2026-07-20,10,0,1,3,Pediatrics,5,13.65,4,8,5,1,53.3,SYNTHETIC_DEVELOPMENT
1605,2026-07-20,10,0,1,2,Cardiology,4,16.62,11,12,12,5,174.9,SYNTHETIC_DEVELOPMENT
1606,2026-07-20,10,0,1,4,Orthopedics,6,14.5,6,9,7,2,78.8,SYNTHETIC_DEVELOPMENT
1607,2026-07-20,12,0,0,1,General Medicine,1,11.5,3,4,4,14,36.6,SYNTHETIC_DEVELOPMENT
1608,2026-07-20,8,0,0,1,General Medicine,2,10.58,5,5,6,1,57.0,SYNTHETIC_DEVELOPMENT
1609,2026-07-20,10,0,1,4,Orthopedics,6,14.5,3,5,4,5,52.3,SYNTHETIC_DEVELOPMENT
1610,2026-07-20,13,0,0,1,General Medicine,2,10.58,7,8,8,21,75.1,SYNTHETIC_DEVELOPMENT
1611,2026-07-20,16,0,0,1,General Medicine,2,10.58,7,10,8,27,84.5,SYNTHETIC_DEVELOPMENT
1612,2026-07-20,10,0,1,2,Cardiology,4,16.62,6,12,7,9,103.5,SYNTHETIC_DEVELOPMENT
1613,2026-07-20,14,0,1,2,Cardiology,4,16.62,8,10,9,22,138.9,SYNTHETIC_DEVELOPMENT
1614,2026-07-20,11,0,1,1,General Medicine,2,10.58,7,9,8,12,90.4,SYNTHETIC_DEVELOPMENT
1615,2026-07-20,15,0,1,5,Dermatology,7,9.0,4,8,5,20,33.4,SYNTHETIC_DEVELOPMENT
1616,2026-07-20,11,0,1,4,Orthopedics,6,14.5,16,19,17,12,180.0,SYNTHETIC_DEVELOPMENT
1617,2026-07-20,9,0,1,3,Pediatrics,5,13.65,4,8,5,3,58.2,SYNTHETIC_DEVELOPMENT
1618,2026-07-20,11,0,1,4,Orthopedics,6,14.5,9,14,10,11,125.6,SYNTHETIC_DEVELOPMENT
1619,2026-07-20,11,0,1,5,Dermatology,7,9.0,9,14,10,10,93.7,SYNTHETIC_DEVELOPMENT
1620,2026-07-20,11,0,1,5,Dermatology,7,9.0,6,7,7,11,68.6,SYNTHETIC_DEVELOPMENT
1621,2026-07-20,9,0,1,2,Cardiology,4,16.62,7,9,8,6,142.0,SYNTHETIC_DEVELOPMENT
1622,2026-07-20,17,0,0,2,Cardiology,3,19.25,5,6,6,30,92.9,SYNTHETIC_DEVELOPMENT
1623,2026-07-20,13,0,0,5,Dermatology,7,9.0,3,7,4,14,34.7,SYNTHETIC_DEVELOPMENT
1624,2026-07-20,8,0,0,3,Pediatrics,5,13.65,5,11,6,0,59.4,SYNTHETIC_DEVELOPMENT
1625,2026-07-20,15,0,1,2,Cardiology,4,16.62,5,9,6,22,82.8,SYNTHETIC_DEVELOPMENT
1626,2026-07-20,11,0,1,5,Dermatology,7,9.0,9,12,10,13,92.8,SYNTHETIC_DEVELOPMENT
1627,2026-07-20,9,0,1,1,General Medicine,2,10.58,8,11,9,5,97.0,SYNTHETIC_DEVELOPMENT
1628,2026-07-20,10,0,1,2,Cardiology,4,16.62,9,10,10,8,180.0,SYNTHETIC_DEVELOPMENT
1629,2026-07-20,10,0,1,1,General Medicine,2,10.58,5,7,6,5,52.7,SYNTHETIC_DEVELOPMENT
1630,2026-07-20,16,0,0,5,Dermatology,7,9.0,4,5,5,32,42.5,SYNTHETIC_DEVELOPMENT
1631,2026-07-20,10,0,1,1,General Medicine,1,11.5,10,10,11,3,131.5,SYNTHETIC_DEVELOPMENT
1632,2026-07-20,11,0,1,4,Orthopedics,6,14.5,8,10,9,11,143.7,SYNTHETIC_DEVELOPMENT
1633,2026-07-20,9,0,1,2,Cardiology,4,16.62,8,13,9,8,137.9,SYNTHETIC_DEVELOPMENT
1634,2026-07-20,9,0,1,2,Cardiology,4,16.62,3,3,4,4,40.7,SYNTHETIC_DEVELOPMENT
1635,2026-07-20,10,0,1,1,General Medicine,1,11.5,9,13,10,7,118.3,SYNTHETIC_DEVELOPMENT
1636,2026-07-20,12,0,0,1,General Medicine,2,10.58,4,5,5,12,43.2,SYNTHETIC_DEVELOPMENT
1637,2026-07-20,15,0,1,4,Orthopedics,6,14.5,8,10,9,30,137.3,SYNTHETIC_DEVELOPMENT
1638,2026-07-20,14,0,1,1,General Medicine,1,11.5,8,13,9,25,97.9,SYNTHETIC_DEVELOPMENT
1639,2026-07-20,16,0,0,3,Pediatrics,5,13.65,6,9,7,35,90.3,SYNTHETIC_DEVELOPMENT
1640,2026-07-20,14,0,1,2,Cardiology,3,19.25,5,8,6,24,117.7,SYNTHETIC_DEVELOPMENT
1641,2026-07-20,10,0,1,3,Pediatrics,5,13.65,9,10,10,5,151.9,SYNTHETIC_DEVELOPMENT
1642,2026-07-20,14,0,1,2,Cardiology,4,16.62,11,16,12,16,180.0,SYNTHETIC_DEVELOPMENT
1643,2026-07-20,10,0,1,5,Dermatology,7,9.0,11,14,12,9,100.6,SYNTHETIC_DEVELOPMENT
1644,2026-07-20,10,0,1,3,Pediatrics,5,13.65,9,13,10,7,117.7,SYNTHETIC_DEVELOPMENT
1645,2026-07-20,8,0,0,4,Orthopedics,6,14.5,8,10,9,0,96.0,SYNTHETIC_DEVELOPMENT
1646,2026-07-20,9,0,1,3,Pediatrics,5,13.65,5,7,6,4,73.8,SYNTHETIC_DEVELOPMENT
1647,2026-07-20,9,0,1,1,General Medicine,1,11.5,10,12,11,2,138.8,SYNTHETIC_DEVELOPMENT
1648,2026-07-20,14,0,1,1,General Medicine,2,10.58,7,7,8,19,84.2,SYNTHETIC_DEVELOPMENT
1649,2026-07-20,11,0,1,2,Cardiology,4,16.62,8,10,9,9,135.6,SYNTHETIC_DEVELOPMENT
1650,2026-07-20,9,0,1,2,Cardiology,3,19.25,10,10,11,2,180.0,SYNTHETIC_DEVELOPMENT
1651,2026-07-20,10,0,1,4,Orthopedics,6,14.5,14,18,15,7,180.0,SYNTHETIC_DEVELOPMENT
1652,2026-07-20,15,0,1,1,General Medicine,2,10.58,8,10,9,23,111.3,SYNTHETIC_DEVELOPMENT
1653,2026-07-20,14,0,1,1,General Medicine,1,11.5,6,8,7,19,60.8,SYNTHETIC_DEVELOPMENT
1654,2026-07-20,11,0,1,2,Cardiology,4,16.62,6,10,7,12,84.4,SYNTHETIC_DEVELOPMENT
1655,2026-07-20,10,0,1,3,Pediatrics,5,13.65,2,2,3,7,26.0,SYNTHETIC_DEVELOPMENT
1656,2026-07-20,11,0,1,4,Orthopedics,6,14.5,5,7,6,15,105.1,SYNTHETIC_DEVELOPMENT
1657,2026-07-20,9,0,1,4,Orthopedics,6,14.5,4,4,5,2,56.9,SYNTHETIC_DEVELOPMENT
1658,2026-07-20,9,0,1,5,Dermatology,7,9.0,9,13,10,4,80.2,SYNTHETIC_DEVELOPMENT
1659,2026-07-20,14,0,1,2,Cardiology,3,19.25,8,12,9,20,174.2,SYNTHETIC_DEVELOPMENT
1660,2026-07-20,10,0,1,4,Orthopedics,6,14.5,9,11,10,11,137.4,SYNTHETIC_DEVELOPMENT
1661,2026-07-20,9,0,1,2,Cardiology,4,16.62,10,13,11,3,167.3,SYNTHETIC_DEVELOPMENT
1662,2026-07-20,15,0,1,3,Pediatrics,5,13.65,7,8,8,28,112.7,SYNTHETIC_DEVELOPMENT
1663,2026-07-20,11,0,1,5,Dermatology,7,9.0,11,13,12,14,102.1,SYNTHETIC_DEVELOPMENT
1664,2026-07-20,10,0,1,1,General Medicine,2,10.58,3,5,4,7,27.1,SYNTHETIC_DEVELOPMENT
1665,2026-07-20,14,0,1,2,Cardiology,3,19.25,7,9,8,21,136.1,SYNTHETIC_DEVELOPMENT
1666,2026-07-20,8,0,0,1,General Medicine,1,11.5,9,11,10,0,102.1,SYNTHETIC_DEVELOPMENT
1667,2026-07-20,9,0,1,3,Pediatrics,5,13.65,7,9,8,7,121.6,SYNTHETIC_DEVELOPMENT
1668,2026-07-21,10,1,1,5,Dermatology,7,9.0,7,8,8,10,82.9,SYNTHETIC_DEVELOPMENT
1669,2026-07-21,9,1,1,4,Orthopedics,6,14.5,7,11,8,2,123.3,SYNTHETIC_DEVELOPMENT
1670,2026-07-21,10,1,1,1,General Medicine,2,10.58,9,10,10,5,101.9,SYNTHETIC_DEVELOPMENT
1671,2026-07-21,14,1,1,2,Cardiology,4,16.62,10,12,11,18,180.0,SYNTHETIC_DEVELOPMENT
1672,2026-07-21,10,1,1,5,Dermatology,7,9.0,4,5,5,3,40.9,SYNTHETIC_DEVELOPMENT
1673,2026-07-21,9,1,1,1,General Medicine,1,11.5,3,5,4,3,31.1,SYNTHETIC_DEVELOPMENT
1674,2026-07-21,16,1,0,2,Cardiology,3,19.25,9,9,10,29,180.0,SYNTHETIC_DEVELOPMENT
1675,2026-07-21,10,1,1,4,Orthopedics,6,14.5,4,6,5,9,57.1,SYNTHETIC_DEVELOPMENT
1676,2026-07-21,15,1,1,4,Orthopedics,6,14.5,4,7,5,26,85.1,SYNTHETIC_DEVELOPMENT
1677,2026-07-21,14,1,1,1,General Medicine,1,11.5,5,7,6,23,61.8,SYNTHETIC_DEVELOPMENT
1678,2026-07-21,14,1,1,1,General Medicine,2,10.58,6,6,7,17,53.3,SYNTHETIC_DEVELOPMENT
1679,2026-07-21,11,1,1,4,Orthopedics,6,14.5,4,5,5,9,51.0,SYNTHETIC_DEVELOPMENT
1680,2026-07-21,10,1,1,2,Cardiology,3,19.25,7,11,8,4,136.7,SYNTHETIC_DEVELOPMENT
1681,2026-07-21,17,1,0,2,Cardiology,3,19.25,1,4,2,23,26.3,SYNTHETIC_DEVELOPMENT
1682,2026-07-21,16,1,0,3,Pediatrics,5,13.65,7,9,8,21,93.6,SYNTHETIC_DEVELOPMENT
1683,2026-07-21,9,1,1,1,General Medicine,2,10.58,7,9,8,3,69.7,SYNTHETIC_DEVELOPMENT
1684,2026-07-21,11,1,1,2,Cardiology,4,16.62,8,11,9,10,144.9,SYNTHETIC_DEVELOPMENT
1685,2026-07-21,10,1,1,3,Pediatrics,5,13.65,3,4,4,8,45.1,SYNTHETIC_DEVELOPMENT
1686,2026-07-21,9,1,1,1,General Medicine,2,10.58,13,16,14,2,155.3,SYNTHETIC_DEVELOPMENT
1687,2026-07-21,12,1,0,1,General Medicine,2,10.58,3,4,4,7,28.9,SYNTHETIC_DEVELOPMENT
1688,2026-07-21,14,1,1,1,General Medicine,1,11.5,8,9,9,18,86.4,SYNTHETIC_DEVELOPMENT
1689,2026-07-21,13,1,0,5,Dermatology,7,9.0,5,8,6,13,46.4,SYNTHETIC_DEVELOPMENT
1690,2026-07-21,11,1,1,4,Orthopedics,6,14.5,5,8,6,8,76.2,SYNTHETIC_DEVELOPMENT
1691,2026-07-21,9,1,1,2,Cardiology,3,19.25,5,9,6,6,112.1,SYNTHETIC_DEVELOPMENT
1692,2026-07-21,11,1,1,3,Pediatrics,5,13.65,6,12,7,10,101.5,SYNTHETIC_DEVELOPMENT
1693,2026-07-21,16,1,0,2,Cardiology,4,16.62,3,4,4,29,60.9,SYNTHETIC_DEVELOPMENT
1694,2026-07-21,10,1,1,2,Cardiology,4,16.62,2,6,3,8,38.0,SYNTHETIC_DEVELOPMENT
1695,2026-07-21,14,1,1,1,General Medicine,2,10.58,9,11,10,18,115.9,SYNTHETIC_DEVELOPMENT
1696,2026-07-21,11,1,1,4,Orthopedics,6,14.5,3,8,4,11,47.5,SYNTHETIC_DEVELOPMENT
1697,2026-07-21,15,1,1,1,General Medicine,1,11.5,2,4,3,20,31.5,SYNTHETIC_DEVELOPMENT
1698,2026-07-21,10,1,1,4,Orthopedics,6,14.5,10,11,11,3,139.1,SYNTHETIC_DEVELOPMENT
1699,2026-07-21,15,1,1,3,Pediatrics,5,13.65,4,5,5,24,69.4,SYNTHETIC_DEVELOPMENT
1700,2026-07-21,9,1,1,1,General Medicine,1,11.5,5,7,6,6,64.1,SYNTHETIC_DEVELOPMENT
1701,2026-07-21,16,1,0,2,Cardiology,3,19.25,6,9,7,27,131.3,SYNTHETIC_DEVELOPMENT
1702,2026-07-21,14,1,1,5,Dermatology,7,9.0,6,10,7,15,64.9,SYNTHETIC_DEVELOPMENT
1703,2026-07-21,9,1,1,4,Orthopedics,6,14.5,5,7,6,4,72.3,SYNTHETIC_DEVELOPMENT
1704,2026-07-21,9,1,1,1,General Medicine,1,11.5,7,10,8,4,80.5,SYNTHETIC_DEVELOPMENT
1705,2026-07-21,8,1,0,2,Cardiology,4,16.62,5,8,6,1,85.3,SYNTHETIC_DEVELOPMENT
1706,2026-07-21,14,1,1,2,Cardiology,4,16.62,5,7,6,14,106.3,SYNTHETIC_DEVELOPMENT
1707,2026-07-21,14,1,1,3,Pediatrics,5,13.65,8,12,9,19,114.8,SYNTHETIC_DEVELOPMENT
1708,2026-07-21,15,1,1,2,Cardiology,4,16.62,7,12,8,28,123.0,SYNTHETIC_DEVELOPMENT
1709,2026-07-21,11,1,1,2,Cardiology,4,16.62,2,3,3,5,30.3,SYNTHETIC_DEVELOPMENT
1710,2026-07-21,14,1,1,3,Pediatrics,5,13.65,4,5,5,18,55.1,SYNTHETIC_DEVELOPMENT
1711,2026-07-21,16,1,0,2,Cardiology,4,16.62,4,7,5,26,64.5,SYNTHETIC_DEVELOPMENT
1712,2026-07-21,16,1,0,1,General Medicine,2,10.58,1,4,2,28,15.7,SYNTHETIC_DEVELOPMENT
1713,2026-07-21,10,1,1,3,Pediatrics,5,13.65,5,8,6,6,67.8,SYNTHETIC_DEVELOPMENT
1714,2026-07-21,12,1,0,2,Cardiology,4,16.62,6,9,7,13,104.1,SYNTHETIC_DEVELOPMENT
1715,2026-07-21,10,1,1,4,Orthopedics,6,14.5,6,6,7,5,64.9,SYNTHETIC_DEVELOPMENT
1716,2026-07-21,15,1,1,1,General Medicine,2,10.58,9,13,10,20,115.2,SYNTHETIC_DEVELOPMENT
1717,2026-07-21,9,1,1,5,Dermatology,7,9.0,9,11,10,5,110.5,SYNTHETIC_DEVELOPMENT
1718,2026-07-21,8,1,0,2,Cardiology,4,16.62,3,3,4,0,41.8,SYNTHETIC_DEVELOPMENT
1719,2026-07-21,10,1,1,2,Cardiology,3,19.25,10,13,11,9,180.0,SYNTHETIC_DEVELOPMENT
1720,2026-07-21,11,1,1,1,General Medicine,2,10.58,7,9,8,8,108.6,SYNTHETIC_DEVELOPMENT
1721,2026-07-21,9,1,1,4,Orthopedics,6,14.5,8,8,9,5,113.3,SYNTHETIC_DEVELOPMENT
1722,2026-07-21,14,1,1,2,Cardiology,3,19.25,3,4,4,25,71.4,SYNTHETIC_DEVELOPMENT
1723,2026-07-21,9,1,1,2,Cardiology,4,16.62,1,2,2,8,26.1,SYNTHETIC_DEVELOPMENT
1724,2026-07-21,11,1,1,1,General Medicine,1,11.5,3,7,4,8,32.7,SYNTHETIC_DEVELOPMENT
1725,2026-07-21,10,1,1,5,Dermatology,7,9.0,4,9,5,5,33.7,SYNTHETIC_DEVELOPMENT
1726,2026-07-21,10,1,1,2,Cardiology,4,16.62,3,5,4,13,40.9,SYNTHETIC_DEVELOPMENT
1727,2026-07-21,12,1,0,3,Pediatrics,5,13.65,8,10,9,7,116.4,SYNTHETIC_DEVELOPMENT
1728,2026-07-21,11,1,1,5,Dermatology,7,9.0,6,9,7,11,65.3,SYNTHETIC_DEVELOPMENT
1729,2026-07-21,14,1,1,4,Orthopedics,6,14.5,10,11,11,19,149.7,SYNTHETIC_DEVELOPMENT
1730,2026-07-21,11,1,1,2,Cardiology,4,16.62,6,9,7,7,110.7,SYNTHETIC_DEVELOPMENT
1731,2026-07-21,9,1,1,1,General Medicine,1,11.5,7,10,8,2,87.9,SYNTHETIC_DEVELOPMENT
1732,2026-07-21,14,1,1,4,Orthopedics,6,14.5,10,14,11,18,178.6,SYNTHETIC_DEVELOPMENT
1733,2026-07-21,9,1,1,1,General Medicine,1,11.5,4,5,5,3,73.8,SYNTHETIC_DEVELOPMENT
1734,2026-07-21,14,1,1,4,Orthopedics,6,14.5,6,9,7,15,116.8,SYNTHETIC_DEVELOPMENT
1735,2026-07-21,14,1,1,4,Orthopedics,6,14.5,8,10,9,17,119.4,SYNTHETIC_DEVELOPMENT
1736,2026-07-21,16,1,0,2,Cardiology,3,19.25,1,5,2,35,25.8,SYNTHETIC_DEVELOPMENT
1737,2026-07-21,12,1,0,2,Cardiology,4,16.62,2,8,3,11,48.6,SYNTHETIC_DEVELOPMENT
1738,2026-07-21,12,1,0,2,Cardiology,4,16.62,1,4,2,14,21.3,SYNTHETIC_DEVELOPMENT
1739,2026-07-21,11,1,1,2,Cardiology,4,16.62,1,1,2,11,15.2,SYNTHETIC_DEVELOPMENT
1740,2026-07-21,15,1,1,1,General Medicine,1,11.5,7,10,8,17,67.4,SYNTHETIC_DEVELOPMENT
1741,2026-07-21,15,1,1,1,General Medicine,2,10.58,11,14,12,21,134.5,SYNTHETIC_DEVELOPMENT
1742,2026-07-21,12,1,0,2,Cardiology,4,16.62,3,7,4,13,48.3,SYNTHETIC_DEVELOPMENT
1743,2026-07-21,14,1,1,1,General Medicine,2,10.58,7,13,8,11,75.5,SYNTHETIC_DEVELOPMENT
1744,2026-07-21,11,1,1,1,General Medicine,2,10.58,3,7,4,5,29.4,SYNTHETIC_DEVELOPMENT
1745,2026-07-21,8,1,0,2,Cardiology,3,19.25,7,13,8,0,124.3,SYNTHETIC_DEVELOPMENT
1746,2026-07-21,9,1,1,1,General Medicine,1,11.5,6,10,7,2,71.5,SYNTHETIC_DEVELOPMENT
1747,2026-07-21,9,1,1,1,General Medicine,1,11.5,8,12,9,0,116.2,SYNTHETIC_DEVELOPMENT
1748,2026-07-21,14,1,1,4,Orthopedics,6,14.5,3,6,4,21,52.8,SYNTHETIC_DEVELOPMENT
1749,2026-07-21,14,1,1,1,General Medicine,1,11.5,5,5,6,18,58.6,SYNTHETIC_DEVELOPMENT
1750,2026-07-21,9,1,1,3,Pediatrics,5,13.65,6,8,7,7,94.9,SYNTHETIC_DEVELOPMENT
1751,2026-07-22,15,2,1,5,Dermatology,7,9.0,6,11,7,28,58.8,SYNTHETIC_DEVELOPMENT
1752,2026-07-22,10,2,1,5,Dermatology,7,9.0,8,8,9,6,82.2,SYNTHETIC_DEVELOPMENT
1753,2026-07-22,14,2,1,2,Cardiology,3,19.25,2,4,3,23,60.0,SYNTHETIC_DEVELOPMENT
1754,2026-07-22,14,2,1,2,Cardiology,3,19.25,7,9,8,23,142.8,SYNTHETIC_DEVELOPMENT
1755,2026-07-22,16,2,0,1,General Medicine,1,11.5,2,4,3,27,26.9,SYNTHETIC_DEVELOPMENT
1756,2026-07-22,9,2,1,5,Dermatology,7,9.0,9,9,10,4,95.1,SYNTHETIC_DEVELOPMENT
1757,2026-07-22,14,2,1,5,Dermatology,7,9.0,8,11,9,17,75.3,SYNTHETIC_DEVELOPMENT
1758,2026-07-22,15,2,1,5,Dermatology,7,9.0,9,12,10,27,93.8,SYNTHETIC_DEVELOPMENT
1759,2026-07-22,12,2,0,4,Orthopedics,6,14.5,3,4,4,10,48.4,SYNTHETIC_DEVELOPMENT
1760,2026-07-22,9,2,1,1,General Medicine,1,11.5,9,12,10,5,121.3,SYNTHETIC_DEVELOPMENT
1761,2026-07-22,17,2,0,3,Pediatrics,5,13.65,4,6,5,27,61.3,SYNTHETIC_DEVELOPMENT
1762,2026-07-22,14,2,1,5,Dermatology,7,9.0,4,7,5,17,50.1,SYNTHETIC_DEVELOPMENT
1763,2026-07-22,11,2,1,5,Dermatology,7,9.0,5,7,6,10,61.2,SYNTHETIC_DEVELOPMENT
1764,2026-07-22,15,2,1,2,Cardiology,4,16.62,8,12,9,24,166.5,SYNTHETIC_DEVELOPMENT
1765,2026-07-22,14,2,1,1,General Medicine,1,11.5,9,11,10,19,103.4,SYNTHETIC_DEVELOPMENT
1766,2026-07-22,13,2,0,4,Orthopedics,6,14.5,4,10,5,16,56.6,SYNTHETIC_DEVELOPMENT
1767,2026-07-22,11,2,1,2,Cardiology,3,19.25,4,4,5,8,82.5,SYNTHETIC_DEVELOPMENT
1768,2026-07-22,11,2,1,2,Cardiology,4,16.62,7,10,8,11,98.5,SYNTHETIC_DEVELOPMENT
1769,2026-07-22,12,2,0,4,Orthopedics,6,14.5,4,5,5,17,78.7,SYNTHETIC_DEVELOPMENT
1770,2026-07-22,11,2,1,2,Cardiology,4,16.62,6,9,7,12,111.0,SYNTHETIC_DEVELOPMENT
1771,2026-07-22,12,2,0,2,Cardiology,3,19.25,5,6,6,10,100.3,SYNTHETIC_DEVELOPMENT
1772,2026-07-22,10,2,1,2,Cardiology,3,19.25,8,12,9,10,153.4,SYNTHETIC_DEVELOPMENT
1773,2026-07-22,16,2,0,3,Pediatrics,5,13.65,3,6,4,35,31.5,SYNTHETIC_DEVELOPMENT
1774,2026-07-22,10,2,1,4,Orthopedics,6,14.5,2,3,3,14,33.6,SYNTHETIC_DEVELOPMENT
1775,2026-07-22,12,2,0,4,Orthopedics,6,14.5,6,12,7,15,96.5,SYNTHETIC_DEVELOPMENT
1776,2026-07-22,10,2,1,2,Cardiology,4,16.62,9,10,10,9,162.8,SYNTHETIC_DEVELOPMENT
1777,2026-07-22,14,2,1,2,Cardiology,4,16.62,10,17,11,24,180.0,SYNTHETIC_DEVELOPMENT
1778,2026-07-22,14,2,1,1,General Medicine,1,11.5,7,12,8,14,98.0,SYNTHETIC_DEVELOPMENT
1779,2026-07-22,10,2,1,1,General Medicine,1,11.5,7,7,8,4,82.0,SYNTHETIC_DEVELOPMENT
1780,2026-07-22,10,2,1,5,Dermatology,7,9.0,1,1,2,4,10.0,SYNTHETIC_DEVELOPMENT
1781,2026-07-22,15,2,1,1,General Medicine,2,10.58,7,10,8,28,91.3,SYNTHETIC_DEVELOPMENT
1782,2026-07-22,9,2,1,1,General Medicine,2,10.58,7,9,8,1,82.4,SYNTHETIC_DEVELOPMENT
1783,2026-07-22,9,2,1,4,Orthopedics,6,14.5,7,10,8,6,106.0,SYNTHETIC_DEVELOPMENT
1784,2026-07-22,8,2,0,2,Cardiology,4,16.62,2,5,3,0,29.2,SYNTHETIC_DEVELOPMENT
1785,2026-07-22,9,2,1,1,General Medicine,2,10.58,4,5,5,3,38.0,SYNTHETIC_DEVELOPMENT
1786,2026-07-22,14,2,1,2,Cardiology,3,19.25,8,9,9,18,164.2,SYNTHETIC_DEVELOPMENT
1787,2026-07-22,8,2,0,5,Dermatology,7,9.0,3,4,4,3,38.5,SYNTHETIC_DEVELOPMENT
1788,2026-07-22,12,2,0,3,Pediatrics,5,13.65,5,6,6,13,61.2,SYNTHETIC_DEVELOPMENT
1789,2026-07-22,15,2,1,2,Cardiology,3,19.25,4,9,5,20,77.5,SYNTHETIC_DEVELOPMENT
1790,2026-07-22,15,2,1,2,Cardiology,4,16.62,4,6,5,16,66.5,SYNTHETIC_DEVELOPMENT
1791,2026-07-22,10,2,1,1,General Medicine,1,11.5,8,10,9,5,93.1,SYNTHETIC_DEVELOPMENT
1792,2026-07-22,10,2,1,5,Dermatology,7,9.0,5,6,6,6,39.3,SYNTHETIC_DEVELOPMENT
1793,2026-07-22,9,2,1,2,Cardiology,3,19.25,5,6,6,6,117.6,SYNTHETIC_DEVELOPMENT
1794,2026-07-22,9,2,1,3,Pediatrics,5,13.65,8,12,9,3,125.9,SYNTHETIC_DEVELOPMENT
1795,2026-07-22,9,2,1,1,General Medicine,2,10.58,8,9,9,1,101.7,SYNTHETIC_DEVELOPMENT
1796,2026-07-22,10,2,1,2,Cardiology,4,16.62,9,11,10,6,145.3,SYNTHETIC_DEVELOPMENT
1797,2026-07-22,9,2,1,1,General Medicine,2,10.58,5,7,6,1,59.1,SYNTHETIC_DEVELOPMENT
1798,2026-07-22,9,2,1,4,Orthopedics,6,14.5,6,8,7,5,94.4,SYNTHETIC_DEVELOPMENT
1799,2026-07-22,13,2,0,1,General Medicine,1,11.5,2,5,3,11,24.8,SYNTHETIC_DEVELOPMENT
1800,2026-07-22,10,2,1,5,Dermatology,7,9.0,6,8,7,7,68.6,SYNTHETIC_DEVELOPMENT
1801,2026-07-22,11,2,1,1,General Medicine,2,10.58,6,8,7,9,76.7,SYNTHETIC_DEVELOPMENT
1802,2026-07-22,10,2,1,2,Cardiology,4,16.62,6,10,7,10,122.6,SYNTHETIC_DEVELOPMENT
1803,2026-07-22,14,2,1,1,General Medicine,1,11.5,8,11,9,21,99.3,SYNTHETIC_DEVELOPMENT
1804,2026-07-22,16,2,0,2,Cardiology,3,19.25,7,8,8,18,121.7,SYNTHETIC_DEVELOPMENT
1805,2026-07-22,13,2,0,1,General Medicine,1,11.5,11,14,12,20,138.3,SYNTHETIC_DEVELOPMENT
1806,2026-07-22,16,2,0,2,Cardiology,4,16.62,3,5,4,20,56.2,SYNTHETIC_DEVELOPMENT
1807,2026-07-22,9,2,1,2,Cardiology,3,19.25,8,10,9,1,155.9,SYNTHETIC_DEVELOPMENT
1808,2026-07-22,9,2,1,2,Cardiology,3,19.25,8,11,9,6,159.2,SYNTHETIC_DEVELOPMENT
1809,2026-07-22,16,2,0,2,Cardiology,4,16.62,5,6,6,20,78.3,SYNTHETIC_DEVELOPMENT
1810,2026-07-22,14,2,1,5,Dermatology,7,9.0,8,10,9,23,82.1,SYNTHETIC_DEVELOPMENT
1811,2026-07-22,14,2,1,1,General Medicine,2,10.58,7,11,8,18,65.1,SYNTHETIC_DEVELOPMENT
1812,2026-07-22,10,2,1,3,Pediatrics,5,13.65,5,7,6,7,85.8,SYNTHETIC_DEVELOPMENT
1813,2026-07-22,16,2,0,3,Pediatrics,5,13.65,7,9,8,30,102.9,SYNTHETIC_DEVELOPMENT
1814,2026-07-22,8,2,0,4,Orthopedics,6,14.5,2,6,3,1,24.8,SYNTHETIC_DEVELOPMENT
1815,2026-07-22,9,2,1,5,Dermatology,7,9.0,6,7,7,3,73.4,SYNTHETIC_DEVELOPMENT
1816,2026-07-22,9,2,1,4,Orthopedics,6,14.5,4,4,5,0,54.9,SYNTHETIC_DEVELOPMENT
1817,2026-07-22,15,2,1,3,Pediatrics,5,13.65,4,4,5,28,61.2,SYNTHETIC_DEVELOPMENT
1818,2026-07-22,11,2,1,3,Pediatrics,5,13.65,4,6,5,11,69.1,SYNTHETIC_DEVELOPMENT
1819,2026-07-22,10,2,1,1,General Medicine,2,10.58,8,11,9,6,88.9,SYNTHETIC_DEVELOPMENT
1820,2026-07-22,11,2,1,1,General Medicine,2,10.58,6,8,7,7,71.0,SYNTHETIC_DEVELOPMENT
1821,2026-07-22,11,2,1,2,Cardiology,3,19.25,4,6,5,14,89.4,SYNTHETIC_DEVELOPMENT
1822,2026-07-22,14,2,1,1,General Medicine,2,10.58,9,11,10,21,107.0,SYNTHETIC_DEVELOPMENT
1823,2026-07-22,10,2,1,3,Pediatrics,5,13.65,7,7,8,7,118.6,SYNTHETIC_DEVELOPMENT
1824,2026-07-22,10,2,1,2,Cardiology,3,19.25,4,7,5,8,83.6,SYNTHETIC_DEVELOPMENT
1825,2026-07-22,12,2,0,2,Cardiology,3,19.25,7,9,8,8,121.6,SYNTHETIC_DEVELOPMENT
1826,2026-07-22,10,2,1,4,Orthopedics,6,14.5,4,6,5,11,64.2,SYNTHETIC_DEVELOPMENT
1827,2026-07-22,9,2,1,2,Cardiology,4,16.62,8,10,9,4,135.9,SYNTHETIC_DEVELOPMENT
1828,2026-07-22,11,2,1,4,Orthopedics,6,14.5,5,5,6,7,72.6,SYNTHETIC_DEVELOPMENT
1829,2026-07-22,14,2,1,3,Pediatrics,5,13.65,3,3,4,15,41.7,SYNTHETIC_DEVELOPMENT
1830,2026-07-22,14,2,1,4,Orthopedics,6,14.5,7,11,8,18,103.6,SYNTHETIC_DEVELOPMENT
1831,2026-07-22,15,2,1,3,Pediatrics,5,13.65,7,8,8,21,112.7,SYNTHETIC_DEVELOPMENT
1832,2026-07-22,15,2,1,1,General Medicine,2,10.58,7,8,8,22,78.7,SYNTHETIC_DEVELOPMENT
1833,2026-07-22,11,2,1,1,General Medicine,1,11.5,5,7,6,19,64.4,SYNTHETIC_DEVELOPMENT
1834,2026-07-22,14,2,1,4,Orthopedics,6,14.5,6,9,7,24,105.8,SYNTHETIC_DEVELOPMENT
1835,2026-07-23,9,3,1,1,General Medicine,1,11.5,5,7,6,3,59.8,SYNTHETIC_DEVELOPMENT
1836,2026-07-23,10,3,1,1,General Medicine,2,10.58,6,8,7,6,72.5,SYNTHETIC_DEVELOPMENT
1837,2026-07-23,17,3,0,5,Dermatology,7,9.0,2,3,3,22,29.3,SYNTHETIC_DEVELOPMENT
1838,2026-07-23,15,3,1,4,Orthopedics,6,14.5,4,7,5,21,48.1,SYNTHETIC_DEVELOPMENT
1839,2026-07-23,10,3,1,3,Pediatrics,5,13.65,7,10,8,7,96.9,SYNTHETIC_DEVELOPMENT
1840,2026-07-23,10,3,1,5,Dermatology,7,9.0,5,6,6,5,50.2,SYNTHETIC_DEVELOPMENT
1841,2026-07-23,8,3,0,1,General Medicine,2,10.58,4,6,5,0,46.6,SYNTHETIC_DEVELOPMENT
1842,2026-07-23,14,3,1,5,Dermatology,7,9.0,4,7,5,23,36.4,SYNTHETIC_DEVELOPMENT
1843,2026-07-23,10,3,1,4,Orthopedics,6,14.5,4,11,5,7,50.5,SYNTHETIC_DEVELOPMENT
1844,2026-07-23,14,3,1,1,General Medicine,1,11.5,7,10,8,23,88.8,SYNTHETIC_DEVELOPMENT
1845,2026-07-23,14,3,1,1,General Medicine,1,11.5,6,10,7,10,95.9,SYNTHETIC_DEVELOPMENT
1846,2026-07-23,16,3,0,2,Cardiology,3,19.25,2,4,3,33,38.1,SYNTHETIC_DEVELOPMENT
1847,2026-07-23,13,3,0,2,Cardiology,3,19.25,5,9,6,17,87.2,SYNTHETIC_DEVELOPMENT
1848,2026-07-23,11,3,1,5,Dermatology,7,9.0,6,10,7,9,60.0,SYNTHETIC_DEVELOPMENT
1849,2026-07-23,15,3,1,2,Cardiology,3,19.25,3,6,4,19,56.3,SYNTHETIC_DEVELOPMENT
1850,2026-07-23,9,3,1,4,Orthopedics,6,14.5,9,14,10,4,131.8,SYNTHETIC_DEVELOPMENT
1851,2026-07-23,11,3,1,5,Dermatology,7,9.0,3,5,4,12,29.6,SYNTHETIC_DEVELOPMENT
1852,2026-07-23,9,3,1,5,Dermatology,7,9.0,4,8,5,5,39.7,SYNTHETIC_DEVELOPMENT
1853,2026-07-23,16,3,0,3,Pediatrics,5,13.65,3,7,4,28,62.3,SYNTHETIC_DEVELOPMENT
1854,2026-07-23,9,3,1,1,General Medicine,2,10.58,5,8,6,2,64.6,SYNTHETIC_DEVELOPMENT
1855,2026-07-23,16,3,0,3,Pediatrics,5,13.65,2,3,3,26,32.7,SYNTHETIC_DEVELOPMENT
1856,2026-07-23,10,3,1,3,Pediatrics,5,13.65,10,12,11,8,148.6,SYNTHETIC_DEVELOPMENT
1857,2026-07-23,12,3,0,1,General Medicine,1,11.5,4,6,5,14,46.8,SYNTHETIC_DEVELOPMENT
1858,2026-07-23,10,3,1,2,Cardiology,4,16.62,7,9,8,4,113.2,SYNTHETIC_DEVELOPMENT
1859,2026-07-23,8,3,0,2,Cardiology,3,19.25,6,6,7,1,120.1,SYNTHETIC_DEVELOPMENT
1860,2026-07-23,11,3,1,2,Cardiology,4,16.62,4,7,5,13,62.2,SYNTHETIC_DEVELOPMENT
1861,2026-07-23,14,3,1,2,Cardiology,4,16.62,3,5,4,23,42.3,SYNTHETIC_DEVELOPMENT
1862,2026-07-23,12,3,0,1,General Medicine,1,11.5,2,3,3,9,36.1,SYNTHETIC_DEVELOPMENT
1863,2026-07-23,14,3,1,3,Pediatrics,5,13.65,7,7,8,17,111.1,SYNTHETIC_DEVELOPMENT
1864,2026-07-23,9,3,1,1,General Medicine,1,11.5,9,11,10,3,133.7,SYNTHETIC_DEVELOPMENT
1865,2026-07-23,14,3,1,1,General Medicine,1,11.5,7,11,8,20,87.3,SYNTHETIC_DEVELOPMENT
1866,2026-07-23,11,3,1,2,Cardiology,3,19.25,4,7,5,6,75.6,SYNTHETIC_DEVELOPMENT
1867,2026-07-23,15,3,1,4,Orthopedics,6,14.5,2,3,3,22,31.6,SYNTHETIC_DEVELOPMENT
1868,2026-07-23,10,3,1,5,Dermatology,7,9.0,6,9,7,3,87.2,SYNTHETIC_DEVELOPMENT
1869,2026-07-23,9,3,1,2,Cardiology,3,19.25,8,9,9,2,175.8,SYNTHETIC_DEVELOPMENT
1870,2026-07-23,14,3,1,3,Pediatrics,5,13.65,4,7,5,21,71.0,SYNTHETIC_DEVELOPMENT
1871,2026-07-23,8,3,0,4,Orthopedics,6,14.5,6,7,7,0,107.7,SYNTHETIC_DEVELOPMENT
1872,2026-07-23,9,3,1,1,General Medicine,1,11.5,11,14,12,4,154.4,SYNTHETIC_DEVELOPMENT
1873,2026-07-23,12,3,0,5,Dermatology,7,9.0,3,7,4,16,29.2,SYNTHETIC_DEVELOPMENT
1874,2026-07-23,15,3,1,2,Cardiology,3,19.25,6,9,7,20,133.9,SYNTHETIC_DEVELOPMENT
1875,2026-07-23,9,3,1,2,Cardiology,3,19.25,4,7,5,3,77.7,SYNTHETIC_DEVELOPMENT
1876,2026-07-23,10,3,1,5,Dermatology,7,9.0,9,10,10,4,90.8,SYNTHETIC_DEVELOPMENT
1877,2026-07-23,10,3,1,2,Cardiology,4,16.62,7,12,8,6,117.6,SYNTHETIC_DEVELOPMENT
1878,2026-07-23,17,3,0,1,General Medicine,1,11.5,2,5,3,34,18.4,SYNTHETIC_DEVELOPMENT
1879,2026-07-23,14,3,1,2,Cardiology,4,16.62,5,10,6,19,99.3,SYNTHETIC_DEVELOPMENT
1880,2026-07-23,9,3,1,2,Cardiology,3,19.25,13,19,14,1,180.0,SYNTHETIC_DEVELOPMENT
1881,2026-07-23,10,3,1,2,Cardiology,4,16.62,7,10,8,9,131.9,SYNTHETIC_DEVELOPMENT
1882,2026-07-23,11,3,1,2,Cardiology,3,19.25,9,11,10,10,180.0,SYNTHETIC_DEVELOPMENT
1883,2026-07-23,14,3,1,5,Dermatology,7,9.0,9,11,10,20,90.4,SYNTHETIC_DEVELOPMENT
1884,2026-07-23,13,3,0,4,Orthopedics,6,14.5,4,7,5,20,67.3,SYNTHETIC_DEVELOPMENT
1885,2026-07-23,9,3,1,1,General Medicine,1,11.5,6,9,7,4,81.3,SYNTHETIC_DEVELOPMENT
1886,2026-07-23,10,3,1,1,General Medicine,2,10.58,9,10,10,6,93.7,SYNTHETIC_DEVELOPMENT
1887,2026-07-23,15,3,1,4,Orthopedics,6,14.5,8,10,9,25,123.8,SYNTHETIC_DEVELOPMENT
1888,2026-07-23,9,3,1,1,General Medicine,2,10.58,4,8,5,4,46.0,SYNTHETIC_DEVELOPMENT
1889,2026-07-23,15,3,1,1,General Medicine,1,11.5,5,9,6,25,72.2,SYNTHETIC_DEVELOPMENT
1890,2026-07-23,14,3,1,4,Orthopedics,6,14.5,2,7,3,15,44.6,SYNTHETIC_DEVELOPMENT
1891,2026-07-23,16,3,0,2,Cardiology,3,19.25,4,7,5,34,81.0,SYNTHETIC_DEVELOPMENT
1892,2026-07-23,10,3,1,1,General Medicine,2,10.58,6,6,7,6,80.2,SYNTHETIC_DEVELOPMENT
1893,2026-07-23,10,3,1,3,Pediatrics,5,13.65,7,7,8,9,97.7,SYNTHETIC_DEVELOPMENT
1894,2026-07-23,10,3,1,3,Pediatrics,5,13.65,5,9,6,3,68.7,SYNTHETIC_DEVELOPMENT
1895,2026-07-23,14,3,1,5,Dermatology,7,9.0,6,8,7,19,70.6,SYNTHETIC_DEVELOPMENT
1896,2026-07-23,15,3,1,3,Pediatrics,5,13.65,5,8,6,24,65.4,SYNTHETIC_DEVELOPMENT
1897,2026-07-23,10,3,1,5,Dermatology,7,9.0,7,9,8,6,76.2,SYNTHETIC_DEVELOPMENT
1898,2026-07-23,15,3,1,1,General Medicine,1,11.5,6,8,7,26,86.9,SYNTHETIC_DEVELOPMENT
1899,2026-07-23,15,3,1,2,Cardiology,4,16.62,10,10,11,24,156.7,SYNTHETIC_DEVELOPMENT
1900,2026-07-23,8,3,0,4,Orthopedics,6,14.5,4,6,5,0,60.9,SYNTHETIC_DEVELOPMENT
1901,2026-07-23,14,3,1,1,General Medicine,2,10.58,9,13,10,21,93.8,SYNTHETIC_DEVELOPMENT
1902,2026-07-23,15,3,1,4,Orthopedics,6,14.5,4,9,5,28,58.7,SYNTHETIC_DEVELOPMENT
1903,2026-07-23,14,3,1,2,Cardiology,3,19.25,4,6,5,24,72.4,SYNTHETIC_DEVELOPMENT
1904,2026-07-23,14,3,1,1,General Medicine,1,11.5,5,8,6,20,56.5,SYNTHETIC_DEVELOPMENT
1905,2026-07-23,10,3,1,3,Pediatrics,5,13.65,7,13,8,5,96.1,SYNTHETIC_DEVELOPMENT
1906,2026-07-23,14,3,1,2,Cardiology,4,16.62,5,7,6,19,77.4,SYNTHETIC_DEVELOPMENT
1907,2026-07-23,14,3,1,4,Orthopedics,6,14.5,8,17,9,17,144.3,SYNTHETIC_DEVELOPMENT
1908,2026-07-23,9,3,1,2,Cardiology,4,16.62,7,10,8,3,129.1,SYNTHETIC_DEVELOPMENT
1909,2026-07-23,10,3,1,5,Dermatology,7,9.0,7,8,8,3,67.2,SYNTHETIC_DEVELOPMENT
1910,2026-07-23,9,3,1,3,Pediatrics,5,13.65,7,8,8,2,91.9,SYNTHETIC_DEVELOPMENT
1911,2026-07-23,11,3,1,2,Cardiology,4,16.62,5,7,6,14,71.3,SYNTHETIC_DEVELOPMENT
1912,2026-07-23,14,3,1,3,Pediatrics,5,13.65,4,6,5,18,48.4,SYNTHETIC_DEVELOPMENT
1913,2026-07-23,12,3,0,5,Dermatology,7,9.0,2,7,3,10,18.4,SYNTHETIC_DEVELOPMENT
1914,2026-07-23,12,3,0,5,Dermatology,7,9.0,0,4,1,13,1.8,SYNTHETIC_DEVELOPMENT
1915,2026-07-23,10,3,1,2,Cardiology,3,19.25,6,10,7,8,102.6,SYNTHETIC_DEVELOPMENT
1916,2026-07-23,15,3,1,5,Dermatology,7,9.0,7,10,8,24,72.3,SYNTHETIC_DEVELOPMENT
1917,2026-07-23,10,3,1,2,Cardiology,4,16.62,4,6,5,8,64.8,SYNTHETIC_DEVELOPMENT
1918,2026-07-24,15,4,1,4,Orthopedics,6,14.5,4,8,5,19,65.0,SYNTHETIC_DEVELOPMENT
1919,2026-07-24,10,4,1,4,Orthopedics,6,14.5,4,10,5,4,67.6,SYNTHETIC_DEVELOPMENT
1920,2026-07-24,10,4,1,4,Orthopedics,6,14.5,8,10,9,4,114.4,SYNTHETIC_DEVELOPMENT
1921,2026-07-24,9,4,1,5,Dermatology,7,9.0,7,9,8,3,63.6,SYNTHETIC_DEVELOPMENT
1922,2026-07-24,12,4,0,4,Orthopedics,6,14.5,5,7,6,7,74.8,SYNTHETIC_DEVELOPMENT
1923,2026-07-24,11,4,1,3,Pediatrics,5,13.65,2,6,3,4,37.6,SYNTHETIC_DEVELOPMENT
1924,2026-07-24,8,4,0,1,General Medicine,2,10.58,7,11,8,1,87.0,SYNTHETIC_DEVELOPMENT
1925,2026-07-24,16,4,0,3,Pediatrics,5,13.65,5,6,6,19,87.9,SYNTHETIC_DEVELOPMENT
1926,2026-07-24,12,4,0,1,General Medicine,2,10.58,6,13,7,17,81.7,SYNTHETIC_DEVELOPMENT
1927,2026-07-24,9,4,1,1,General Medicine,2,10.58,11,14,12,3,136.4,SYNTHETIC_DEVELOPMENT
1928,2026-07-24,9,4,1,2,Cardiology,3,19.25,6,6,7,4,97.0,SYNTHETIC_DEVELOPMENT
1929,2026-07-24,10,4,1,2,Cardiology,3,19.25,10,11,11,10,180.0,SYNTHETIC_DEVELOPMENT
1930,2026-07-24,10,4,1,4,Orthopedics,6,14.5,7,9,8,7,108.2,SYNTHETIC_DEVELOPMENT
1931,2026-07-24,10,4,1,4,Orthopedics,6,14.5,6,11,7,4,71.1,SYNTHETIC_DEVELOPMENT
1932,2026-07-24,10,4,1,1,General Medicine,2,10.58,9,10,10,4,111.3,SYNTHETIC_DEVELOPMENT
1933,2026-07-24,11,4,1,4,Orthopedics,6,14.5,8,11,9,12,140.1,SYNTHETIC_DEVELOPMENT
1934,2026-07-24,10,4,1,4,Orthopedics,6,14.5,6,9,7,11,71.5,SYNTHETIC_DEVELOPMENT
1935,2026-07-24,9,4,1,1,General Medicine,1,11.5,5,8,6,2,64.9,SYNTHETIC_DEVELOPMENT
1936,2026-07-24,11,4,1,4,Orthopedics,6,14.5,5,6,6,8,66.4,SYNTHETIC_DEVELOPMENT
1937,2026-07-24,10,4,1,4,Orthopedics,6,14.5,6,6,7,3,74.3,SYNTHETIC_DEVELOPMENT
1938,2026-07-24,13,4,0,1,General Medicine,1,11.5,1,2,2,15,9.7,SYNTHETIC_DEVELOPMENT
1939,2026-07-24,17,4,0,5,Dermatology,7,9.0,5,8,6,33,47.9,SYNTHETIC_DEVELOPMENT
1940,2026-07-24,16,4,0,1,General Medicine,2,10.58,4,5,5,23,37.9,SYNTHETIC_DEVELOPMENT
1941,2026-07-24,14,4,1,5,Dermatology,7,9.0,6,7,7,24,55.1,SYNTHETIC_DEVELOPMENT
1942,2026-07-24,10,4,1,1,General Medicine,2,10.58,7,9,8,4,87.7,SYNTHETIC_DEVELOPMENT
1943,2026-07-24,11,4,1,1,General Medicine,1,11.5,12,13,13,11,164.8,SYNTHETIC_DEVELOPMENT
1944,2026-07-24,9,4,1,1,General Medicine,1,11.5,5,11,6,6,54.5,SYNTHETIC_DEVELOPMENT
1945,2026-07-24,13,4,0,4,Orthopedics,6,14.5,5,7,6,16,69.3,SYNTHETIC_DEVELOPMENT
1946,2026-07-24,12,4,0,5,Dermatology,7,9.0,2,6,3,12,25.5,SYNTHETIC_DEVELOPMENT
1947,2026-07-24,10,4,1,4,Orthopedics,6,14.5,9,12,10,7,135.6,SYNTHETIC_DEVELOPMENT
1948,2026-07-24,14,4,1,1,General Medicine,1,11.5,5,6,6,23,70.5,SYNTHETIC_DEVELOPMENT
1949,2026-07-24,14,4,1,4,Orthopedics,6,14.5,7,9,8,14,92.0,SYNTHETIC_DEVELOPMENT
1950,2026-07-24,11,4,1,2,Cardiology,3,19.25,8,9,9,8,167.2,SYNTHETIC_DEVELOPMENT
1951,2026-07-24,10,4,1,1,General Medicine,2,10.58,9,13,10,3,120.1,SYNTHETIC_DEVELOPMENT
1952,2026-07-24,11,4,1,1,General Medicine,2,10.58,7,10,8,6,74.4,SYNTHETIC_DEVELOPMENT
1953,2026-07-24,16,4,0,2,Cardiology,3,19.25,1,4,2,21,22.6,SYNTHETIC_DEVELOPMENT
1954,2026-07-24,9,4,1,4,Orthopedics,6,14.5,4,4,5,2,56.0,SYNTHETIC_DEVELOPMENT
1955,2026-07-24,10,4,1,2,Cardiology,4,16.62,6,7,7,5,99.3,SYNTHETIC_DEVELOPMENT
1956,2026-07-24,8,4,0,1,General Medicine,2,10.58,7,9,8,0,62.5,SYNTHETIC_DEVELOPMENT
1957,2026-07-24,9,4,1,2,Cardiology,3,19.25,7,10,8,3,129.7,SYNTHETIC_DEVELOPMENT
1958,2026-07-24,9,4,1,2,Cardiology,4,16.62,3,6,4,3,43.2,SYNTHETIC_DEVELOPMENT
1959,2026-07-24,17,4,0,2,Cardiology,4,16.62,3,5,4,35,47.8,SYNTHETIC_DEVELOPMENT
1960,2026-07-24,10,4,1,4,Orthopedics,6,14.5,2,3,3,10,25.6,SYNTHETIC_DEVELOPMENT
1961,2026-07-24,17,4,0,2,Cardiology,4,16.62,4,8,5,28,49.9,SYNTHETIC_DEVELOPMENT
1962,2026-07-24,9,4,1,1,General Medicine,2,10.58,8,12,9,5,86.4,SYNTHETIC_DEVELOPMENT
1963,2026-07-24,11,4,1,3,Pediatrics,5,13.65,4,6,5,8,55.4,SYNTHETIC_DEVELOPMENT
1964,2026-07-24,15,4,1,1,General Medicine,1,11.5,10,11,11,19,156.5,SYNTHETIC_DEVELOPMENT
1965,2026-07-24,9,4,1,4,Orthopedics,6,14.5,6,7,7,2,101.1,SYNTHETIC_DEVELOPMENT
1966,2026-07-24,13,4,0,1,General Medicine,2,10.58,4,7,5,15,45.4,SYNTHETIC_DEVELOPMENT
1967,2026-07-24,9,4,1,5,Dermatology,7,9.0,3,7,4,3,24.6,SYNTHETIC_DEVELOPMENT
1968,2026-07-24,10,4,1,4,Orthopedics,6,14.5,12,13,13,9,163.5,SYNTHETIC_DEVELOPMENT
1969,2026-07-24,10,4,1,1,General Medicine,1,11.5,4,9,5,5,54.6,SYNTHETIC_DEVELOPMENT
1970,2026-07-24,12,4,0,1,General Medicine,1,11.5,6,10,7,17,67.3,SYNTHETIC_DEVELOPMENT
1971,2026-07-24,14,4,1,2,Cardiology,3,19.25,5,8,6,20,96.7,SYNTHETIC_DEVELOPMENT
1972,2026-07-24,14,4,1,5,Dermatology,7,9.0,6,8,7,15,47.9,SYNTHETIC_DEVELOPMENT
1973,2026-07-24,10,4,1,5,Dermatology,7,9.0,4,10,5,3,41.0,SYNTHETIC_DEVELOPMENT
1974,2026-07-24,9,4,1,2,Cardiology,3,19.25,10,10,11,4,180.0,SYNTHETIC_DEVELOPMENT
1975,2026-07-24,8,4,0,2,Cardiology,4,16.62,3,4,4,0,67.2,SYNTHETIC_DEVELOPMENT
1976,2026-07-24,10,4,1,1,General Medicine,1,11.5,5,8,6,7,48.5,SYNTHETIC_DEVELOPMENT
1977,2026-07-24,15,4,1,2,Cardiology,3,19.25,6,7,7,19,134.6,SYNTHETIC_DEVELOPMENT
1978,2026-07-24,15,4,1,1,General Medicine,2,10.58,6,7,7,22,86.4,SYNTHETIC_DEVELOPMENT
1979,2026-07-24,9,4,1,1,General Medicine,1,11.5,7,7,8,2,85.0,SYNTHETIC_DEVELOPMENT
1980,2026-07-24,9,4,1,2,Cardiology,3,19.25,6,7,7,6,102.3,SYNTHETIC_DEVELOPMENT
1981,2026-07-24,16,4,0,1,General Medicine,1,11.5,6,11,7,27,74.7,SYNTHETIC_DEVELOPMENT
1982,2026-07-24,10,4,1,1,General Medicine,2,10.58,4,7,5,5,59.9,SYNTHETIC_DEVELOPMENT
1983,2026-07-24,10,4,1,3,Pediatrics,5,13.65,4,5,5,1,66.8,SYNTHETIC_DEVELOPMENT
1984,2026-07-24,15,4,1,2,Cardiology,3,19.25,8,8,9,15,165.0,SYNTHETIC_DEVELOPMENT
1985,2026-07-24,12,4,0,1,General Medicine,2,10.58,3,7,4,13,26.8,SYNTHETIC_DEVELOPMENT
1986,2026-07-24,9,4,1,4,Orthopedics,6,14.5,7,11,8,6,91.1,SYNTHETIC_DEVELOPMENT
1987,2026-07-24,11,4,1,5,Dermatology,7,9.0,7,10,8,8,65.1,SYNTHETIC_DEVELOPMENT
1988,2026-07-24,11,4,1,3,Pediatrics,5,13.65,6,10,7,5,99.2,SYNTHETIC_DEVELOPMENT
1989,2026-07-24,13,4,0,1,General Medicine,1,11.5,6,9,7,21,64.7,SYNTHETIC_DEVELOPMENT
1990,2026-07-24,17,4,0,2,Cardiology,3,19.25,6,7,7,31,138.8,SYNTHETIC_DEVELOPMENT
1991,2026-07-24,14,4,1,1,General Medicine,2,10.58,7,8,8,24,79.8,SYNTHETIC_DEVELOPMENT
1992,2026-07-24,14,4,1,4,Orthopedics,6,14.5,5,7,6,21,70.5,SYNTHETIC_DEVELOPMENT
1993,2026-07-24,11,4,1,1,General Medicine,1,11.5,10,13,11,12,110.7,SYNTHETIC_DEVELOPMENT
1994,2026-07-24,12,4,0,5,Dermatology,7,9.0,2,4,3,15,22.2,SYNTHETIC_DEVELOPMENT
1995,2026-07-24,10,4,1,1,General Medicine,1,11.5,5,6,6,10,58.4,SYNTHETIC_DEVELOPMENT
1996,2026-07-24,14,4,1,1,General Medicine,1,11.5,13,16,14,14,156.1,SYNTHETIC_DEVELOPMENT
1997,2026-07-24,10,4,1,5,Dermatology,7,9.0,3,3,4,5,24.6,SYNTHETIC_DEVELOPMENT
1998,2026-07-24,12,4,0,3,Pediatrics,5,13.65,6,11,7,7,94.3,SYNTHETIC_DEVELOPMENT
1999,2026-07-24,12,4,0,1,General Medicine,2,10.58,5,8,6,16,47.3,SYNTHETIC_DEVELOPMENT
2000,2026-07-24,12,4,0,2,Cardiology,4,16.62,6,7,7,8,93.1,SYNTHETIC_DEVELOPMENT
2001,2026-07-25,11,5,1,3,Pediatrics,5,13.65,7,8,8,8,117.7,SYNTHETIC_DEVELOPMENT
2002,2026-07-25,9,5,1,2,Cardiology,4,16.62,2,4,3,3,42.4,SYNTHETIC_DEVELOPMENT
2003,2026-07-25,10,5,1,1,General Medicine,2,10.58,7,10,8,9,100.6,SYNTHETIC_DEVELOPMENT
2004,2026-07-25,11,5,1,2,Cardiology,3,19.25,5,5,6,9,88.0,SYNTHETIC_DEVELOPMENT
2005,2026-07-25,9,5,1,2,Cardiology,4,16.62,12,13,13,4,180.0,SYNTHETIC_DEVELOPMENT
2006,2026-07-25,10,5,1,2,Cardiology,3,19.25,13,15,14,5,180.0,SYNTHETIC_DEVELOPMENT
2007,2026-07-25,9,5,1,4,Orthopedics,6,14.5,5,7,6,6,71.9,SYNTHETIC_DEVELOPMENT
2008,2026-07-25,10,5,1,3,Pediatrics,5,13.65,6,6,7,9,77.3,SYNTHETIC_DEVELOPMENT
2009,2026-07-25,10,5,1,1,General Medicine,1,11.5,6,11,7,6,73.6,SYNTHETIC_DEVELOPMENT
2010,2026-07-25,15,5,1,3,Pediatrics,5,13.65,5,7,6,21,85.5,SYNTHETIC_DEVELOPMENT
2011,2026-07-25,14,5,1,2,Cardiology,4,16.62,5,6,6,19,96.3,SYNTHETIC_DEVELOPMENT
2012,2026-07-25,10,5,1,1,General Medicine,2,10.58,3,9,4,6,36.6,SYNTHETIC_DEVELOPMENT
2013,2026-07-25,8,5,0,1,General Medicine,1,11.5,1,1,2,0,17.1,SYNTHETIC_DEVELOPMENT
2014,2026-07-25,16,5,0,5,Dermatology,7,9.0,2,2,3,35,26.2,SYNTHETIC_DEVELOPMENT
2015,2026-07-25,10,5,1,1,General Medicine,2,10.58,4,4,5,11,48.4,SYNTHETIC_DEVELOPMENT
2016,2026-07-25,11,5,1,2,Cardiology,4,16.62,7,9,8,12,118.6,SYNTHETIC_DEVELOPMENT
2017,2026-07-25,11,5,1,2,Cardiology,3,19.25,12,13,13,12,180.0,SYNTHETIC_DEVELOPMENT
2018,2026-07-25,10,5,1,2,Cardiology,4,16.62,9,10,10,11,175.4,SYNTHETIC_DEVELOPMENT
2019,2026-07-25,11,5,1,2,Cardiology,4,16.62,8,9,9,7,147.2,SYNTHETIC_DEVELOPMENT
2020,2026-07-25,11,5,1,1,General Medicine,2,10.58,10,12,11,6,131.9,SYNTHETIC_DEVELOPMENT
2021,2026-07-25,8,5,0,2,Cardiology,4,16.62,6,7,7,2,113.0,SYNTHETIC_DEVELOPMENT
2022,2026-07-25,10,5,1,1,General Medicine,2,10.58,5,6,6,5,57.2,SYNTHETIC_DEVELOPMENT
2023,2026-07-25,9,5,1,1,General Medicine,1,11.5,6,10,7,8,71.3,SYNTHETIC_DEVELOPMENT
2024,2026-07-25,9,5,1,2,Cardiology,4,16.62,6,9,7,3,99.2,SYNTHETIC_DEVELOPMENT
2025,2026-07-25,10,5,1,2,Cardiology,4,16.62,5,6,6,6,85.1,SYNTHETIC_DEVELOPMENT
2026,2026-07-25,14,5,1,1,General Medicine,1,11.5,6,10,7,17,70.0,SYNTHETIC_DEVELOPMENT
2027,2026-07-25,14,5,1,3,Pediatrics,5,13.65,11,15,12,14,157.8,SYNTHETIC_DEVELOPMENT
2028,2026-07-25,12,5,0,2,Cardiology,4,16.62,4,8,5,8,68.6,SYNTHETIC_DEVELOPMENT
2029,2026-07-25,9,5,1,1,General Medicine,2,10.58,8,13,9,3,101.4,SYNTHETIC_DEVELOPMENT
2030,2026-07-25,16,5,0,4,Orthopedics,6,14.5,5,8,6,34,83.6,SYNTHETIC_DEVELOPMENT
2031,2026-07-25,10,5,1,1,General Medicine,1,11.5,13,13,14,6,143.9,SYNTHETIC_DEVELOPMENT
2032,2026-07-25,9,5,1,1,General Medicine,1,11.5,11,16,12,0,129.9,SYNTHETIC_DEVELOPMENT
2033,2026-07-25,9,5,1,5,Dermatology,7,9.0,12,13,13,4,120.4,SYNTHETIC_DEVELOPMENT
2034,2026-07-25,11,5,1,2,Cardiology,4,16.62,6,8,7,8,99.3,SYNTHETIC_DEVELOPMENT
2035,2026-07-25,8,5,0,3,Pediatrics,5,13.65,4,8,5,2,64.6,SYNTHETIC_DEVELOPMENT
2036,2026-07-25,16,5,0,4,Orthopedics,6,14.5,5,7,6,22,72.7,SYNTHETIC_DEVELOPMENT
2037,2026-07-25,11,5,1,4,Orthopedics,6,14.5,6,8,7,14,79.0,SYNTHETIC_DEVELOPMENT
2038,2026-07-25,16,5,0,5,Dermatology,7,9.0,5,5,6,22,55.9,SYNTHETIC_DEVELOPMENT
2039,2026-07-25,9,5,1,1,General Medicine,2,10.58,10,15,11,3,127.6,SYNTHETIC_DEVELOPMENT
2040,2026-07-25,11,5,1,3,Pediatrics,5,13.65,9,12,10,8,139.1,SYNTHETIC_DEVELOPMENT
2041,2026-07-25,10,5,1,2,Cardiology,4,16.62,8,9,9,12,145.5,SYNTHETIC_DEVELOPMENT
2042,2026-07-25,8,5,0,2,Cardiology,4,16.62,5,6,6,2,103.2,SYNTHETIC_DEVELOPMENT
2043,2026-07-25,17,5,0,2,Cardiology,3,19.25,3,6,4,35,67.5,SYNTHETIC_DEVELOPMENT
2044,2026-07-25,13,5,0,2,Cardiology,3,19.25,6,14,7,17,138.9,SYNTHETIC_DEVELOPMENT
2045,2026-07-25,8,5,0,4,Orthopedics,6,14.5,5,6,6,0,87.3,SYNTHETIC_DEVELOPMENT
2046,2026-07-25,10,5,1,3,Pediatrics,5,13.65,6,8,7,4,94.2,SYNTHETIC_DEVELOPMENT
2047,2026-07-25,14,5,1,2,Cardiology,4,16.62,8,14,9,19,171.7,SYNTHETIC_DEVELOPMENT
2048,2026-07-25,12,5,0,2,Cardiology,3,19.25,5,8,6,12,112.8,SYNTHETIC_DEVELOPMENT
2049,2026-07-25,12,5,0,5,Dermatology,7,9.0,9,11,10,9,98.9,SYNTHETIC_DEVELOPMENT
2050,2026-07-25,15,5,1,4,Orthopedics,6,14.5,10,11,11,20,165.6,SYNTHETIC_DEVELOPMENT
2051,2026-07-25,11,5,1,4,Orthopedics,6,14.5,7,9,8,8,102.1,SYNTHETIC_DEVELOPMENT
2052,2026-07-25,16,5,0,2,Cardiology,3,19.25,4,8,5,22,84.0,SYNTHETIC_DEVELOPMENT
2053,2026-07-25,15,5,1,3,Pediatrics,5,13.65,12,13,13,19,170.4,SYNTHETIC_DEVELOPMENT
2054,2026-07-25,12,5,0,5,Dermatology,7,9.0,8,11,9,10,84.0,SYNTHETIC_DEVELOPMENT
2055,2026-07-25,11,5,1,4,Orthopedics,6,14.5,6,7,7,11,85.4,SYNTHETIC_DEVELOPMENT
2056,2026-07-25,10,5,1,1,General Medicine,2,10.58,8,11,9,4,125.2,SYNTHETIC_DEVELOPMENT
2057,2026-07-25,10,5,1,3,Pediatrics,5,13.65,9,9,10,6,126.8,SYNTHETIC_DEVELOPMENT
2058,2026-07-25,12,5,0,2,Cardiology,4,16.62,2,10,3,8,34.7,SYNTHETIC_DEVELOPMENT
2059,2026-07-25,17,5,0,2,Cardiology,4,16.62,4,4,5,22,78.4,SYNTHETIC_DEVELOPMENT
2060,2026-07-25,14,5,1,1,General Medicine,2,10.58,3,6,4,17,47.3,SYNTHETIC_DEVELOPMENT
2061,2026-07-25,9,5,1,3,Pediatrics,5,13.65,9,13,10,5,136.3,SYNTHETIC_DEVELOPMENT
2062,2026-07-25,12,5,0,5,Dermatology,7,9.0,6,10,7,17,60.1,SYNTHETIC_DEVELOPMENT
2063,2026-07-25,11,5,1,2,Cardiology,3,19.25,2,4,3,7,34.3,SYNTHETIC_DEVELOPMENT
2064,2026-07-25,12,5,0,5,Dermatology,7,9.0,5,8,6,10,61.1,SYNTHETIC_DEVELOPMENT
2065,2026-07-25,11,5,1,5,Dermatology,7,9.0,11,12,12,14,116.6,SYNTHETIC_DEVELOPMENT
2066,2026-07-25,15,5,1,1,General Medicine,1,11.5,8,9,9,27,114.0,SYNTHETIC_DEVELOPMENT
2067,2026-07-25,12,5,0,3,Pediatrics,5,13.65,3,5,4,7,32.8,SYNTHETIC_DEVELOPMENT
2068,2026-07-25,9,5,1,5,Dermatology,7,9.0,6,7,7,1,66.2,SYNTHETIC_DEVELOPMENT
2069,2026-07-25,10,5,1,2,Cardiology,4,16.62,5,6,6,10,89.5,SYNTHETIC_DEVELOPMENT
2070,2026-07-25,11,5,1,5,Dermatology,7,9.0,9,10,10,15,90.8,SYNTHETIC_DEVELOPMENT
2071,2026-07-25,11,5,1,1,General Medicine,1,11.5,6,6,7,9,73.5,SYNTHETIC_DEVELOPMENT
2072,2026-07-25,11,5,1,1,General Medicine,1,11.5,9,11,10,6,122.6,SYNTHETIC_DEVELOPMENT
2073,2026-07-25,14,5,1,4,Orthopedics,6,14.5,6,7,7,18,94.8,SYNTHETIC_DEVELOPMENT
2074,2026-07-25,9,5,1,2,Cardiology,3,19.25,4,4,5,3,76.2,SYNTHETIC_DEVELOPMENT
2075,2026-07-25,10,5,1,4,Orthopedics,6,14.5,9,11,10,2,165.8,SYNTHETIC_DEVELOPMENT
2076,2026-07-25,15,5,1,1,General Medicine,2,10.58,11,17,12,31,137.8,SYNTHETIC_DEVELOPMENT
2077,2026-07-25,10,5,1,5,Dermatology,7,9.0,7,12,8,7,68.1,SYNTHETIC_DEVELOPMENT
2078,2026-07-25,14,5,1,1,General Medicine,2,10.58,5,6,6,24,55.9,SYNTHETIC_DEVELOPMENT
2079,2026-07-25,14,5,1,2,Cardiology,3,19.25,10,15,11,25,180.0,SYNTHETIC_DEVELOPMENT
2080,2026-07-25,15,5,1,5,Dermatology,7,9.0,8,9,9,22,83.3,SYNTHETIC_DEVELOPMENT
2081,2026-07-25,8,5,0,2,Cardiology,3,19.25,2,5,3,1,40.8,SYNTHETIC_DEVELOPMENT
2082,2026-07-25,9,5,1,5,Dermatology,7,9.0,7,10,8,5,78.7,SYNTHETIC_DEVELOPMENT
2083,2026-07-25,15,5,1,1,General Medicine,1,11.5,11,11,12,16,133.5,SYNTHETIC_DEVELOPMENT
2084,2026-07-25,15,5,1,5,Dermatology,7,9.0,8,13,9,24,103.7,SYNTHETIC_DEVELOPMENT
2085,2026-07-26,10,6,1,2,Cardiology,3,19.25,3,6,4,7,62.4,SYNTHETIC_DEVELOPMENT
2086,2026-07-26,15,6,1,1,General Medicine,1,11.5,8,8,9,22,89.7,SYNTHETIC_DEVELOPMENT
2087,2026-07-26,10,6,1,2,Cardiology,3,19.25,4,5,5,11,76.6,SYNTHETIC_DEVELOPMENT
2088,2026-07-26,11,6,1,2,Cardiology,4,16.62,5,9,6,9,95.5,SYNTHETIC_DEVELOPMENT
2089,2026-07-26,11,6,1,2,Cardiology,3,19.25,2,3,3,12,47.8,SYNTHETIC_DEVELOPMENT
2090,2026-07-26,17,6,0,4,Orthopedics,6,14.5,3,5,4,28,37.9,SYNTHETIC_DEVELOPMENT
2091,2026-07-26,9,6,1,3,Pediatrics,5,13.65,5,5,6,3,74.0,SYNTHETIC_DEVELOPMENT
2092,2026-07-26,15,6,1,2,Cardiology,4,16.62,4,7,5,35,92.1,SYNTHETIC_DEVELOPMENT
2093,2026-07-26,14,6,1,1,General Medicine,1,11.5,6,8,7,20,76.9,SYNTHETIC_DEVELOPMENT
2094,2026-07-26,10,6,1,4,Orthopedics,6,14.5,3,7,4,14,37.8,SYNTHETIC_DEVELOPMENT
2095,2026-07-26,9,6,1,5,Dermatology,7,9.0,4,7,5,3,36.3,SYNTHETIC_DEVELOPMENT
2096,2026-07-26,12,6,0,1,General Medicine,2,10.58,2,4,3,20,18.5,SYNTHETIC_DEVELOPMENT
2097,2026-07-26,9,6,1,2,Cardiology,4,16.62,5,6,6,6,91.1,SYNTHETIC_DEVELOPMENT
2098,2026-07-26,14,6,1,5,Dermatology,7,9.0,6,10,7,17,51.5,SYNTHETIC_DEVELOPMENT
2099,2026-07-26,10,6,1,2,Cardiology,3,19.25,6,9,7,9,113.3,SYNTHETIC_DEVELOPMENT
2100,2026-07-26,14,6,1,2,Cardiology,3,19.25,1,3,2,19,26.3,SYNTHETIC_DEVELOPMENT
2101,2026-07-26,14,6,1,4,Orthopedics,6,14.5,8,11,9,17,102.3,SYNTHETIC_DEVELOPMENT
2102,2026-07-26,11,6,1,5,Dermatology,7,9.0,5,6,6,10,50.7,SYNTHETIC_DEVELOPMENT
2103,2026-07-26,14,6,1,3,Pediatrics,5,13.65,3,8,4,22,48.8,SYNTHETIC_DEVELOPMENT
2104,2026-07-26,11,6,1,1,General Medicine,2,10.58,5,5,6,8,56.2,SYNTHETIC_DEVELOPMENT
2105,2026-07-26,9,6,1,3,Pediatrics,5,13.65,3,4,4,3,45.1,SYNTHETIC_DEVELOPMENT
2106,2026-07-26,14,6,1,4,Orthopedics,6,14.5,4,6,5,23,60.5,SYNTHETIC_DEVELOPMENT
2107,2026-07-26,14,6,1,1,General Medicine,2,10.58,4,5,5,24,49.5,SYNTHETIC_DEVELOPMENT
2108,2026-07-26,11,6,1,2,Cardiology,3,19.25,2,4,3,9,43.5,SYNTHETIC_DEVELOPMENT
2109,2026-07-26,10,6,1,4,Orthopedics,6,14.5,3,8,4,7,40.4,SYNTHETIC_DEVELOPMENT
2110,2026-07-26,11,6,1,2,Cardiology,4,16.62,1,4,2,4,17.2,SYNTHETIC_DEVELOPMENT
2111,2026-07-26,10,6,1,2,Cardiology,3,19.25,4,6,5,9,75.3,SYNTHETIC_DEVELOPMENT
2112,2026-07-26,13,6,0,4,Orthopedics,6,14.5,1,5,2,17,11.2,SYNTHETIC_DEVELOPMENT
2113,2026-07-26,14,6,1,1,General Medicine,1,11.5,8,12,9,22,97.7,SYNTHETIC_DEVELOPMENT
2114,2026-07-26,14,6,1,2,Cardiology,3,19.25,4,5,5,20,77.5,SYNTHETIC_DEVELOPMENT
2115,2026-07-26,13,6,0,3,Pediatrics,5,13.65,1,5,2,23,18.4,SYNTHETIC_DEVELOPMENT
2116,2026-07-26,12,6,0,2,Cardiology,3,19.25,3,4,4,9,64.9,SYNTHETIC_DEVELOPMENT
2117,2026-07-26,13,6,0,1,General Medicine,2,10.58,3,10,4,17,32.6,SYNTHETIC_DEVELOPMENT
2118,2026-07-26,12,6,0,1,General Medicine,2,10.58,5,7,6,14,70.4,SYNTHETIC_DEVELOPMENT
2119,2026-07-26,10,6,1,5,Dermatology,7,9.0,3,4,4,9,23.0,SYNTHETIC_DEVELOPMENT
2120,2026-07-26,11,6,1,2,Cardiology,4,16.62,6,8,7,10,99.6,SYNTHETIC_DEVELOPMENT
2121,2026-07-26,8,6,0,1,General Medicine,2,10.58,9,11,10,0,106.9,SYNTHETIC_DEVELOPMENT
2122,2026-07-26,15,6,1,1,General Medicine,1,11.5,5,10,6,24,67.3,SYNTHETIC_DEVELOPMENT
2123,2026-07-26,14,6,1,4,Orthopedics,6,14.5,7,10,8,26,93.5,SYNTHETIC_DEVELOPMENT
2124,2026-07-26,12,6,0,2,Cardiology,3,19.25,2,6,3,11,32.1,SYNTHETIC_DEVELOPMENT
2125,2026-07-26,9,6,1,2,Cardiology,3,19.25,0,1,1,1,3.5,SYNTHETIC_DEVELOPMENT
2126,2026-07-26,14,6,1,1,General Medicine,1,11.5,7,9,8,26,82.6,SYNTHETIC_DEVELOPMENT
2127,2026-07-26,11,6,1,3,Pediatrics,5,13.65,5,7,6,10,54.9,SYNTHETIC_DEVELOPMENT
2128,2026-07-26,10,6,1,1,General Medicine,1,11.5,8,11,9,8,116.4,SYNTHETIC_DEVELOPMENT
2129,2026-07-26,15,6,1,2,Cardiology,3,19.25,4,7,5,25,74.8,SYNTHETIC_DEVELOPMENT
2130,2026-07-26,14,6,1,4,Orthopedics,6,14.5,4,8,5,13,53.6,SYNTHETIC_DEVELOPMENT
2131,2026-07-26,11,6,1,2,Cardiology,4,16.62,3,6,4,9,57.0,SYNTHETIC_DEVELOPMENT
2132,2026-07-26,12,6,0,2,Cardiology,4,16.62,3,4,4,6,57.0,SYNTHETIC_DEVELOPMENT
2133,2026-07-26,8,6,0,4,Orthopedics,6,14.5,3,8,4,0,55.9,SYNTHETIC_DEVELOPMENT
2134,2026-07-26,13,6,0,3,Pediatrics,5,13.65,2,7,3,22,37.3,SYNTHETIC_DEVELOPMENT
2135,2026-07-26,15,6,1,4,Orthopedics,6,14.5,8,11,9,25,112.1,SYNTHETIC_DEVELOPMENT
2136,2026-07-26,9,6,1,1,General Medicine,1,11.5,4,7,5,5,59.9,SYNTHETIC_DEVELOPMENT
2137,2026-07-26,10,6,1,4,Orthopedics,6,14.5,4,5,5,5,49.2,SYNTHETIC_DEVELOPMENT
2138,2026-07-26,10,6,1,3,Pediatrics,5,13.65,8,8,9,4,127.3,SYNTHETIC_DEVELOPMENT
2139,2026-07-26,10,6,1,2,Cardiology,4,16.62,4,7,5,5,76.5,SYNTHETIC_DEVELOPMENT
2140,2026-07-26,9,6,1,1,General Medicine,2,10.58,5,8,6,3,52.8,SYNTHETIC_DEVELOPMENT
2141,2026-07-26,9,6,1,1,General Medicine,1,11.5,7,10,8,0,91.2,SYNTHETIC_DEVELOPMENT
2142,2026-07-26,15,6,1,2,Cardiology,3,19.25,4,6,5,17,78.9,SYNTHETIC_DEVELOPMENT
2143,2026-07-26,16,6,0,1,General Medicine,1,11.5,3,5,4,29,38.0,SYNTHETIC_DEVELOPMENT
2144,2026-07-26,10,6,1,1,General Medicine,1,11.5,2,3,3,7,23.1,SYNTHETIC_DEVELOPMENT
2145,2026-07-26,12,6,0,3,Pediatrics,5,13.65,2,3,3,19,30.9,SYNTHETIC_DEVELOPMENT
2146,2026-07-26,14,6,1,1,General Medicine,2,10.58,4,4,5,13,53.0,SYNTHETIC_DEVELOPMENT
2147,2026-07-26,10,6,1,3,Pediatrics,5,13.65,3,6,4,11,45.6,SYNTHETIC_DEVELOPMENT
2148,2026-07-26,11,6,1,5,Dermatology,7,9.0,6,9,7,13,52.9,SYNTHETIC_DEVELOPMENT
2149,2026-07-26,12,6,0,1,General Medicine,1,11.5,1,5,2,11,15.5,SYNTHETIC_DEVELOPMENT
2150,2026-07-26,11,6,1,1,General Medicine,2,10.58,2,5,3,9,21.3,SYNTHETIC_DEVELOPMENT
2151,2026-07-26,11,6,1,2,Cardiology,4,16.62,5,7,6,8,69.0,SYNTHETIC_DEVELOPMENT
2152,2026-07-26,13,6,0,4,Orthopedics,6,14.5,1,5,2,19,19.9,SYNTHETIC_DEVELOPMENT
2153,2026-07-26,9,6,1,4,Orthopedics,6,14.5,5,7,6,4,76.6,SYNTHETIC_DEVELOPMENT
2154,2026-07-26,9,6,1,3,Pediatrics,5,13.65,5,11,6,2,72.3,SYNTHETIC_DEVELOPMENT
2155,2026-07-26,15,6,1,1,General Medicine,2,10.58,7,10,8,21,73.2,SYNTHETIC_DEVELOPMENT
2156,2026-07-26,9,6,1,3,Pediatrics,5,13.65,5,8,6,3,87.7,SYNTHETIC_DEVELOPMENT
2157,2026-07-26,15,6,1,1,General Medicine,2,10.58,5,8,6,20,55.6,SYNTHETIC_DEVELOPMENT
2158,2026-07-26,10,6,1,2,Cardiology,4,16.62,4,4,5,6,52.6,SYNTHETIC_DEVELOPMENT
2159,2026-07-26,9,6,1,3,Pediatrics,5,13.65,3,8,4,6,49.7,SYNTHETIC_DEVELOPMENT
2160,2026-07-26,10,6,1,5,Dermatology,7,9.0,3,3,4,5,36.3,SYNTHETIC_DEVELOPMENT
2161,2026-07-26,14,6,1,2,Cardiology,3,19.25,5,7,6,23,88.3,SYNTHETIC_DEVELOPMENT
2162,2026-07-26,10,6,1,1,General Medicine,1,11.5,11,14,12,8,129.8,SYNTHETIC_DEVELOPMENT
2163,2026-07-26,10,6,1,1,General Medicine,1,11.5,2,3,3,6,22.3,SYNTHETIC_DEVELOPMENT
2164,2026-07-26,10,6,1,1,General Medicine,2,10.58,3,6,4,11,39.6,SYNTHETIC_DEVELOPMENT
2165,2026-07-26,13,6,0,4,Orthopedics,6,14.5,2,6,3,10,31.1,SYNTHETIC_DEVELOPMENT
2166,2026-07-26,17,6,0,4,Orthopedics,6,14.5,1,5,2,25,22.1,SYNTHETIC_DEVELOPMENT
2167,2026-07-26,10,6,1,4,Orthopedics,6,14.5,4,4,5,7,56.2,SYNTHETIC_DEVELOPMENT
2168,2026-07-27,14,0,1,4,Orthopedics,6,14.5,4,5,5,20,81.4,SYNTHETIC_DEVELOPMENT
2169,2026-07-27,11,0,1,5,Dermatology,7,9.0,7,11,8,9,72.0,SYNTHETIC_DEVELOPMENT
2170,2026-07-27,12,0,0,1,General Medicine,1,11.5,2,3,3,6,22.6,SYNTHETIC_DEVELOPMENT
2171,2026-07-27,14,0,1,3,Pediatrics,5,13.65,6,8,7,21,92.0,SYNTHETIC_DEVELOPMENT
2172,2026-07-27,12,0,0,1,General Medicine,1,11.5,3,5,4,9,60.2,SYNTHETIC_DEVELOPMENT
2173,2026-07-27,10,0,1,4,Orthopedics,6,14.5,5,5,6,8,86.7,SYNTHETIC_DEVELOPMENT
2174,2026-07-27,11,0,1,1,General Medicine,2,10.58,5,8,6,9,52.5,SYNTHETIC_DEVELOPMENT
2175,2026-07-27,13,0,0,1,General Medicine,1,11.5,5,6,6,20,56.4,SYNTHETIC_DEVELOPMENT
2176,2026-07-27,9,0,1,1,General Medicine,2,10.58,6,10,7,4,63.6,SYNTHETIC_DEVELOPMENT
2177,2026-07-27,11,0,1,1,General Medicine,1,11.5,8,11,9,9,96.1,SYNTHETIC_DEVELOPMENT
2178,2026-07-27,11,0,1,3,Pediatrics,5,13.65,8,11,9,11,105.4,SYNTHETIC_DEVELOPMENT
2179,2026-07-27,15,0,1,3,Pediatrics,5,13.65,6,7,7,19,84.5,SYNTHETIC_DEVELOPMENT
2180,2026-07-27,14,0,1,3,Pediatrics,5,13.65,7,12,8,17,123.7,SYNTHETIC_DEVELOPMENT
2181,2026-07-27,10,0,1,5,Dermatology,7,9.0,15,19,16,5,158.8,SYNTHETIC_DEVELOPMENT
2182,2026-07-27,12,0,0,3,Pediatrics,5,13.65,6,8,7,13,86.5,SYNTHETIC_DEVELOPMENT
2183,2026-07-27,14,0,1,3,Pediatrics,5,13.65,8,9,9,25,141.4,SYNTHETIC_DEVELOPMENT
2184,2026-07-27,10,0,1,3,Pediatrics,5,13.65,6,9,7,9,114.9,SYNTHETIC_DEVELOPMENT
2185,2026-07-27,11,0,1,1,General Medicine,1,11.5,9,10,10,7,106.5,SYNTHETIC_DEVELOPMENT
2186,2026-07-27,11,0,1,5,Dermatology,7,9.0,4,4,5,9,40.2,SYNTHETIC_DEVELOPMENT
2187,2026-07-27,12,0,0,1,General Medicine,1,11.5,7,11,8,9,67.8,SYNTHETIC_DEVELOPMENT
2188,2026-07-27,9,0,1,2,Cardiology,3,19.25,6,8,7,2,138.2,SYNTHETIC_DEVELOPMENT
2189,2026-07-27,14,0,1,1,General Medicine,1,11.5,9,14,10,20,129.8,SYNTHETIC_DEVELOPMENT
2190,2026-07-27,11,0,1,3,Pediatrics,5,13.65,13,16,14,5,180.0,SYNTHETIC_DEVELOPMENT
2191,2026-07-27,12,0,0,2,Cardiology,3,19.25,2,3,3,12,44.6,SYNTHETIC_DEVELOPMENT
2192,2026-07-27,12,0,0,5,Dermatology,7,9.0,3,9,4,15,30.6,SYNTHETIC_DEVELOPMENT
2193,2026-07-27,11,0,1,1,General Medicine,1,11.5,13,16,14,7,144.4,SYNTHETIC_DEVELOPMENT
2194,2026-07-27,9,0,1,2,Cardiology,3,19.25,13,15,14,6,180.0,SYNTHETIC_DEVELOPMENT
2195,2026-07-27,9,0,1,2,Cardiology,3,19.25,6,11,7,3,120.9,SYNTHETIC_DEVELOPMENT
2196,2026-07-27,9,0,1,1,General Medicine,1,11.5,5,8,6,6,77.2,SYNTHETIC_DEVELOPMENT
2197,2026-07-27,9,0,1,2,Cardiology,4,16.62,6,11,7,1,112.6,SYNTHETIC_DEVELOPMENT
2198,2026-07-27,10,0,1,5,Dermatology,7,9.0,4,5,5,6,36.9,SYNTHETIC_DEVELOPMENT
2199,2026-07-27,15,0,1,1,General Medicine,2,10.58,9,10,10,27,138.7,SYNTHETIC_DEVELOPMENT
2200,2026-07-27,9,0,1,4,Orthopedics,6,14.5,7,11,8,1,100.9,SYNTHETIC_DEVELOPMENT
2201,2026-07-27,10,0,1,2,Cardiology,3,19.25,4,5,5,5,90.2,SYNTHETIC_DEVELOPMENT
2202,2026-07-27,9,0,1,1,General Medicine,2,10.58,4,8,5,2,39.1,SYNTHETIC_DEVELOPMENT
2203,2026-07-27,10,0,1,2,Cardiology,3,19.25,8,10,9,7,172.5,SYNTHETIC_DEVELOPMENT
2204,2026-07-27,14,0,1,3,Pediatrics,5,13.65,3,4,4,28,48.1,SYNTHETIC_DEVELOPMENT
2205,2026-07-27,10,0,1,2,Cardiology,4,16.62,7,9,8,7,128.9,SYNTHETIC_DEVELOPMENT
2206,2026-07-27,9,0,1,4,Orthopedics,6,14.5,4,9,5,4,71.0,SYNTHETIC_DEVELOPMENT
2207,2026-07-27,12,0,0,4,Orthopedics,6,14.5,7,11,8,12,102.4,SYNTHETIC_DEVELOPMENT
2208,2026-07-27,11,0,1,1,General Medicine,2,10.58,10,12,11,9,108.5,SYNTHETIC_DEVELOPMENT
2209,2026-07-27,15,0,1,1,General Medicine,1,11.5,9,12,10,18,117.6,SYNTHETIC_DEVELOPMENT
2210,2026-07-27,10,0,1,1,General Medicine,1,11.5,10,13,11,5,106.3,SYNTHETIC_DEVELOPMENT
2211,2026-07-27,11,0,1,5,Dermatology,7,9.0,13,16,14,13,135.0,SYNTHETIC_DEVELOPMENT
2212,2026-07-27,15,0,1,2,Cardiology,3,19.25,8,12,9,18,166.9,SYNTHETIC_DEVELOPMENT
2213,2026-07-27,11,0,1,2,Cardiology,3,19.25,5,10,6,10,103.7,SYNTHETIC_DEVELOPMENT
2214,2026-07-27,10,0,1,2,Cardiology,3,19.25,11,12,12,7,180.0,SYNTHETIC_DEVELOPMENT
2215,2026-07-27,9,0,1,1,General Medicine,2,10.58,8,11,9,1,100.2,SYNTHETIC_DEVELOPMENT
2216,2026-07-27,10,0,1,1,General Medicine,1,11.5,5,7,6,6,72.6,SYNTHETIC_DEVELOPMENT
2217,2026-07-27,9,0,1,1,General Medicine,2,10.58,9,15,10,6,103.1,SYNTHETIC_DEVELOPMENT
2218,2026-07-27,11,0,1,1,General Medicine,2,10.58,10,14,11,17,108.3,SYNTHETIC_DEVELOPMENT
2219,2026-07-27,9,0,1,2,Cardiology,3,19.25,8,12,9,5,139.7,SYNTHETIC_DEVELOPMENT
2220,2026-07-27,11,0,1,4,Orthopedics,6,14.5,6,9,7,8,89.9,SYNTHETIC_DEVELOPMENT
2221,2026-07-27,9,0,1,5,Dermatology,7,9.0,9,15,10,3,110.7,SYNTHETIC_DEVELOPMENT
2222,2026-07-27,14,0,1,1,General Medicine,2,10.58,8,9,9,24,104.1,SYNTHETIC_DEVELOPMENT
2223,2026-07-27,9,0,1,2,Cardiology,4,16.62,8,11,9,2,133.4,SYNTHETIC_DEVELOPMENT
2224,2026-07-27,11,0,1,2,Cardiology,4,16.62,13,17,14,8,180.0,SYNTHETIC_DEVELOPMENT
2225,2026-07-27,15,0,1,2,Cardiology,3,19.25,3,4,4,23,60.7,SYNTHETIC_DEVELOPMENT
2226,2026-07-27,11,0,1,4,Orthopedics,6,14.5,12,14,13,9,180.0,SYNTHETIC_DEVELOPMENT
2227,2026-07-27,9,0,1,3,Pediatrics,5,13.65,13,16,14,2,180.0,SYNTHETIC_DEVELOPMENT
2228,2026-07-27,14,0,1,2,Cardiology,4,16.62,7,9,8,18,129.8,SYNTHETIC_DEVELOPMENT
2229,2026-07-27,10,0,1,5,Dermatology,7,9.0,8,9,9,4,117.1,SYNTHETIC_DEVELOPMENT
2230,2026-07-27,10,0,1,1,General Medicine,2,10.58,6,7,7,5,60.1,SYNTHETIC_DEVELOPMENT
2231,2026-07-27,12,0,0,1,General Medicine,1,11.5,6,8,7,13,73.4,SYNTHETIC_DEVELOPMENT
2232,2026-07-27,11,0,1,1,General Medicine,1,11.5,10,14,11,7,131.1,SYNTHETIC_DEVELOPMENT
2233,2026-07-27,12,0,0,2,Cardiology,3,19.25,5,10,6,10,92.7,SYNTHETIC_DEVELOPMENT
2234,2026-07-27,15,0,1,1,General Medicine,2,10.58,8,12,9,21,92.8,SYNTHETIC_DEVELOPMENT
2235,2026-07-27,15,0,1,2,Cardiology,3,19.25,6,9,7,18,125.1,SYNTHETIC_DEVELOPMENT
2236,2026-07-27,17,0,0,2,Cardiology,4,16.62,3,8,4,21,47.8,SYNTHETIC_DEVELOPMENT
2237,2026-07-27,9,0,1,1,General Medicine,2,10.58,14,16,15,2,156.0,SYNTHETIC_DEVELOPMENT
2238,2026-07-27,15,0,1,1,General Medicine,1,11.5,7,13,8,19,99.9,SYNTHETIC_DEVELOPMENT
2239,2026-07-27,10,0,1,3,Pediatrics,5,13.65,8,8,9,5,124.6,SYNTHETIC_DEVELOPMENT
2240,2026-07-27,14,0,1,4,Orthopedics,6,14.5,5,12,6,16,84.0,SYNTHETIC_DEVELOPMENT
2241,2026-07-27,16,0,0,1,General Medicine,1,11.5,5,13,6,32,66.7,SYNTHETIC_DEVELOPMENT
2242,2026-07-27,15,0,1,3,Pediatrics,5,13.65,12,14,13,26,171.8,SYNTHETIC_DEVELOPMENT
2243,2026-07-27,9,0,1,3,Pediatrics,5,13.65,4,11,5,3,52.3,SYNTHETIC_DEVELOPMENT
2244,2026-07-27,9,0,1,1,General Medicine,1,11.5,6,9,7,1,72.9,SYNTHETIC_DEVELOPMENT
2245,2026-07-27,11,0,1,1,General Medicine,2,10.58,4,6,5,5,36.7,SYNTHETIC_DEVELOPMENT
2246,2026-07-27,12,0,0,2,Cardiology,4,16.62,6,8,7,5,82.0,SYNTHETIC_DEVELOPMENT
2247,2026-07-27,10,0,1,1,General Medicine,2,10.58,8,11,9,5,87.9,SYNTHETIC_DEVELOPMENT
2248,2026-07-27,9,0,1,2,Cardiology,3,19.25,11,15,12,6,180.0,SYNTHETIC_DEVELOPMENT
2249,2026-07-27,12,0,0,1,General Medicine,2,10.58,5,10,6,11,37.9,SYNTHETIC_DEVELOPMENT
2250,2026-07-27,10,0,1,1,General Medicine,2,10.58,2,4,3,1,21.8,SYNTHETIC_DEVELOPMENT
2251,2026-07-28,9,1,1,1,General Medicine,2,10.58,3,4,4,1,29.3,SYNTHETIC_DEVELOPMENT
2252,2026-07-28,9,1,1,5,Dermatology,7,9.0,6,8,7,3,49.5,SYNTHETIC_DEVELOPMENT
2253,2026-07-28,8,1,0,4,Orthopedics,6,14.5,3,6,4,1,50.4,SYNTHETIC_DEVELOPMENT
2254,2026-07-28,11,1,1,5,Dermatology,7,9.0,4,5,5,5,39.7,SYNTHETIC_DEVELOPMENT
2255,2026-07-28,10,1,1,4,Orthopedics,6,14.5,5,6,6,8,65.3,SYNTHETIC_DEVELOPMENT
2256,2026-07-28,13,1,0,2,Cardiology,3,19.25,3,6,4,8,46.4,SYNTHETIC_DEVELOPMENT
2257,2026-07-28,9,1,1,3,Pediatrics,5,13.65,4,5,5,2,64.1,SYNTHETIC_DEVELOPMENT
2258,2026-07-28,10,1,1,1,General Medicine,2,10.58,10,13,11,5,123.5,SYNTHETIC_DEVELOPMENT
2259,2026-07-28,13,1,0,4,Orthopedics,6,14.5,3,5,4,16,46.6,SYNTHETIC_DEVELOPMENT
2260,2026-07-28,13,1,0,3,Pediatrics,5,13.65,5,5,6,21,72.3,SYNTHETIC_DEVELOPMENT
2261,2026-07-28,11,1,1,2,Cardiology,3,19.25,7,9,8,9,135.5,SYNTHETIC_DEVELOPMENT
2262,2026-07-28,10,1,1,2,Cardiology,3,19.25,5,6,6,7,106.1,SYNTHETIC_DEVELOPMENT
2263,2026-07-28,15,1,1,1,General Medicine,1,11.5,4,5,5,27,42.9,SYNTHETIC_DEVELOPMENT
2264,2026-07-28,15,1,1,1,General Medicine,2,10.58,5,6,6,26,55.0,SYNTHETIC_DEVELOPMENT
2265,2026-07-28,11,1,1,1,General Medicine,2,10.58,6,12,7,15,66.6,SYNTHETIC_DEVELOPMENT
2266,2026-07-28,11,1,1,4,Orthopedics,6,14.5,6,8,7,8,93.3,SYNTHETIC_DEVELOPMENT
2267,2026-07-28,15,1,1,2,Cardiology,4,16.62,7,10,8,20,111.7,SYNTHETIC_DEVELOPMENT
2268,2026-07-28,9,1,1,2,Cardiology,3,19.25,2,7,3,7,41.3,SYNTHETIC_DEVELOPMENT
2269,2026-07-28,10,1,1,4,Orthopedics,6,14.5,3,4,4,6,57.1,SYNTHETIC_DEVELOPMENT
2270,2026-07-28,14,1,1,1,General Medicine,1,11.5,9,10,10,20,132.0,SYNTHETIC_DEVELOPMENT
2271,2026-07-28,11,1,1,1,General Medicine,1,11.5,3,7,4,8,39.9,SYNTHETIC_DEVELOPMENT
2272,2026-07-28,11,1,1,2,Cardiology,3,19.25,8,11,9,13,171.2,SYNTHETIC_DEVELOPMENT
2273,2026-07-28,17,1,0,5,Dermatology,7,9.0,4,7,5,29,55.9,SYNTHETIC_DEVELOPMENT
2274,2026-07-28,8,1,0,1,General Medicine,2,10.58,3,5,4,2,30.8,SYNTHETIC_DEVELOPMENT
2275,2026-07-28,10,1,1,1,General Medicine,2,10.58,7,7,8,7,75.5,SYNTHETIC_DEVELOPMENT
2276,2026-07-28,10,1,1,2,Cardiology,4,16.62,5,9,6,7,107.9,SYNTHETIC_DEVELOPMENT
2277,2026-07-28,10,1,1,4,Orthopedics,6,14.5,10,12,11,2,149.8,SYNTHETIC_DEVELOPMENT
2278,2026-07-28,10,1,1,3,Pediatrics,5,13.65,6,8,7,3,88.3,SYNTHETIC_DEVELOPMENT
2279,2026-07-28,11,1,1,4,Orthopedics,6,14.5,3,6,4,7,41.3,SYNTHETIC_DEVELOPMENT
2280,2026-07-28,10,1,1,3,Pediatrics,5,13.65,8,9,9,7,133.9,SYNTHETIC_DEVELOPMENT
2281,2026-07-28,12,1,0,2,Cardiology,3,19.25,6,7,7,13,110.2,SYNTHETIC_DEVELOPMENT
2282,2026-07-28,9,1,1,4,Orthopedics,6,14.5,8,11,9,0,119.8,SYNTHETIC_DEVELOPMENT
2283,2026-07-28,11,1,1,1,General Medicine,2,10.58,8,9,9,8,94.2,SYNTHETIC_DEVELOPMENT
2284,2026-07-28,10,1,1,3,Pediatrics,5,13.65,6,8,7,8,101.7,SYNTHETIC_DEVELOPMENT
2285,2026-07-28,10,1,1,4,Orthopedics,6,14.5,4,8,5,7,50.5,SYNTHETIC_DEVELOPMENT
2286,2026-07-28,16,1,0,2,Cardiology,3,19.25,1,5,2,29,34.5,SYNTHETIC_DEVELOPMENT
2287,2026-07-28,15,1,1,1,General Medicine,1,11.5,4,6,5,20,65.2,SYNTHETIC_DEVELOPMENT
2288,2026-07-28,10,1,1,1,General Medicine,1,11.5,5,9,6,6,92.1,SYNTHETIC_DEVELOPMENT
2289,2026-07-28,16,1,0,2,Cardiology,3,19.25,8,9,9,32,161.8,SYNTHETIC_DEVELOPMENT
2290,2026-07-28,14,1,1,1,General Medicine,2,10.58,9,10,10,32,83.2,SYNTHETIC_DEVELOPMENT
2291,2026-07-28,11,1,1,5,Dermatology,7,9.0,7,9,8,13,60.6,SYNTHETIC_DEVELOPMENT
2292,2026-07-28,9,1,1,2,Cardiology,4,16.62,10,13,11,2,175.0,SYNTHETIC_DEVELOPMENT
2293,2026-07-28,11,1,1,2,Cardiology,3,19.25,4,8,5,10,79.4,SYNTHETIC_DEVELOPMENT
2294,2026-07-28,12,1,0,1,General Medicine,1,11.5,8,9,9,11,100.3,SYNTHETIC_DEVELOPMENT
2295,2026-07-28,10,1,1,2,Cardiology,4,16.62,5,8,6,10,101.1,SYNTHETIC_DEVELOPMENT
2296,2026-07-28,10,1,1,2,Cardiology,4,16.62,3,4,4,9,42.1,SYNTHETIC_DEVELOPMENT
2297,2026-07-28,9,1,1,1,General Medicine,2,10.58,6,8,7,4,57.5,SYNTHETIC_DEVELOPMENT
2298,2026-07-28,14,1,1,2,Cardiology,4,16.62,9,14,10,24,168.0,SYNTHETIC_DEVELOPMENT
2299,2026-07-28,10,1,1,5,Dermatology,7,9.0,8,12,9,3,65.7,SYNTHETIC_DEVELOPMENT
2300,2026-07-28,10,1,1,4,Orthopedics,6,14.5,5,9,6,5,77.3,SYNTHETIC_DEVELOPMENT
2301,2026-07-28,9,1,1,3,Pediatrics,5,13.65,10,14,11,2,150.4,SYNTHETIC_DEVELOPMENT
2302,2026-07-28,9,1,1,5,Dermatology,7,9.0,10,11,11,5,98.8,SYNTHETIC_DEVELOPMENT
2303,2026-07-28,15,1,1,1,General Medicine,2,10.58,5,9,6,20,79.9,SYNTHETIC_DEVELOPMENT
2304,2026-07-28,9,1,1,1,General Medicine,2,10.58,6,7,7,4,74.8,SYNTHETIC_DEVELOPMENT
2305,2026-07-28,9,1,1,1,General Medicine,1,11.5,6,7,7,1,96.9,SYNTHETIC_DEVELOPMENT
2306,2026-07-28,9,1,1,1,General Medicine,1,11.5,2,5,3,2,18.1,SYNTHETIC_DEVELOPMENT
2307,2026-07-28,8,1,0,1,General Medicine,1,11.5,4,4,5,0,45.7,SYNTHETIC_DEVELOPMENT
2308,2026-07-28,10,1,1,1,General Medicine,2,10.58,4,7,5,6,41.7,SYNTHETIC_DEVELOPMENT
2309,2026-07-28,10,1,1,2,Cardiology,4,16.62,8,13,9,5,117.9,SYNTHETIC_DEVELOPMENT
2310,2026-07-28,16,1,0,1,General Medicine,2,10.58,4,9,5,28,59.9,SYNTHETIC_DEVELOPMENT
2311,2026-07-28,9,1,1,1,General Medicine,1,11.5,7,9,8,2,92.8,SYNTHETIC_DEVELOPMENT
2312,2026-07-28,11,1,1,2,Cardiology,4,16.62,9,10,10,15,133.3,SYNTHETIC_DEVELOPMENT
2313,2026-07-28,14,1,1,5,Dermatology,7,9.0,5,8,6,22,57.3,SYNTHETIC_DEVELOPMENT
2314,2026-07-28,9,1,1,2,Cardiology,4,16.62,9,13,10,3,162.2,SYNTHETIC_DEVELOPMENT
2315,2026-07-28,11,1,1,1,General Medicine,2,10.58,8,9,9,7,83.8,SYNTHETIC_DEVELOPMENT
2316,2026-07-28,11,1,1,4,Orthopedics,6,14.5,10,13,11,18,180.0,SYNTHETIC_DEVELOPMENT
2317,2026-07-28,10,1,1,4,Orthopedics,6,14.5,4,5,5,7,61.8,SYNTHETIC_DEVELOPMENT
2318,2026-07-28,14,1,1,2,Cardiology,3,19.25,11,15,12,17,180.0,SYNTHETIC_DEVELOPMENT
2319,2026-07-28,15,1,1,2,Cardiology,3,19.25,4,5,5,20,76.6,SYNTHETIC_DEVELOPMENT
2320,2026-07-28,11,1,1,4,Orthopedics,6,14.5,4,6,5,14,66.5,SYNTHETIC_DEVELOPMENT
2321,2026-07-28,13,1,0,2,Cardiology,4,16.62,8,11,9,19,143.6,SYNTHETIC_DEVELOPMENT
2322,2026-07-28,15,1,1,2,Cardiology,4,16.62,5,10,6,17,89.1,SYNTHETIC_DEVELOPMENT
2323,2026-07-28,10,1,1,2,Cardiology,4,16.62,6,9,7,9,88.2,SYNTHETIC_DEVELOPMENT
2324,2026-07-28,15,1,1,3,Pediatrics,5,13.65,8,9,9,17,120.6,SYNTHETIC_DEVELOPMENT
2325,2026-07-28,12,1,0,1,General Medicine,2,10.58,6,11,7,16,57.6,SYNTHETIC_DEVELOPMENT
2326,2026-07-28,14,1,1,4,Orthopedics,6,14.5,10,12,11,27,168.8,SYNTHETIC_DEVELOPMENT
2327,2026-07-28,8,1,0,1,General Medicine,2,10.58,4,7,5,0,46.4,SYNTHETIC_DEVELOPMENT
2328,2026-07-28,15,1,1,1,General Medicine,1,11.5,4,7,5,18,53.0,SYNTHETIC_DEVELOPMENT
2329,2026-07-28,15,1,1,3,Pediatrics,5,13.65,6,8,7,30,119.8,SYNTHETIC_DEVELOPMENT
2330,2026-07-28,8,1,0,5,Dermatology,7,9.0,4,6,5,0,38.4,SYNTHETIC_DEVELOPMENT
2331,2026-07-28,8,1,0,1,General Medicine,2,10.58,2,7,3,0,14.0,SYNTHETIC_DEVELOPMENT
2332,2026-07-28,12,1,0,4,Orthopedics,6,14.5,2,2,3,17,31.5,SYNTHETIC_DEVELOPMENT
2333,2026-07-28,9,1,1,1,General Medicine,1,11.5,8,11,9,2,104.1,SYNTHETIC_DEVELOPMENT
2334,2026-07-28,10,1,1,2,Cardiology,3,19.25,8,10,9,8,153.0,SYNTHETIC_DEVELOPMENT
2335,2026-07-29,14,2,1,4,Orthopedics,6,14.5,4,6,5,12,37.1,SYNTHETIC_DEVELOPMENT
2336,2026-07-29,9,2,1,1,General Medicine,1,11.5,6,9,7,0,96.0,SYNTHETIC_DEVELOPMENT
2337,2026-07-29,9,2,1,3,Pediatrics,5,13.65,8,13,9,3,125.1,SYNTHETIC_DEVELOPMENT
2338,2026-07-29,15,2,1,5,Dermatology,7,9.0,8,12,9,18,80.8,SYNTHETIC_DEVELOPMENT
2339,2026-07-29,11,2,1,4,Orthopedics,6,14.5,6,6,7,11,69.4,SYNTHETIC_DEVELOPMENT
2340,2026-07-29,9,2,1,1,General Medicine,1,11.5,2,3,3,5,24.1,SYNTHETIC_DEVELOPMENT
2341,2026-07-29,9,2,1,2,Cardiology,3,19.25,8,12,9,1,163.7,SYNTHETIC_DEVELOPMENT
2342,2026-07-29,10,2,1,1,General Medicine,1,11.5,7,8,8,4,75.9,SYNTHETIC_DEVELOPMENT
2343,2026-07-29,9,2,1,5,Dermatology,7,9.0,8,12,9,2,94.5,SYNTHETIC_DEVELOPMENT
2344,2026-07-29,14,2,1,2,Cardiology,4,16.62,5,10,6,23,87.8,SYNTHETIC_DEVELOPMENT
2345,2026-07-29,11,2,1,5,Dermatology,7,9.0,7,10,8,10,63.5,SYNTHETIC_DEVELOPMENT
2346,2026-07-29,15,2,1,1,General Medicine,1,11.5,5,8,6,16,67.7,SYNTHETIC_DEVELOPMENT
2347,2026-07-29,11,2,1,5,Dermatology,7,9.0,3,5,4,15,33.7,SYNTHETIC_DEVELOPMENT
2348,2026-07-29,9,2,1,5,Dermatology,7,9.0,8,11,9,5,87.2,SYNTHETIC_DEVELOPMENT
2349,2026-07-29,15,2,1,1,General Medicine,2,10.58,2,5,3,28,23.3,SYNTHETIC_DEVELOPMENT
2350,2026-07-29,9,2,1,2,Cardiology,3,19.25,6,6,7,2,129.6,SYNTHETIC_DEVELOPMENT
2351,2026-07-29,15,2,1,1,General Medicine,2,10.58,12,15,13,16,135.2,SYNTHETIC_DEVELOPMENT
2352,2026-07-29,9,2,1,1,General Medicine,1,11.5,6,8,7,6,64.0,SYNTHETIC_DEVELOPMENT
2353,2026-07-29,9,2,1,4,Orthopedics,6,14.5,6,8,7,0,88.5,SYNTHETIC_DEVELOPMENT
2354,2026-07-29,11,2,1,1,General Medicine,2,10.58,7,10,8,11,82.6,SYNTHETIC_DEVELOPMENT
2355,2026-07-29,10,2,1,2,Cardiology,4,16.62,4,7,5,5,78.6,SYNTHETIC_DEVELOPMENT
2356,2026-07-29,9,2,1,1,General Medicine,2,10.58,12,16,13,2,148.5,SYNTHETIC_DEVELOPMENT
2357,2026-07-29,8,2,0,2,Cardiology,3,19.25,2,4,3,0,34.1,SYNTHETIC_DEVELOPMENT
2358,2026-07-29,14,2,1,2,Cardiology,3,19.25,7,9,8,13,139.8,SYNTHETIC_DEVELOPMENT
2359,2026-07-29,9,2,1,2,Cardiology,4,16.62,6,10,7,3,92.0,SYNTHETIC_DEVELOPMENT
2360,2026-07-29,10,2,1,1,General Medicine,2,10.58,7,10,8,3,76.4,SYNTHETIC_DEVELOPMENT
2361,2026-07-29,10,2,1,1,General Medicine,1,11.5,5,9,6,4,67.9,SYNTHETIC_DEVELOPMENT
2362,2026-07-29,10,2,1,2,Cardiology,3,19.25,6,9,7,5,130.8,SYNTHETIC_DEVELOPMENT
2363,2026-07-29,9,2,1,1,General Medicine,2,10.58,8,12,9,7,88.8,SYNTHETIC_DEVELOPMENT
2364,2026-07-29,12,2,0,2,Cardiology,4,16.62,3,7,4,16,66.7,SYNTHETIC_DEVELOPMENT
2365,2026-07-29,11,2,1,1,General Medicine,2,10.58,8,12,9,13,85.3,SYNTHETIC_DEVELOPMENT
2366,2026-07-29,11,2,1,2,Cardiology,4,16.62,8,9,9,9,124.5,SYNTHETIC_DEVELOPMENT
2367,2026-07-29,10,2,1,3,Pediatrics,5,13.65,8,10,9,8,108.5,SYNTHETIC_DEVELOPMENT
2368,2026-07-29,11,2,1,1,General Medicine,1,11.5,2,4,3,9,26.8,SYNTHETIC_DEVELOPMENT
2369,2026-07-29,17,2,0,1,General Medicine,2,10.58,3,5,4,21,38.9,SYNTHETIC_DEVELOPMENT
2370,2026-07-29,13,2,0,1,General Medicine,1,11.5,5,7,6,15,52.3,SYNTHETIC_DEVELOPMENT
2371,2026-07-29,10,2,1,2,Cardiology,4,16.62,6,10,7,7,103.4,SYNTHETIC_DEVELOPMENT
2372,2026-07-29,15,2,1,2,Cardiology,4,16.62,2,5,3,23,39.7,SYNTHETIC_DEVELOPMENT
2373,2026-07-29,9,2,1,2,Cardiology,4,16.62,6,8,7,1,119.1,SYNTHETIC_DEVELOPMENT
2374,2026-07-29,15,2,1,1,General Medicine,2,10.58,4,6,5,24,47.5,SYNTHETIC_DEVELOPMENT
2375,2026-07-29,14,2,1,3,Pediatrics,5,13.65,10,11,11,18,152.6,SYNTHETIC_DEVELOPMENT
2376,2026-07-29,11,2,1,1,General Medicine,1,11.5,8,11,9,11,114.3,SYNTHETIC_DEVELOPMENT
2377,2026-07-29,15,2,1,5,Dermatology,7,9.0,7,10,8,16,84.3,SYNTHETIC_DEVELOPMENT
2378,2026-07-29,12,2,0,1,General Medicine,1,11.5,4,7,5,10,39.2,SYNTHETIC_DEVELOPMENT
2379,2026-07-29,14,2,1,2,Cardiology,3,19.25,12,13,13,21,180.0,SYNTHETIC_DEVELOPMENT
2380,2026-07-29,9,2,1,5,Dermatology,7,9.0,0,1,1,3,2.4,SYNTHETIC_DEVELOPMENT
2381,2026-07-29,9,2,1,1,General Medicine,1,11.5,5,10,6,3,58.2,SYNTHETIC_DEVELOPMENT
2382,2026-07-29,9,2,1,1,General Medicine,2,10.58,7,10,8,2,70.4,SYNTHETIC_DEVELOPMENT
2383,2026-07-29,9,2,1,3,Pediatrics,5,13.65,8,10,9,1,107.3,SYNTHETIC_DEVELOPMENT
2384,2026-07-29,11,2,1,2,Cardiology,3,19.25,3,6,4,15,63.2,SYNTHETIC_DEVELOPMENT
2385,2026-07-29,10,2,1,2,Cardiology,4,16.62,3,3,4,3,42.1,SYNTHETIC_DEVELOPMENT
2386,2026-07-29,13,2,0,1,General Medicine,1,11.5,6,9,7,17,68.3,SYNTHETIC_DEVELOPMENT
2387,2026-07-29,9,2,1,4,Orthopedics,6,14.5,7,9,8,1,117.0,SYNTHETIC_DEVELOPMENT
2388,2026-07-29,10,2,1,1,General Medicine,1,11.5,8,12,9,7,100.6,SYNTHETIC_DEVELOPMENT
2389,2026-07-29,11,2,1,4,Orthopedics,6,14.5,8,9,9,8,135.4,SYNTHETIC_DEVELOPMENT
2390,2026-07-29,11,2,1,4,Orthopedics,6,14.5,5,7,6,8,65.0,SYNTHETIC_DEVELOPMENT
2391,2026-07-29,15,2,1,2,Cardiology,3,19.25,3,8,4,21,65.9,SYNTHETIC_DEVELOPMENT
2392,2026-07-29,11,2,1,2,Cardiology,4,16.62,11,14,12,9,166.1,SYNTHETIC_DEVELOPMENT
2393,2026-07-29,14,2,1,2,Cardiology,3,19.25,4,6,5,22,72.1,SYNTHETIC_DEVELOPMENT
2394,2026-07-29,12,2,0,4,Orthopedics,6,14.5,4,5,5,11,76.4,SYNTHETIC_DEVELOPMENT
2395,2026-07-29,14,2,1,2,Cardiology,4,16.62,3,6,4,19,64.9,SYNTHETIC_DEVELOPMENT
2396,2026-07-29,14,2,1,2,Cardiology,3,19.25,8,10,9,16,168.4,SYNTHETIC_DEVELOPMENT
2397,2026-07-29,10,2,1,2,Cardiology,3,19.25,3,6,4,8,61.4,SYNTHETIC_DEVELOPMENT
2398,2026-07-29,11,2,1,2,Cardiology,4,16.62,5,7,6,10,86.5,SYNTHETIC_DEVELOPMENT
2399,2026-07-29,11,2,1,1,General Medicine,1,11.5,6,7,7,11,71.4,SYNTHETIC_DEVELOPMENT
2400,2026-07-29,10,2,1,1,General Medicine,1,11.5,8,12,9,8,87.7,SYNTHETIC_DEVELOPMENT
2401,2026-07-29,10,2,1,4,Orthopedics,6,14.5,6,10,7,7,114.8,SYNTHETIC_DEVELOPMENT
2402,2026-07-29,11,2,1,4,Orthopedics,6,14.5,4,7,5,10,54.9,SYNTHETIC_DEVELOPMENT
2403,2026-07-29,9,2,1,2,Cardiology,4,16.62,4,7,5,3,59.7,SYNTHETIC_DEVELOPMENT
2404,2026-07-29,12,2,0,5,Dermatology,7,9.0,1,7,2,16,12.6,SYNTHETIC_DEVELOPMENT
2405,2026-07-29,14,2,1,5,Dermatology,7,9.0,11,12,12,21,109.2,SYNTHETIC_DEVELOPMENT
2406,2026-07-29,9,2,1,2,Cardiology,4,16.62,4,7,5,2,81.9,SYNTHETIC_DEVELOPMENT
2407,2026-07-29,14,2,1,4,Orthopedics,6,14.5,5,9,6,26,83.8,SYNTHETIC_DEVELOPMENT
2408,2026-07-29,8,2,0,2,Cardiology,4,16.62,0,3,1,1,4.6,SYNTHETIC_DEVELOPMENT
2409,2026-07-29,9,2,1,1,General Medicine,2,10.58,10,15,11,5,119.5,SYNTHETIC_DEVELOPMENT
2410,2026-07-29,11,2,1,2,Cardiology,3,19.25,3,6,4,14,80.4,SYNTHETIC_DEVELOPMENT
2411,2026-07-29,12,2,0,4,Orthopedics,6,14.5,2,6,3,15,24.3,SYNTHETIC_DEVELOPMENT
2412,2026-07-29,13,2,0,3,Pediatrics,5,13.65,0,4,1,16,0.8,SYNTHETIC_DEVELOPMENT
2413,2026-07-29,10,2,1,1,General Medicine,1,11.5,7,9,8,6,95.3,SYNTHETIC_DEVELOPMENT
2414,2026-07-29,9,2,1,1,General Medicine,2,10.58,9,12,10,3,111.1,SYNTHETIC_DEVELOPMENT
2415,2026-07-29,16,2,0,1,General Medicine,2,10.58,5,10,6,27,56.5,SYNTHETIC_DEVELOPMENT
2416,2026-07-29,10,2,1,4,Orthopedics,6,14.5,4,4,5,7,50.8,SYNTHETIC_DEVELOPMENT
2417,2026-07-29,9,2,1,2,Cardiology,3,19.25,7,7,8,2,154.7,SYNTHETIC_DEVELOPMENT
2418,2026-07-30,11,3,1,1,General Medicine,2,10.58,8,11,9,7,97.2,SYNTHETIC_DEVELOPMENT
2419,2026-07-30,10,3,1,4,Orthopedics,6,14.5,8,9,9,5,124.6,SYNTHETIC_DEVELOPMENT
2420,2026-07-30,10,3,1,2,Cardiology,3,19.25,3,8,4,4,62.0,SYNTHETIC_DEVELOPMENT
2421,2026-07-30,10,3,1,4,Orthopedics,6,14.5,7,9,8,2,105.3,SYNTHETIC_DEVELOPMENT
2422,2026-07-30,12,3,0,2,Cardiology,3,19.25,4,5,5,17,78.5,SYNTHETIC_DEVELOPMENT
2423,2026-07-30,15,3,1,2,Cardiology,3,19.25,5,8,6,21,100.5,SYNTHETIC_DEVELOPMENT
2424,2026-07-30,9,3,1,4,Orthopedics,6,14.5,8,10,9,4,127.2,SYNTHETIC_DEVELOPMENT
2425,2026-07-30,8,3,0,1,General Medicine,1,11.5,4,7,5,2,62.2,SYNTHETIC_DEVELOPMENT
2426,2026-07-30,8,3,0,1,General Medicine,1,11.5,3,4,4,1,43.7,SYNTHETIC_DEVELOPMENT
2427,2026-07-30,10,3,1,1,General Medicine,1,11.5,5,7,6,5,50.8,SYNTHETIC_DEVELOPMENT
2428,2026-07-30,12,3,0,1,General Medicine,2,10.58,4,8,5,18,51.6,SYNTHETIC_DEVELOPMENT
2429,2026-07-30,12,3,0,2,Cardiology,4,16.62,6,10,7,10,98.8,SYNTHETIC_DEVELOPMENT
2430,2026-07-30,9,3,1,5,Dermatology,7,9.0,4,6,5,3,34.6,SYNTHETIC_DEVELOPMENT
2431,2026-07-30,11,3,1,2,Cardiology,4,16.62,4,5,5,6,78.4,SYNTHETIC_DEVELOPMENT
2432,2026-07-30,9,3,1,2,Cardiology,4,16.62,6,7,7,2,108.8,SYNTHETIC_DEVELOPMENT
2433,2026-07-30,14,3,1,4,Orthopedics,6,14.5,8,10,9,23,112.0,SYNTHETIC_DEVELOPMENT
2434,2026-07-30,15,3,1,1,General Medicine,2,10.58,6,9,7,29,80.4,SYNTHETIC_DEVELOPMENT
2435,2026-07-30,11,3,1,2,Cardiology,3,19.25,9,11,10,14,180.0,SYNTHETIC_DEVELOPMENT
2436,2026-07-30,9,3,1,3,Pediatrics,5,13.65,11,13,12,3,170.1,SYNTHETIC_DEVELOPMENT
2437,2026-07-30,12,3,0,1,General Medicine,2,10.58,3,4,4,11,36.3,SYNTHETIC_DEVELOPMENT
2438,2026-07-30,11,3,1,3,Pediatrics,5,13.65,5,7,6,9,68.7,SYNTHETIC_DEVELOPMENT
2439,2026-07-30,9,3,1,4,Orthopedics,6,14.5,3,7,4,3,43.3,SYNTHETIC_DEVELOPMENT
2440,2026-07-30,11,3,1,2,Cardiology,4,16.62,4,4,5,11,71.4,SYNTHETIC_DEVELOPMENT
2441,2026-07-30,14,3,1,3,Pediatrics,5,13.65,2,5,3,15,27.8,SYNTHETIC_DEVELOPMENT
2442,2026-07-30,10,3,1,2,Cardiology,3,19.25,5,7,6,10,93.4,SYNTHETIC_DEVELOPMENT
2443,2026-07-30,9,3,1,5,Dermatology,7,9.0,5,8,6,3,48.3,SYNTHETIC_DEVELOPMENT
2444,2026-07-30,9,3,1,1,General Medicine,2,10.58,7,10,8,4,73.9,SYNTHETIC_DEVELOPMENT
2445,2026-07-30,10,3,1,1,General Medicine,1,11.5,10,14,11,9,131.8,SYNTHETIC_DEVELOPMENT
2446,2026-07-30,15,3,1,1,General Medicine,1,11.5,8,13,9,14,106.2,SYNTHETIC_DEVELOPMENT
2447,2026-07-30,12,3,0,1,General Medicine,2,10.58,4,5,5,12,47.0,SYNTHETIC_DEVELOPMENT
2448,2026-07-30,10,3,1,2,Cardiology,4,16.62,13,17,14,4,180.0,SYNTHETIC_DEVELOPMENT
2449,2026-07-30,14,3,1,2,Cardiology,4,16.62,6,11,7,19,118.0,SYNTHETIC_DEVELOPMENT
2450,2026-07-30,16,3,0,2,Cardiology,4,16.62,3,5,4,24,59.3,SYNTHETIC_DEVELOPMENT
2451,2026-07-30,16,3,0,4,Orthopedics,6,14.5,3,9,4,30,54.0,SYNTHETIC_DEVELOPMENT
2452,2026-07-30,15,3,1,2,Cardiology,4,16.62,4,7,5,18,80.7,SYNTHETIC_DEVELOPMENT
2453,2026-07-30,11,3,1,4,Orthopedics,6,14.5,12,17,13,8,177.6,SYNTHETIC_DEVELOPMENT
2454,2026-07-30,9,3,1,1,General Medicine,2,10.58,6,6,7,4,71.3,SYNTHETIC_DEVELOPMENT
2455,2026-07-30,12,3,0,4,Orthopedics,6,14.5,3,4,4,15,44.8,SYNTHETIC_DEVELOPMENT
2456,2026-07-30,9,3,1,2,Cardiology,3,19.25,7,7,8,4,172.3,SYNTHETIC_DEVELOPMENT
2457,2026-07-30,10,3,1,4,Orthopedics,6,14.5,4,9,5,4,54.1,SYNTHETIC_DEVELOPMENT
2458,2026-07-30,14,3,1,4,Orthopedics,6,14.5,5,6,6,17,66.0,SYNTHETIC_DEVELOPMENT
2459,2026-07-30,11,3,1,2,Cardiology,3,19.25,8,12,9,12,180.0,SYNTHETIC_DEVELOPMENT
2460,2026-07-30,10,3,1,2,Cardiology,3,19.25,7,8,8,8,137.1,SYNTHETIC_DEVELOPMENT
2461,2026-07-30,10,3,1,2,Cardiology,4,16.62,4,6,5,6,68.4,SYNTHETIC_DEVELOPMENT
2462,2026-07-30,10,3,1,3,Pediatrics,5,13.65,5,6,6,5,57.6,SYNTHETIC_DEVELOPMENT
2463,2026-07-30,14,3,1,1,General Medicine,1,11.5,9,12,10,16,111.5,SYNTHETIC_DEVELOPMENT
2464,2026-07-30,15,3,1,3,Pediatrics,5,13.65,4,7,5,24,59.4,SYNTHETIC_DEVELOPMENT
2465,2026-07-30,14,3,1,3,Pediatrics,5,13.65,5,7,6,23,78.0,SYNTHETIC_DEVELOPMENT
2466,2026-07-30,15,3,1,4,Orthopedics,6,14.5,4,7,5,17,50.1,SYNTHETIC_DEVELOPMENT
2467,2026-07-30,10,3,1,4,Orthopedics,6,14.5,6,8,7,3,77.9,SYNTHETIC_DEVELOPMENT
2468,2026-07-30,12,3,0,2,Cardiology,3,19.25,3,6,4,15,49.8,SYNTHETIC_DEVELOPMENT
2469,2026-07-30,16,3,0,5,Dermatology,7,9.0,2,5,3,28,20.4,SYNTHETIC_DEVELOPMENT
2470,2026-07-30,9,3,1,3,Pediatrics,5,13.65,4,6,5,2,56.4,SYNTHETIC_DEVELOPMENT
2471,2026-07-30,9,3,1,1,General Medicine,2,10.58,4,4,5,2,51.3,SYNTHETIC_DEVELOPMENT
2472,2026-07-30,11,3,1,1,General Medicine,1,11.5,7,10,8,9,104.2,SYNTHETIC_DEVELOPMENT
2473,2026-07-30,14,3,1,2,Cardiology,3,19.25,9,13,10,18,176.0,SYNTHETIC_DEVELOPMENT
2474,2026-07-30,14,3,1,3,Pediatrics,5,13.65,7,7,8,21,96.2,SYNTHETIC_DEVELOPMENT
2475,2026-07-30,16,3,0,1,General Medicine,1,11.5,2,10,3,26,24.7,SYNTHETIC_DEVELOPMENT
2476,2026-07-30,11,3,1,1,General Medicine,2,10.58,2,2,3,11,35.7,SYNTHETIC_DEVELOPMENT
2477,2026-07-30,15,3,1,4,Orthopedics,6,14.5,13,17,14,30,180.0,SYNTHETIC_DEVELOPMENT
2478,2026-07-30,11,3,1,2,Cardiology,3,19.25,6,9,7,8,109.0,SYNTHETIC_DEVELOPMENT
2479,2026-07-30,12,3,0,5,Dermatology,7,9.0,4,4,5,10,36.6,SYNTHETIC_DEVELOPMENT
2480,2026-07-30,11,3,1,3,Pediatrics,5,13.65,2,4,3,12,29.8,SYNTHETIC_DEVELOPMENT
2481,2026-07-30,11,3,1,2,Cardiology,3,19.25,12,14,13,12,180.0,SYNTHETIC_DEVELOPMENT
2482,2026-07-30,10,3,1,1,General Medicine,2,10.58,12,15,13,5,146.7,SYNTHETIC_DEVELOPMENT
2483,2026-07-30,10,3,1,1,General Medicine,2,10.58,4,6,5,5,46.5,SYNTHETIC_DEVELOPMENT
2484,2026-07-30,15,3,1,3,Pediatrics,5,13.65,5,5,6,24,59.6,SYNTHETIC_DEVELOPMENT
2485,2026-07-30,14,3,1,3,Pediatrics,5,13.65,4,5,5,11,58.3,SYNTHETIC_DEVELOPMENT
2486,2026-07-30,10,3,1,1,General Medicine,2,10.58,13,17,14,8,128.5,SYNTHETIC_DEVELOPMENT
2487,2026-07-30,14,3,1,1,General Medicine,1,11.5,3,5,4,12,42.5,SYNTHETIC_DEVELOPMENT
2488,2026-07-30,10,3,1,1,General Medicine,2,10.58,6,9,7,3,84.2,SYNTHETIC_DEVELOPMENT
2489,2026-07-30,9,3,1,2,Cardiology,4,16.62,8,13,9,4,141.8,SYNTHETIC_DEVELOPMENT
2490,2026-07-30,16,3,0,5,Dermatology,7,9.0,1,4,2,15,11.4,SYNTHETIC_DEVELOPMENT
2491,2026-07-30,16,3,0,2,Cardiology,3,19.25,3,3,4,27,61.8,SYNTHETIC_DEVELOPMENT
2492,2026-07-30,12,3,0,4,Orthopedics,6,14.5,4,4,5,12,63.2,SYNTHETIC_DEVELOPMENT
2493,2026-07-30,10,3,1,2,Cardiology,4,16.62,10,14,11,4,180.0,SYNTHETIC_DEVELOPMENT
2494,2026-07-30,11,3,1,3,Pediatrics,5,13.65,7,8,8,9,92.8,SYNTHETIC_DEVELOPMENT
2495,2026-07-30,11,3,1,3,Pediatrics,5,13.65,5,10,6,18,69.6,SYNTHETIC_DEVELOPMENT
2496,2026-07-30,10,3,1,2,Cardiology,4,16.62,2,2,3,8,39.2,SYNTHETIC_DEVELOPMENT
2497,2026-07-30,10,3,1,4,Orthopedics,6,14.5,6,10,7,7,97.8,SYNTHETIC_DEVELOPMENT
2498,2026-07-30,12,3,0,1,General Medicine,2,10.58,4,11,5,12,47.0,SYNTHETIC_DEVELOPMENT
2499,2026-07-30,16,3,0,3,Pediatrics,5,13.65,4,5,5,28,54.3,SYNTHETIC_DEVELOPMENT
2500,2026-07-30,10,3,1,5,Dermatology,7,9.0,7,10,8,3,74.2,SYNTHETIC_DEVELOPMENT
2501,2026-07-31,9,4,1,5,Dermatology,7,9.0,5,8,6,0,61.4,SYNTHETIC_DEVELOPMENT
2502,2026-07-31,10,4,1,2,Cardiology,3,19.25,3,4,4,5,57.8,SYNTHETIC_DEVELOPMENT
2503,2026-07-31,9,4,1,3,Pediatrics,5,13.65,6,13,7,2,88.0,SYNTHETIC_DEVELOPMENT
2504,2026-07-31,9,4,1,5,Dermatology,7,9.0,7,8,8,6,58.7,SYNTHETIC_DEVELOPMENT
2505,2026-07-31,10,4,1,4,Orthopedics,6,14.5,8,9,9,6,134.9,SYNTHETIC_DEVELOPMENT
2506,2026-07-31,10,4,1,4,Orthopedics,6,14.5,16,17,17,3,180.0,SYNTHETIC_DEVELOPMENT
2507,2026-07-31,9,4,1,2,Cardiology,3,19.25,5,8,6,2,92.1,SYNTHETIC_DEVELOPMENT
2508,2026-07-31,11,4,1,1,General Medicine,2,10.58,7,9,8,10,53.4,SYNTHETIC_DEVELOPMENT
2509,2026-07-31,11,4,1,1,General Medicine,2,10.58,5,7,6,12,56.3,SYNTHETIC_DEVELOPMENT
2510,2026-07-31,14,4,1,1,General Medicine,1,11.5,4,6,5,24,58.5,SYNTHETIC_DEVELOPMENT
2511,2026-07-31,14,4,1,3,Pediatrics,5,13.65,7,9,8,16,104.8,SYNTHETIC_DEVELOPMENT
2512,2026-07-31,10,4,1,3,Pediatrics,5,13.65,4,7,5,1,58.6,SYNTHETIC_DEVELOPMENT
2513,2026-07-31,10,4,1,2,Cardiology,4,16.62,9,10,10,5,142.2,SYNTHETIC_DEVELOPMENT
2514,2026-07-31,10,4,1,4,Orthopedics,6,14.5,7,9,8,10,119.6,SYNTHETIC_DEVELOPMENT
2515,2026-07-31,9,4,1,2,Cardiology,4,16.62,16,18,17,3,180.0,SYNTHETIC_DEVELOPMENT
2516,2026-07-31,14,4,1,1,General Medicine,1,11.5,8,11,9,18,100.1,SYNTHETIC_DEVELOPMENT
2517,2026-07-31,13,4,0,2,Cardiology,3,19.25,4,4,5,12,103.3,SYNTHETIC_DEVELOPMENT
2518,2026-07-31,10,4,1,2,Cardiology,3,19.25,5,7,6,9,108.7,SYNTHETIC_DEVELOPMENT
2519,2026-07-31,9,4,1,3,Pediatrics,5,13.65,14,17,15,2,180.0,SYNTHETIC_DEVELOPMENT
2520,2026-07-31,14,4,1,1,General Medicine,2,10.58,2,2,3,13,14.0,SYNTHETIC_DEVELOPMENT
2521,2026-07-31,14,4,1,2,Cardiology,4,16.62,9,13,10,12,149.8,SYNTHETIC_DEVELOPMENT
2522,2026-07-31,17,4,0,3,Pediatrics,5,13.65,6,10,7,19,78.0,SYNTHETIC_DEVELOPMENT
2523,2026-07-31,15,4,1,2,Cardiology,4,16.62,9,11,10,22,143.4,SYNTHETIC_DEVELOPMENT
2524,2026-07-31,9,4,1,3,Pediatrics,5,13.65,6,8,7,0,93.1,SYNTHETIC_DEVELOPMENT
2525,2026-07-31,8,4,0,2,Cardiology,4,16.62,6,8,7,1,104.5,SYNTHETIC_DEVELOPMENT
2526,2026-07-31,13,4,0,3,Pediatrics,5,13.65,5,6,6,16,63.1,SYNTHETIC_DEVELOPMENT
2527,2026-07-31,11,4,1,1,General Medicine,2,10.58,9,12,10,11,111.3,SYNTHETIC_DEVELOPMENT
2528,2026-07-31,11,4,1,1,General Medicine,1,11.5,5,10,6,11,62.7,SYNTHETIC_DEVELOPMENT
2529,2026-07-31,10,4,1,2,Cardiology,4,16.62,5,9,6,7,117.3,SYNTHETIC_DEVELOPMENT
2530,2026-07-31,9,4,1,4,Orthopedics,6,14.5,4,6,5,4,61.6,SYNTHETIC_DEVELOPMENT
2531,2026-07-31,9,4,1,1,General Medicine,1,11.5,3,8,4,1,39.9,SYNTHETIC_DEVELOPMENT
2532,2026-07-31,12,4,0,2,Cardiology,3,19.25,2,4,3,14,39.8,SYNTHETIC_DEVELOPMENT
2533,2026-07-31,11,4,1,1,General Medicine,1,11.5,7,11,8,6,69.8,SYNTHETIC_DEVELOPMENT
2534,2026-07-31,9,4,1,2,Cardiology,4,16.62,3,7,4,4,59.3,SYNTHETIC_DEVELOPMENT
2535,2026-07-31,11,4,1,1,General Medicine,1,11.5,6,9,7,11,67.9,SYNTHETIC_DEVELOPMENT
2536,2026-07-31,9,4,1,2,Cardiology,4,16.62,10,17,11,1,173.8,SYNTHETIC_DEVELOPMENT
2537,2026-07-31,9,4,1,5,Dermatology,7,9.0,5,7,6,5,41.7,SYNTHETIC_DEVELOPMENT
2538,2026-07-31,11,4,1,2,Cardiology,3,19.25,6,10,7,13,124.6,SYNTHETIC_DEVELOPMENT
2539,2026-07-31,9,4,1,3,Pediatrics,5,13.65,6,6,7,1,78.8,SYNTHETIC_DEVELOPMENT
2540,2026-07-31,9,4,1,4,Orthopedics,6,14.5,7,9,8,4,110.8,SYNTHETIC_DEVELOPMENT
2541,2026-07-31,16,4,0,2,Cardiology,3,19.25,3,6,4,32,69.8,SYNTHETIC_DEVELOPMENT
2542,2026-07-31,11,4,1,2,Cardiology,3,19.25,2,5,3,10,39.9,SYNTHETIC_DEVELOPMENT
2543,2026-07-31,9,4,1,1,General Medicine,1,11.5,9,13,10,5,93.7,SYNTHETIC_DEVELOPMENT
2544,2026-07-31,12,4,0,1,General Medicine,1,11.5,3,10,4,13,30.0,SYNTHETIC_DEVELOPMENT
2545,2026-07-31,11,4,1,1,General Medicine,2,10.58,8,9,9,15,82.4,SYNTHETIC_DEVELOPMENT
2546,2026-07-31,10,4,1,2,Cardiology,4,16.62,7,12,8,6,143.6,SYNTHETIC_DEVELOPMENT
2547,2026-07-31,9,4,1,3,Pediatrics,5,13.65,7,13,8,0,102.3,SYNTHETIC_DEVELOPMENT
2548,2026-07-31,11,4,1,2,Cardiology,4,16.62,4,4,5,11,68.6,SYNTHETIC_DEVELOPMENT
2549,2026-07-31,14,4,1,2,Cardiology,3,19.25,3,5,4,21,83.7,SYNTHETIC_DEVELOPMENT
2550,2026-07-31,12,4,0,2,Cardiology,3,19.25,3,5,4,22,62.9,SYNTHETIC_DEVELOPMENT
2551,2026-07-31,8,4,0,2,Cardiology,4,16.62,4,4,5,0,72.7,SYNTHETIC_DEVELOPMENT
2552,2026-07-31,11,4,1,4,Orthopedics,6,14.5,5,7,6,7,78.2,SYNTHETIC_DEVELOPMENT
2553,2026-07-31,9,4,1,3,Pediatrics,5,13.65,7,10,8,1,105.0,SYNTHETIC_DEVELOPMENT
2554,2026-07-31,11,4,1,1,General Medicine,1,11.5,7,11,8,4,78.9,SYNTHETIC_DEVELOPMENT
2555,2026-07-31,10,4,1,3,Pediatrics,5,13.65,7,8,8,6,88.4,SYNTHETIC_DEVELOPMENT
2556,2026-07-31,9,4,1,2,Cardiology,4,16.62,5,7,6,9,91.6,SYNTHETIC_DEVELOPMENT
2557,2026-07-31,9,4,1,2,Cardiology,3,19.25,8,10,9,4,148.9,SYNTHETIC_DEVELOPMENT
2558,2026-07-31,10,4,1,5,Dermatology,7,9.0,9,10,10,5,85.1,SYNTHETIC_DEVELOPMENT
2559,2026-07-31,11,4,1,2,Cardiology,4,16.62,9,10,10,6,161.1,SYNTHETIC_DEVELOPMENT
2560,2026-07-31,9,4,1,3,Pediatrics,5,13.65,8,11,9,5,138.7,SYNTHETIC_DEVELOPMENT
2561,2026-07-31,11,4,1,5,Dermatology,7,9.0,8,13,9,16,104.7,SYNTHETIC_DEVELOPMENT
2562,2026-07-31,15,4,1,1,General Medicine,2,10.58,4,6,5,17,58.2,SYNTHETIC_DEVELOPMENT
2563,2026-07-31,9,4,1,4,Orthopedics,6,14.5,8,10,9,1,108.7,SYNTHETIC_DEVELOPMENT
2564,2026-07-31,11,4,1,5,Dermatology,7,9.0,7,10,8,11,65.5,SYNTHETIC_DEVELOPMENT
2565,2026-07-31,9,4,1,5,Dermatology,7,9.0,6,7,7,3,48.0,SYNTHETIC_DEVELOPMENT
2566,2026-07-31,15,4,1,4,Orthopedics,6,14.5,7,9,8,25,119.0,SYNTHETIC_DEVELOPMENT
2567,2026-07-31,14,4,1,5,Dermatology,7,9.0,8,10,9,17,86.6,SYNTHETIC_DEVELOPMENT
2568,2026-07-31,9,4,1,2,Cardiology,4,16.62,7,9,8,3,146.0,SYNTHETIC_DEVELOPMENT
2569,2026-07-31,15,4,1,4,Orthopedics,6,14.5,7,10,8,29,110.4,SYNTHETIC_DEVELOPMENT
2570,2026-07-31,10,4,1,1,General Medicine,2,10.58,11,14,12,5,133.8,SYNTHETIC_DEVELOPMENT
2571,2026-07-31,15,4,1,5,Dermatology,7,9.0,3,5,4,25,33.6,SYNTHETIC_DEVELOPMENT
2572,2026-07-31,11,4,1,2,Cardiology,3,19.25,8,10,9,9,172.8,SYNTHETIC_DEVELOPMENT
2573,2026-07-31,14,4,1,5,Dermatology,7,9.0,9,12,10,17,96.8,SYNTHETIC_DEVELOPMENT
2574,2026-07-31,10,4,1,3,Pediatrics,5,13.65,3,5,4,7,45.0,SYNTHETIC_DEVELOPMENT
2575,2026-07-31,17,4,0,4,Orthopedics,6,14.5,3,7,4,32,46.6,SYNTHETIC_DEVELOPMENT
2576,2026-07-31,10,4,1,4,Orthopedics,6,14.5,11,14,12,5,180.0,SYNTHETIC_DEVELOPMENT
2577,2026-07-31,15,4,1,2,Cardiology,4,16.62,9,12,10,18,161.7,SYNTHETIC_DEVELOPMENT
2578,2026-07-31,16,4,0,4,Orthopedics,6,14.5,7,9,8,22,119.8,SYNTHETIC_DEVELOPMENT
2579,2026-07-31,16,4,0,1,General Medicine,2,10.58,3,5,4,21,51.7,SYNTHETIC_DEVELOPMENT
2580,2026-07-31,11,4,1,1,General Medicine,2,10.58,5,6,6,11,70.1,SYNTHETIC_DEVELOPMENT
2581,2026-07-31,10,4,1,1,General Medicine,1,11.5,11,13,12,9,126.0,SYNTHETIC_DEVELOPMENT
2582,2026-07-31,14,4,1,5,Dermatology,7,9.0,6,8,7,24,54.1,SYNTHETIC_DEVELOPMENT
2583,2026-07-31,10,4,1,4,Orthopedics,6,14.5,4,9,5,5,51.3,SYNTHETIC_DEVELOPMENT
2584,2026-07-31,10,4,1,1,General Medicine,1,11.5,3,3,4,9,47.4,SYNTHETIC_DEVELOPMENT
2585,2026-08-01,13,5,0,2,Cardiology,4,16.62,1,3,2,17,15.7,SYNTHETIC_DEVELOPMENT
2586,2026-08-01,16,5,0,3,Pediatrics,5,13.65,5,9,6,21,74.8,SYNTHETIC_DEVELOPMENT
2587,2026-08-01,9,5,1,3,Pediatrics,5,13.65,11,15,12,1,180.0,SYNTHETIC_DEVELOPMENT
2588,2026-08-01,16,5,0,5,Dermatology,7,9.0,5,10,6,21,43.2,SYNTHETIC_DEVELOPMENT
2589,2026-08-01,11,5,1,2,Cardiology,3,19.25,8,10,9,6,159.9,SYNTHETIC_DEVELOPMENT
2590,2026-08-01,14,5,1,2,Cardiology,4,16.62,11,12,12,18,180.0,SYNTHETIC_DEVELOPMENT
2591,2026-08-01,9,5,1,5,Dermatology,7,9.0,6,8,7,5,66.4,SYNTHETIC_DEVELOPMENT
2592,2026-08-01,10,5,1,2,Cardiology,4,16.62,9,10,10,6,180.0,SYNTHETIC_DEVELOPMENT
2593,2026-08-01,8,5,0,1,General Medicine,1,11.5,4,7,5,1,49.3,SYNTHETIC_DEVELOPMENT
2594,2026-08-01,10,5,1,3,Pediatrics,5,13.65,9,13,10,4,153.7,SYNTHETIC_DEVELOPMENT
2595,2026-08-01,8,5,0,2,Cardiology,3,19.25,5,9,6,0,99.5,SYNTHETIC_DEVELOPMENT
2596,2026-08-01,10,5,1,5,Dermatology,7,9.0,10,10,11,5,104.6,SYNTHETIC_DEVELOPMENT
2597,2026-08-01,10,5,1,3,Pediatrics,5,13.65,8,12,9,6,113.0,SYNTHETIC_DEVELOPMENT
2598,2026-08-01,11,5,1,3,Pediatrics,5,13.65,7,12,8,14,87.8,SYNTHETIC_DEVELOPMENT
2599,2026-08-01,9,5,1,4,Orthopedics,6,14.5,9,11,10,8,153.6,SYNTHETIC_DEVELOPMENT
2600,2026-08-01,11,5,1,2,Cardiology,4,16.62,3,5,4,5,52.5,SYNTHETIC_DEVELOPMENT
2601,2026-08-01,10,5,1,2,Cardiology,3,19.25,10,10,11,5,180.0,SYNTHETIC_DEVELOPMENT
2602,2026-08-01,13,5,0,2,Cardiology,4,16.62,3,7,4,15,49.4,SYNTHETIC_DEVELOPMENT
2603,2026-08-01,11,5,1,2,Cardiology,4,16.62,8,15,9,10,145.1,SYNTHETIC_DEVELOPMENT
2604,2026-08-01,10,5,1,5,Dermatology,7,9.0,3,5,4,6,31.9,SYNTHETIC_DEVELOPMENT
2605,2026-08-01,12,5,0,5,Dermatology,7,9.0,8,11,9,11,97.9,SYNTHETIC_DEVELOPMENT
2606,2026-08-01,10,5,1,2,Cardiology,3,19.25,7,7,8,11,136.5,SYNTHETIC_DEVELOPMENT
2607,2026-08-01,14,5,1,1,General Medicine,1,11.5,6,8,7,22,69.6,SYNTHETIC_DEVELOPMENT
2608,2026-08-01,14,5,1,5,Dermatology,7,9.0,7,7,8,23,86.7,SYNTHETIC_DEVELOPMENT
2609,2026-08-01,11,5,1,5,Dermatology,7,9.0,7,9,8,8,72.1,SYNTHETIC_DEVELOPMENT
2610,2026-08-01,15,5,1,4,Orthopedics,6,14.5,7,12,8,26,102.7,SYNTHETIC_DEVELOPMENT
2611,2026-08-01,9,5,1,3,Pediatrics,5,13.65,10,10,11,6,159.4,SYNTHETIC_DEVELOPMENT
2612,2026-08-01,14,5,1,5,Dermatology,7,9.0,8,11,9,26,87.2,SYNTHETIC_DEVELOPMENT
2613,2026-08-01,15,5,1,5,Dermatology,7,9.0,10,14,11,23,99.9,SYNTHETIC_DEVELOPMENT
2614,2026-08-01,16,5,0,2,Cardiology,4,16.62,5,7,6,33,114.5,SYNTHETIC_DEVELOPMENT
2615,2026-08-01,16,5,0,4,Orthopedics,6,14.5,3,6,4,31,56.5,SYNTHETIC_DEVELOPMENT
2616,2026-08-01,13,5,0,3,Pediatrics,5,13.65,3,7,4,6,45.6,SYNTHETIC_DEVELOPMENT
2617,2026-08-01,9,5,1,1,General Medicine,1,11.5,8,11,9,2,104.5,SYNTHETIC_DEVELOPMENT
2618,2026-08-01,11,5,1,2,Cardiology,4,16.62,8,9,9,11,138.3,SYNTHETIC_DEVELOPMENT
2619,2026-08-01,9,5,1,5,Dermatology,7,9.0,14,16,15,4,153.3,SYNTHETIC_DEVELOPMENT
2620,2026-08-01,15,5,1,2,Cardiology,3,19.25,8,13,9,20,155.9,SYNTHETIC_DEVELOPMENT
2621,2026-08-01,11,5,1,1,General Medicine,2,10.58,12,16,13,9,128.7,SYNTHETIC_DEVELOPMENT
2622,2026-08-01,10,5,1,5,Dermatology,7,9.0,13,15,14,2,140.4,SYNTHETIC_DEVELOPMENT
2623,2026-08-01,10,5,1,1,General Medicine,1,11.5,5,5,6,6,59.0,SYNTHETIC_DEVELOPMENT
2624,2026-08-01,11,5,1,5,Dermatology,7,9.0,6,7,7,7,62.1,SYNTHETIC_DEVELOPMENT
2625,2026-08-01,10,5,1,4,Orthopedics,6,14.5,10,13,11,5,163.3,SYNTHETIC_DEVELOPMENT
2626,2026-08-01,9,5,1,5,Dermatology,7,9.0,9,13,10,5,95.0,SYNTHETIC_DEVELOPMENT
2627,2026-08-01,14,5,1,3,Pediatrics,5,13.65,10,11,11,18,128.6,SYNTHETIC_DEVELOPMENT
2628,2026-08-01,10,5,1,2,Cardiology,3,19.25,10,14,11,10,180.0,SYNTHETIC_DEVELOPMENT
2629,2026-08-01,16,5,0,2,Cardiology,4,16.62,7,9,8,28,137.7,SYNTHETIC_DEVELOPMENT
2630,2026-08-01,10,5,1,2,Cardiology,3,19.25,6,7,7,3,139.4,SYNTHETIC_DEVELOPMENT
2631,2026-08-01,16,5,0,2,Cardiology,4,16.62,3,7,4,33,44.3,SYNTHETIC_DEVELOPMENT
2632,2026-08-01,15,5,1,1,General Medicine,1,11.5,8,11,9,17,110.4,SYNTHETIC_DEVELOPMENT
2633,2026-08-01,8,5,0,2,Cardiology,4,16.62,3,7,4,2,58.0,SYNTHETIC_DEVELOPMENT
2634,2026-08-01,14,5,1,2,Cardiology,4,16.62,4,4,5,23,64.4,SYNTHETIC_DEVELOPMENT
2635,2026-08-01,14,5,1,2,Cardiology,3,19.25,6,9,7,22,114.7,SYNTHETIC_DEVELOPMENT
2636,2026-08-01,12,5,0,2,Cardiology,4,16.62,2,2,3,19,43.8,SYNTHETIC_DEVELOPMENT
2637,2026-08-01,9,5,1,2,Cardiology,3,19.25,5,7,6,5,118.8,SYNTHETIC_DEVELOPMENT
2638,2026-08-01,10,5,1,2,Cardiology,4,16.62,7,11,8,8,121.3,SYNTHETIC_DEVELOPMENT
2639,2026-08-01,16,5,0,1,General Medicine,1,11.5,4,7,5,17,50.3,SYNTHETIC_DEVELOPMENT
2640,2026-08-01,10,5,1,5,Dermatology,7,9.0,9,12,10,10,72.3,SYNTHETIC_DEVELOPMENT
2641,2026-08-01,14,5,1,4,Orthopedics,6,14.5,4,6,5,18,58.8,SYNTHETIC_DEVELOPMENT
2642,2026-08-01,11,5,1,2,Cardiology,3,19.25,6,8,7,15,112.7,SYNTHETIC_DEVELOPMENT
2643,2026-08-01,12,5,0,4,Orthopedics,6,14.5,5,9,6,19,87.6,SYNTHETIC_DEVELOPMENT
2644,2026-08-01,13,5,0,2,Cardiology,4,16.62,12,16,13,27,180.0,SYNTHETIC_DEVELOPMENT
2645,2026-08-01,15,5,1,4,Orthopedics,6,14.5,7,11,8,26,116.6,SYNTHETIC_DEVELOPMENT
2646,2026-08-01,15,5,1,1,General Medicine,2,10.58,7,12,8,23,83.3,SYNTHETIC_DEVELOPMENT
2647,2026-08-01,15,5,1,2,Cardiology,3,19.25,5,8,6,25,105.2,SYNTHETIC_DEVELOPMENT
2648,2026-08-01,10,5,1,5,Dermatology,7,9.0,8,8,9,9,84.0,SYNTHETIC_DEVELOPMENT
2649,2026-08-01,10,5,1,1,General Medicine,1,11.5,11,14,12,5,151.3,SYNTHETIC_DEVELOPMENT
2650,2026-08-01,10,5,1,2,Cardiology,3,19.25,7,8,8,11,141.3,SYNTHETIC_DEVELOPMENT
2651,2026-08-01,10,5,1,4,Orthopedics,6,14.5,8,12,9,5,112.7,SYNTHETIC_DEVELOPMENT
2652,2026-08-01,15,5,1,1,General Medicine,1,11.5,9,11,10,27,124.3,SYNTHETIC_DEVELOPMENT
2653,2026-08-01,9,5,1,4,Orthopedics,6,14.5,10,13,11,6,138.3,SYNTHETIC_DEVELOPMENT
2654,2026-08-01,12,5,0,4,Orthopedics,6,14.5,5,10,6,14,66.2,SYNTHETIC_DEVELOPMENT
2655,2026-08-01,11,5,1,4,Orthopedics,6,14.5,4,9,5,10,55.5,SYNTHETIC_DEVELOPMENT
2656,2026-08-01,14,5,1,1,General Medicine,2,10.58,8,9,9,15,95.6,SYNTHETIC_DEVELOPMENT
2657,2026-08-01,15,5,1,1,General Medicine,2,10.58,5,6,6,25,55.9,SYNTHETIC_DEVELOPMENT
2658,2026-08-01,17,5,0,1,General Medicine,2,10.58,6,7,7,35,57.6,SYNTHETIC_DEVELOPMENT
2659,2026-08-01,10,5,1,2,Cardiology,4,16.62,7,11,8,6,107.8,SYNTHETIC_DEVELOPMENT
2660,2026-08-01,15,5,1,5,Dermatology,7,9.0,4,4,5,25,35.0,SYNTHETIC_DEVELOPMENT
2661,2026-08-01,16,5,0,2,Cardiology,3,19.25,3,7,4,24,56.2,SYNTHETIC_DEVELOPMENT
2662,2026-08-01,11,5,1,2,Cardiology,4,16.62,11,14,12,10,180.0,SYNTHETIC_DEVELOPMENT
2663,2026-08-01,11,5,1,1,General Medicine,1,11.5,9,12,10,12,127.3,SYNTHETIC_DEVELOPMENT
2664,2026-08-01,14,5,1,4,Orthopedics,6,14.5,7,12,8,20,108.3,SYNTHETIC_DEVELOPMENT
2665,2026-08-01,10,5,1,2,Cardiology,3,19.25,10,13,11,5,180.0,SYNTHETIC_DEVELOPMENT
2666,2026-08-01,13,5,0,5,Dermatology,7,9.0,7,9,8,11,56.5,SYNTHETIC_DEVELOPMENT
2667,2026-08-01,10,5,1,3,Pediatrics,5,13.65,8,10,9,12,130.3,SYNTHETIC_DEVELOPMENT
2668,2026-08-02,9,6,1,1,General Medicine,2,10.58,6,8,7,3,84.6,SYNTHETIC_DEVELOPMENT
2669,2026-08-02,12,6,0,2,Cardiology,3,19.25,2,2,3,7,32.6,SYNTHETIC_DEVELOPMENT
2670,2026-08-02,15,6,1,2,Cardiology,3,19.25,3,6,4,18,50.3,SYNTHETIC_DEVELOPMENT
2671,2026-08-02,13,6,0,5,Dermatology,7,9.0,2,6,3,20,18.4,SYNTHETIC_DEVELOPMENT
2672,2026-08-02,15,6,1,2,Cardiology,3,19.25,2,3,3,18,28.0,SYNTHETIC_DEVELOPMENT
2673,2026-08-02,9,6,1,2,Cardiology,4,16.62,1,1,2,1,16.3,SYNTHETIC_DEVELOPMENT
2674,2026-08-02,10,6,1,4,Orthopedics,6,14.5,5,6,6,8,75.2,SYNTHETIC_DEVELOPMENT
2675,2026-08-02,14,6,1,1,General Medicine,1,11.5,3,4,4,19,45.2,SYNTHETIC_DEVELOPMENT
2676,2026-08-02,15,6,1,5,Dermatology,7,9.0,3,6,4,29,34.1,SYNTHETIC_DEVELOPMENT
2677,2026-08-02,11,6,1,2,Cardiology,4,16.62,6,8,7,7,87.7,SYNTHETIC_DEVELOPMENT
2678,2026-08-02,10,6,1,3,Pediatrics,5,13.65,11,12,12,5,141.1,SYNTHETIC_DEVELOPMENT
2679,2026-08-02,11,6,1,4,Orthopedics,6,14.5,11,18,12,15,162.7,SYNTHETIC_DEVELOPMENT
2680,2026-08-02,14,6,1,1,General Medicine,2,10.58,4,11,5,19,45.8,SYNTHETIC_DEVELOPMENT
2681,2026-08-02,8,6,0,3,Pediatrics,5,13.65,2,6,3,0,32.3,SYNTHETIC_DEVELOPMENT
2682,2026-08-02,11,6,1,2,Cardiology,4,16.62,7,9,8,11,133.7,SYNTHETIC_DEVELOPMENT
2683,2026-08-02,15,6,1,2,Cardiology,3,19.25,5,5,6,17,96.7,SYNTHETIC_DEVELOPMENT
2684,2026-08-02,14,6,1,2,Cardiology,4,16.62,7,9,8,23,129.7,SYNTHETIC_DEVELOPMENT
2685,2026-08-02,11,6,1,2,Cardiology,3,19.25,9,13,10,10,180.0,SYNTHETIC_DEVELOPMENT
2686,2026-08-02,10,6,1,5,Dermatology,7,9.0,5,6,6,6,51.6,SYNTHETIC_DEVELOPMENT
2687,2026-08-02,9,6,1,4,Orthopedics,6,14.5,3,6,4,2,48.8,SYNTHETIC_DEVELOPMENT
2688,2026-08-02,10,6,1,4,Orthopedics,6,14.5,3,5,4,10,53.7,SYNTHETIC_DEVELOPMENT
2689,2026-08-02,17,6,0,5,Dermatology,7,9.0,1,3,2,33,10.9,SYNTHETIC_DEVELOPMENT
2690,2026-08-02,15,6,1,1,General Medicine,2,10.58,4,8,5,24,42.6,SYNTHETIC_DEVELOPMENT
2691,2026-08-02,16,6,0,3,Pediatrics,5,13.65,1,3,2,29,11.5,SYNTHETIC_DEVELOPMENT
2692,2026-08-02,11,6,1,1,General Medicine,1,11.5,7,9,8,6,84.7,SYNTHETIC_DEVELOPMENT
2693,2026-08-02,9,6,1,1,General Medicine,1,11.5,6,10,7,2,66.7,SYNTHETIC_DEVELOPMENT
2694,2026-08-02,15,6,1,1,General Medicine,2,10.58,3,4,4,28,39.0,SYNTHETIC_DEVELOPMENT
2695,2026-08-02,15,6,1,1,General Medicine,1,11.5,2,5,3,35,34.3,SYNTHETIC_DEVELOPMENT
2696,2026-08-02,15,6,1,5,Dermatology,7,9.0,5,7,6,30,55.0,SYNTHETIC_DEVELOPMENT
2697,2026-08-02,9,6,1,1,General Medicine,2,10.58,1,2,2,4,12.6,SYNTHETIC_DEVELOPMENT
2698,2026-08-02,8,6,0,2,Cardiology,3,19.25,2,8,3,0,41.9,SYNTHETIC_DEVELOPMENT
2699,2026-08-02,9,6,1,5,Dermatology,7,9.0,4,8,5,5,37.7,SYNTHETIC_DEVELOPMENT
2700,2026-08-02,13,6,0,2,Cardiology,4,16.62,3,4,4,24,44.7,SYNTHETIC_DEVELOPMENT
2701,2026-08-02,14,6,1,4,Orthopedics,6,14.5,5,8,6,21,63.1,SYNTHETIC_DEVELOPMENT
2702,2026-08-02,11,6,1,5,Dermatology,7,9.0,3,5,4,10,26.8,SYNTHETIC_DEVELOPMENT
2703,2026-08-02,11,6,1,1,General Medicine,1,11.5,7,10,8,11,88.5,SYNTHETIC_DEVELOPMENT
2704,2026-08-02,9,6,1,3,Pediatrics,5,13.65,5,8,6,1,81.8,SYNTHETIC_DEVELOPMENT
2705,2026-08-02,11,6,1,1,General Medicine,1,11.5,7,8,8,13,98.1,SYNTHETIC_DEVELOPMENT
2706,2026-08-02,11,6,1,1,General Medicine,2,10.58,4,7,5,8,48.5,SYNTHETIC_DEVELOPMENT
2707,2026-08-02,14,6,1,2,Cardiology,3,19.25,3,6,4,16,62.8,SYNTHETIC_DEVELOPMENT
2708,2026-08-02,9,6,1,2,Cardiology,3,19.25,4,8,5,2,84.9,SYNTHETIC_DEVELOPMENT
2709,2026-08-02,9,6,1,4,Orthopedics,6,14.5,7,9,8,3,112.2,SYNTHETIC_DEVELOPMENT
2710,2026-08-02,15,6,1,1,General Medicine,1,11.5,6,9,7,32,65.5,SYNTHETIC_DEVELOPMENT
2711,2026-08-02,14,6,1,3,Pediatrics,5,13.65,5,6,6,20,66.8,SYNTHETIC_DEVELOPMENT
2712,2026-08-02,11,6,1,3,Pediatrics,5,13.65,3,7,4,13,45.7,SYNTHETIC_DEVELOPMENT
2713,2026-08-02,11,6,1,2,Cardiology,4,16.62,6,7,7,11,112.5,SYNTHETIC_DEVELOPMENT
2714,2026-08-02,12,6,0,1,General Medicine,2,10.58,3,4,4,11,32.9,SYNTHETIC_DEVELOPMENT
2715,2026-08-02,12,6,0,1,General Medicine,2,10.58,1,2,2,13,16.2,SYNTHETIC_DEVELOPMENT
2716,2026-08-02,11,6,1,5,Dermatology,7,9.0,6,9,7,14,53.4,SYNTHETIC_DEVELOPMENT
2717,2026-08-02,10,6,1,2,Cardiology,3,19.25,9,10,10,8,180.0,SYNTHETIC_DEVELOPMENT
2718,2026-08-02,16,6,0,4,Orthopedics,6,14.5,5,8,6,26,72.1,SYNTHETIC_DEVELOPMENT
2719,2026-08-02,12,6,0,3,Pediatrics,5,13.65,2,3,3,13,33.4,SYNTHETIC_DEVELOPMENT
2720,2026-08-02,12,6,0,1,General Medicine,1,11.5,3,6,4,16,41.4,SYNTHETIC_DEVELOPMENT
2721,2026-08-02,10,6,1,2,Cardiology,4,16.62,2,4,3,8,22.5,SYNTHETIC_DEVELOPMENT
2722,2026-08-02,16,6,0,3,Pediatrics,5,13.65,5,8,6,23,66.9,SYNTHETIC_DEVELOPMENT
2723,2026-08-02,11,6,1,2,Cardiology,3,19.25,7,10,8,19,122.3,SYNTHETIC_DEVELOPMENT
2724,2026-08-02,10,6,1,1,General Medicine,1,11.5,3,4,4,5,39.5,SYNTHETIC_DEVELOPMENT
2725,2026-08-02,9,6,1,2,Cardiology,3,19.25,4,5,5,2,81.2,SYNTHETIC_DEVELOPMENT
2726,2026-08-02,11,6,1,4,Orthopedics,6,14.5,10,15,11,6,156.4,SYNTHETIC_DEVELOPMENT
2727,2026-08-02,14,6,1,2,Cardiology,4,16.62,4,8,5,14,106.0,SYNTHETIC_DEVELOPMENT
2728,2026-08-02,9,6,1,1,General Medicine,2,10.58,8,11,9,2,85.7,SYNTHETIC_DEVELOPMENT
2729,2026-08-02,8,6,0,4,Orthopedics,6,14.5,2,5,3,0,31.2,SYNTHETIC_DEVELOPMENT
2730,2026-08-02,14,6,1,3,Pediatrics,5,13.65,8,13,9,16,97.3,SYNTHETIC_DEVELOPMENT
2731,2026-08-02,15,6,1,4,Orthopedics,6,14.5,4,8,5,19,81.1,SYNTHETIC_DEVELOPMENT
2732,2026-08-02,16,6,0,4,Orthopedics,6,14.5,6,7,7,22,106.4,SYNTHETIC_DEVELOPMENT
2733,2026-08-02,11,6,1,2,Cardiology,4,16.62,7,8,8,10,128.4,SYNTHETIC_DEVELOPMENT
2734,2026-08-02,11,6,1,3,Pediatrics,5,13.65,9,12,10,11,144.4,SYNTHETIC_DEVELOPMENT
2735,2026-08-02,9,6,1,1,General Medicine,1,11.5,5,6,6,4,59.3,SYNTHETIC_DEVELOPMENT
2736,2026-08-02,10,6,1,4,Orthopedics,6,14.5,4,8,5,6,57.4,SYNTHETIC_DEVELOPMENT
2737,2026-08-02,9,6,1,2,Cardiology,3,19.25,5,8,6,2,120.6,SYNTHETIC_DEVELOPMENT
2738,2026-08-02,9,6,1,2,Cardiology,4,16.62,4,5,5,3,58.2,SYNTHETIC_DEVELOPMENT
2739,2026-08-02,11,6,1,4,Orthopedics,6,14.5,3,7,4,9,46.9,SYNTHETIC_DEVELOPMENT
2740,2026-08-02,10,6,1,1,General Medicine,1,11.5,2,3,3,2,24.4,SYNTHETIC_DEVELOPMENT
2741,2026-08-02,10,6,1,1,General Medicine,1,11.5,4,7,5,5,52.2,SYNTHETIC_DEVELOPMENT
2742,2026-08-02,14,6,1,3,Pediatrics,5,13.65,2,4,3,16,28.8,SYNTHETIC_DEVELOPMENT
2743,2026-08-02,9,6,1,3,Pediatrics,5,13.65,8,11,9,0,109.9,SYNTHETIC_DEVELOPMENT
2744,2026-08-02,12,6,0,1,General Medicine,1,11.5,5,8,6,14,62.6,SYNTHETIC_DEVELOPMENT
2745,2026-08-02,17,6,0,1,General Medicine,1,11.5,1,6,2,27,25.9,SYNTHETIC_DEVELOPMENT
2746,2026-08-02,13,6,0,1,General Medicine,2,10.58,3,7,4,11,30.7,SYNTHETIC_DEVELOPMENT
2747,2026-08-02,8,6,0,2,Cardiology,3,19.25,1,1,2,0,18.4,SYNTHETIC_DEVELOPMENT
2748,2026-08-02,17,6,0,2,Cardiology,3,19.25,4,7,5,30,74.7,SYNTHETIC_DEVELOPMENT
2749,2026-08-02,16,6,0,1,General Medicine,1,11.5,4,6,5,27,51.8,SYNTHETIC_DEVELOPMENT
2750,2026-08-02,12,6,0,1,General Medicine,2,10.58,2,5,3,20,28.5,SYNTHETIC_DEVELOPMENT
2751,2026-08-03,9,0,1,2,Cardiology,4,16.62,6,8,7,5,110.3,SYNTHETIC_DEVELOPMENT
2752,2026-08-03,11,0,1,2,Cardiology,3,19.25,5,6,6,11,111.3,SYNTHETIC_DEVELOPMENT
2753,2026-08-03,9,0,1,1,General Medicine,2,10.58,11,13,12,4,113.1,SYNTHETIC_DEVELOPMENT
2754,2026-08-03,11,0,1,3,Pediatrics,5,13.65,6,9,7,14,86.0,SYNTHETIC_DEVELOPMENT
2755,2026-08-03,11,0,1,5,Dermatology,7,9.0,12,16,13,9,111.1,SYNTHETIC_DEVELOPMENT
2756,2026-08-03,10,0,1,4,Orthopedics,6,14.5,7,9,8,4,111.3,SYNTHETIC_DEVELOPMENT
2757,2026-08-03,11,0,1,4,Orthopedics,6,14.5,7,10,8,9,91.3,SYNTHETIC_DEVELOPMENT
2758,2026-08-03,12,0,0,3,Pediatrics,5,13.65,6,7,7,15,82.7,SYNTHETIC_DEVELOPMENT
2759,2026-08-03,10,0,1,5,Dermatology,7,9.0,13,16,14,5,141.9,SYNTHETIC_DEVELOPMENT
2760,2026-08-03,9,0,1,5,Dermatology,7,9.0,7,8,8,2,72.7,SYNTHETIC_DEVELOPMENT
2761,2026-08-03,9,0,1,5,Dermatology,7,9.0,8,11,9,1,88.5,SYNTHETIC_DEVELOPMENT
2762,2026-08-03,15,0,1,2,Cardiology,3,19.25,10,13,11,16,180.0,SYNTHETIC_DEVELOPMENT
2763,2026-08-03,12,0,0,2,Cardiology,4,16.62,5,8,6,11,70.4,SYNTHETIC_DEVELOPMENT
2764,2026-08-03,15,0,1,4,Orthopedics,6,14.5,4,7,5,25,78.3,SYNTHETIC_DEVELOPMENT
2765,2026-08-03,17,0,0,1,General Medicine,1,11.5,5,5,6,35,64.2,SYNTHETIC_DEVELOPMENT
2766,2026-08-03,14,0,1,1,General Medicine,2,10.58,6,10,7,19,65.5,SYNTHETIC_DEVELOPMENT
2767,2026-08-03,14,0,1,4,Orthopedics,6,14.5,9,9,10,22,127.9,SYNTHETIC_DEVELOPMENT
2768,2026-08-03,11,0,1,3,Pediatrics,5,13.65,6,7,7,8,87.6,SYNTHETIC_DEVELOPMENT
2769,2026-08-03,9,0,1,1,General Medicine,2,10.58,10,11,11,2,107.9,SYNTHETIC_DEVELOPMENT
2770,2026-08-03,10,0,1,4,Orthopedics,6,14.5,7,13,8,10,113.5,SYNTHETIC_DEVELOPMENT
2771,2026-08-03,14,0,1,2,Cardiology,4,16.62,7,8,8,23,126.1,SYNTHETIC_DEVELOPMENT
2772,2026-08-03,9,0,1,4,Orthopedics,6,14.5,13,17,14,2,180.0,SYNTHETIC_DEVELOPMENT
2773,2026-08-03,10,0,1,3,Pediatrics,5,13.65,9,10,10,4,119.8,SYNTHETIC_DEVELOPMENT
2774,2026-08-03,12,0,0,2,Cardiology,4,16.62,5,6,6,12,69.3,SYNTHETIC_DEVELOPMENT
2775,2026-08-03,14,0,1,1,General Medicine,2,10.58,6,12,7,27,77.3,SYNTHETIC_DEVELOPMENT
2776,2026-08-03,16,0,0,2,Cardiology,4,16.62,5,6,6,27,94.2,SYNTHETIC_DEVELOPMENT
2777,2026-08-03,12,0,0,1,General Medicine,2,10.58,3,9,4,11,38.1,SYNTHETIC_DEVELOPMENT
2778,2026-08-03,11,0,1,1,General Medicine,2,10.58,6,9,7,8,78.6,SYNTHETIC_DEVELOPMENT
2779,2026-08-03,14,0,1,1,General Medicine,1,11.5,9,10,10,9,129.8,SYNTHETIC_DEVELOPMENT
2780,2026-08-03,11,0,1,4,Orthopedics,6,14.5,9,11,10,8,128.2,SYNTHETIC_DEVELOPMENT
2781,2026-08-03,15,0,1,1,General Medicine,2,10.58,7,10,8,15,82.8,SYNTHETIC_DEVELOPMENT
2782,2026-08-03,12,0,0,1,General Medicine,2,10.58,2,3,3,16,17.0,SYNTHETIC_DEVELOPMENT
2783,2026-08-03,12,0,0,5,Dermatology,7,9.0,5,9,6,11,52.8,SYNTHETIC_DEVELOPMENT
2784,2026-08-03,15,0,1,4,Orthopedics,6,14.5,8,9,9,19,134.8,SYNTHETIC_DEVELOPMENT
2785,2026-08-03,11,0,1,2,Cardiology,3,19.25,8,10,9,9,171.2,SYNTHETIC_DEVELOPMENT
2786,2026-08-03,11,0,1,1,General Medicine,2,10.58,8,10,9,7,86.7,SYNTHETIC_DEVELOPMENT
2787,2026-08-03,11,0,1,1,General Medicine,1,11.5,6,7,7,9,56.0,SYNTHETIC_DEVELOPMENT
2788,2026-08-03,13,0,0,1,General Medicine,2,10.58,4,7,5,15,44.5,SYNTHETIC_DEVELOPMENT
2789,2026-08-03,9,0,1,5,Dermatology,7,9.0,4,5,5,4,25.4,SYNTHETIC_DEVELOPMENT
2790,2026-08-03,9,0,1,5,Dermatology,7,9.0,7,10,8,3,90.4,SYNTHETIC_DEVELOPMENT
2791,2026-08-03,9,0,1,2,Cardiology,4,16.62,9,10,10,3,145.4,SYNTHETIC_DEVELOPMENT
2792,2026-08-03,16,0,0,2,Cardiology,3,19.25,9,10,10,35,180.0,SYNTHETIC_DEVELOPMENT
2793,2026-08-03,12,0,0,1,General Medicine,2,10.58,3,7,4,18,36.8,SYNTHETIC_DEVELOPMENT
2794,2026-08-03,10,0,1,2,Cardiology,4,16.62,8,10,9,9,144.0,SYNTHETIC_DEVELOPMENT
2795,2026-08-03,15,0,1,1,General Medicine,1,11.5,9,16,10,20,103.2,SYNTHETIC_DEVELOPMENT
2796,2026-08-03,10,0,1,5,Dermatology,7,9.0,5,8,6,4,41.6,SYNTHETIC_DEVELOPMENT
2797,2026-08-03,9,0,1,4,Orthopedics,6,14.5,9,11,10,3,130.1,SYNTHETIC_DEVELOPMENT
2798,2026-08-03,9,0,1,2,Cardiology,4,16.62,8,9,9,3,128.4,SYNTHETIC_DEVELOPMENT
2799,2026-08-03,10,0,1,1,General Medicine,1,11.5,6,6,7,5,72.1,SYNTHETIC_DEVELOPMENT
2800,2026-08-03,11,0,1,4,Orthopedics,6,14.5,9,12,10,13,147.1,SYNTHETIC_DEVELOPMENT
2801,2026-08-03,11,0,1,2,Cardiology,4,16.62,9,10,10,8,150.0,SYNTHETIC_DEVELOPMENT
2802,2026-08-03,15,0,1,3,Pediatrics,5,13.65,8,12,9,26,124.3,SYNTHETIC_DEVELOPMENT
2803,2026-08-03,14,0,1,1,General Medicine,2,10.58,5,6,6,15,46.3,SYNTHETIC_DEVELOPMENT
2804,2026-08-03,11,0,1,1,General Medicine,2,10.58,6,8,7,12,78.9,SYNTHETIC_DEVELOPMENT
2805,2026-08-03,9,0,1,1,General Medicine,1,11.5,9,14,10,1,121.3,SYNTHETIC_DEVELOPMENT
2806,2026-08-03,15,0,1,4,Orthopedics,6,14.5,3,7,4,26,50.8,SYNTHETIC_DEVELOPMENT
2807,2026-08-03,10,0,1,3,Pediatrics,5,13.65,8,11,9,10,116.3,SYNTHETIC_DEVELOPMENT
2808,2026-08-03,11,0,1,1,General Medicine,1,11.5,6,7,7,12,75.2,SYNTHETIC_DEVELOPMENT
2809,2026-08-03,9,0,1,5,Dermatology,7,9.0,7,8,8,2,58.0,SYNTHETIC_DEVELOPMENT
2810,2026-08-03,14,0,1,1,General Medicine,1,11.5,9,13,10,21,134.0,SYNTHETIC_DEVELOPMENT
2811,2026-08-03,11,0,1,2,Cardiology,4,16.62,8,11,9,7,145.1,SYNTHETIC_DEVELOPMENT
2812,2026-08-03,11,0,1,2,Cardiology,4,16.62,8,8,9,11,149.9,SYNTHETIC_DEVELOPMENT
2813,2026-08-03,9,0,1,3,Pediatrics,5,13.65,12,15,13,1,160.9,SYNTHETIC_DEVELOPMENT
2814,2026-08-03,14,0,1,2,Cardiology,3,19.25,12,16,13,14,180.0,SYNTHETIC_DEVELOPMENT
2815,2026-08-03,11,0,1,4,Orthopedics,6,14.5,6,6,7,7,100.1,SYNTHETIC_DEVELOPMENT
2816,2026-08-03,15,0,1,3,Pediatrics,5,13.65,11,13,12,29,165.4,SYNTHETIC_DEVELOPMENT
2817,2026-08-03,10,0,1,1,General Medicine,2,10.58,10,11,11,7,96.8,SYNTHETIC_DEVELOPMENT
2818,2026-08-03,12,0,0,4,Orthopedics,6,14.5,4,6,5,11,57.0,SYNTHETIC_DEVELOPMENT
2819,2026-08-03,10,0,1,5,Dermatology,7,9.0,9,9,10,5,85.8,SYNTHETIC_DEVELOPMENT
2820,2026-08-03,16,0,0,4,Orthopedics,6,14.5,5,10,6,27,74.4,SYNTHETIC_DEVELOPMENT
2821,2026-08-03,11,0,1,2,Cardiology,4,16.62,6,8,7,12,103.0,SYNTHETIC_DEVELOPMENT
2822,2026-08-03,11,0,1,2,Cardiology,4,16.62,12,14,13,12,180.0,SYNTHETIC_DEVELOPMENT
2823,2026-08-03,9,0,1,3,Pediatrics,5,13.65,12,14,13,4,159.5,SYNTHETIC_DEVELOPMENT
2824,2026-08-03,9,0,1,2,Cardiology,4,16.62,11,13,12,3,180.0,SYNTHETIC_DEVELOPMENT
2825,2026-08-03,14,0,1,3,Pediatrics,5,13.65,12,12,13,22,180.0,SYNTHETIC_DEVELOPMENT
2826,2026-08-03,9,0,1,4,Orthopedics,6,14.5,8,12,9,4,110.3,SYNTHETIC_DEVELOPMENT
2827,2026-08-03,9,0,1,4,Orthopedics,6,14.5,10,10,11,2,131.3,SYNTHETIC_DEVELOPMENT
2828,2026-08-03,15,0,1,4,Orthopedics,6,14.5,7,9,8,15,96.1,SYNTHETIC_DEVELOPMENT
2829,2026-08-03,10,0,1,5,Dermatology,7,9.0,8,11,9,7,70.5,SYNTHETIC_DEVELOPMENT
2830,2026-08-03,9,0,1,4,Orthopedics,6,14.5,5,10,6,2,90.8,SYNTHETIC_DEVELOPMENT
2831,2026-08-03,9,0,1,2,Cardiology,3,19.25,6,7,7,5,105.2,SYNTHETIC_DEVELOPMENT
2832,2026-08-03,9,0,1,4,Orthopedics,6,14.5,9,12,10,4,134.7,SYNTHETIC_DEVELOPMENT
2833,2026-08-03,15,0,1,1,General Medicine,1,11.5,7,10,8,22,101.3,SYNTHETIC_DEVELOPMENT
2834,2026-08-03,15,0,1,3,Pediatrics,5,13.65,8,12,9,25,122.6,SYNTHETIC_DEVELOPMENT
2835,2026-08-04,9,1,1,2,Cardiology,3,19.25,7,10,8,3,142.0,SYNTHETIC_DEVELOPMENT
2836,2026-08-04,13,1,0,2,Cardiology,3,19.25,4,7,5,10,92.7,SYNTHETIC_DEVELOPMENT
2837,2026-08-04,8,1,0,4,Orthopedics,6,14.5,4,4,5,0,67.9,SYNTHETIC_DEVELOPMENT
2838,2026-08-04,12,1,0,5,Dermatology,7,9.0,5,7,6,7,59.3,SYNTHETIC_DEVELOPMENT
2839,2026-08-04,9,1,1,1,General Medicine,2,10.58,7,9,8,2,73.3,SYNTHETIC_DEVELOPMENT
2840,2026-08-04,10,1,1,3,Pediatrics,5,13.65,8,10,9,12,114.3,SYNTHETIC_DEVELOPMENT
2841,2026-08-04,9,1,1,5,Dermatology,7,9.0,4,6,5,2,42.0,SYNTHETIC_DEVELOPMENT
2842,2026-08-04,11,1,1,4,Orthopedics,6,14.5,12,15,13,10,180.0,SYNTHETIC_DEVELOPMENT
2843,2026-08-04,10,1,1,4,Orthopedics,6,14.5,9,10,10,2,140.6,SYNTHETIC_DEVELOPMENT
2844,2026-08-04,9,1,1,5,Dermatology,7,9.0,8,9,9,2,80.5,SYNTHETIC_DEVELOPMENT
2845,2026-08-04,12,1,0,1,General Medicine,2,10.58,7,9,8,12,86.0,SYNTHETIC_DEVELOPMENT
2846,2026-08-04,14,1,1,3,Pediatrics,5,13.65,6,13,7,23,104.7,SYNTHETIC_DEVELOPMENT
2847,2026-08-04,10,1,1,4,Orthopedics,6,14.5,11,13,12,5,169.1,SYNTHETIC_DEVELOPMENT
2848,2026-08-04,14,1,1,3,Pediatrics,5,13.65,7,10,8,19,93.3,SYNTHETIC_DEVELOPMENT
2849,2026-08-04,12,1,0,2,Cardiology,4,16.62,4,7,5,10,75.8,SYNTHETIC_DEVELOPMENT
2850,2026-08-04,15,1,1,4,Orthopedics,6,14.5,6,8,7,21,92.8,SYNTHETIC_DEVELOPMENT
2851,2026-08-04,9,1,1,2,Cardiology,4,16.62,4,8,5,2,81.1,SYNTHETIC_DEVELOPMENT
2852,2026-08-04,12,1,0,5,Dermatology,7,9.0,3,5,4,16,28.9,SYNTHETIC_DEVELOPMENT
2853,2026-08-04,15,1,1,5,Dermatology,7,9.0,4,5,5,27,33.8,SYNTHETIC_DEVELOPMENT
2854,2026-08-04,9,1,1,3,Pediatrics,5,13.65,11,15,12,3,179.2,SYNTHETIC_DEVELOPMENT
2855,2026-08-04,12,1,0,1,General Medicine,2,10.58,2,6,3,18,29.9,SYNTHETIC_DEVELOPMENT
2856,2026-08-04,11,1,1,1,General Medicine,2,10.58,2,8,3,11,15.3,SYNTHETIC_DEVELOPMENT
2857,2026-08-04,10,1,1,2,Cardiology,4,16.62,6,14,7,8,109.6,SYNTHETIC_DEVELOPMENT
2858,2026-08-04,10,1,1,5,Dermatology,7,9.0,3,5,4,4,24.6,SYNTHETIC_DEVELOPMENT
2859,2026-08-04,12,1,0,1,General Medicine,1,11.5,5,8,6,13,55.7,SYNTHETIC_DEVELOPMENT
2860,2026-08-04,13,1,0,1,General Medicine,2,10.58,3,6,4,6,40.6,SYNTHETIC_DEVELOPMENT
2861,2026-08-04,12,1,0,5,Dermatology,7,9.0,5,6,6,20,47.8,SYNTHETIC_DEVELOPMENT
2862,2026-08-04,9,1,1,1,General Medicine,2,10.58,5,6,6,3,46.8,SYNTHETIC_DEVELOPMENT
2863,2026-08-04,10,1,1,3,Pediatrics,5,13.65,6,9,7,3,101.4,SYNTHETIC_DEVELOPMENT
2864,2026-08-04,15,1,1,4,Orthopedics,6,14.5,6,6,7,26,94.3,SYNTHETIC_DEVELOPMENT
2865,2026-08-04,9,1,1,2,Cardiology,4,16.62,4,6,5,3,59.2,SYNTHETIC_DEVELOPMENT
2866,2026-08-04,12,1,0,1,General Medicine,1,11.5,8,8,9,9,115.5,SYNTHETIC_DEVELOPMENT
2867,2026-08-04,15,1,1,3,Pediatrics,5,13.65,2,6,3,21,37.2,SYNTHETIC_DEVELOPMENT
2868,2026-08-04,9,1,1,4,Orthopedics,6,14.5,6,8,7,3,81.5,SYNTHETIC_DEVELOPMENT
2869,2026-08-04,14,1,1,4,Orthopedics,6,14.5,6,8,7,18,98.9,SYNTHETIC_DEVELOPMENT
2870,2026-08-04,9,1,1,1,General Medicine,1,11.5,6,7,7,5,66.6,SYNTHETIC_DEVELOPMENT
2871,2026-08-04,17,1,0,3,Pediatrics,5,13.65,3,4,4,25,39.6,SYNTHETIC_DEVELOPMENT
2872,2026-08-04,15,1,1,4,Orthopedics,6,14.5,12,12,13,20,180.0,SYNTHETIC_DEVELOPMENT
2873,2026-08-04,16,1,0,2,Cardiology,4,16.62,5,7,6,21,73.1,SYNTHETIC_DEVELOPMENT
2874,2026-08-04,14,1,1,2,Cardiology,4,16.62,10,13,11,22,164.5,SYNTHETIC_DEVELOPMENT
2875,2026-08-04,16,1,0,4,Orthopedics,6,14.5,0,3,1,28,2.8,SYNTHETIC_DEVELOPMENT
2876,2026-08-04,9,1,1,5,Dermatology,7,9.0,7,7,8,7,72.7,SYNTHETIC_DEVELOPMENT
2877,2026-08-04,15,1,1,2,Cardiology,3,19.25,8,11,9,18,159.6,SYNTHETIC_DEVELOPMENT
2878,2026-08-04,8,1,0,1,General Medicine,1,11.5,7,9,8,0,86.8,SYNTHETIC_DEVELOPMENT
2879,2026-08-04,15,1,1,2,Cardiology,3,19.25,10,11,11,18,180.0,SYNTHETIC_DEVELOPMENT
2880,2026-08-04,13,1,0,4,Orthopedics,6,14.5,4,5,5,15,54.0,SYNTHETIC_DEVELOPMENT
2881,2026-08-04,8,1,0,3,Pediatrics,5,13.65,4,8,5,1,75.2,SYNTHETIC_DEVELOPMENT
2882,2026-08-04,11,1,1,3,Pediatrics,5,13.65,9,12,10,16,132.8,SYNTHETIC_DEVELOPMENT
2883,2026-08-04,10,1,1,1,General Medicine,1,11.5,5,9,6,5,56.2,SYNTHETIC_DEVELOPMENT
2884,2026-08-04,8,1,0,1,General Medicine,2,10.58,4,4,5,2,54.5,SYNTHETIC_DEVELOPMENT
2885,2026-08-04,12,1,0,2,Cardiology,3,19.25,2,5,3,9,33.6,SYNTHETIC_DEVELOPMENT
2886,2026-08-04,12,1,0,3,Pediatrics,5,13.65,6,10,7,17,96.4,SYNTHETIC_DEVELOPMENT
2887,2026-08-04,10,1,1,3,Pediatrics,5,13.65,9,13,10,7,113.7,SYNTHETIC_DEVELOPMENT
2888,2026-08-04,15,1,1,1,General Medicine,2,10.58,4,5,5,27,35.2,SYNTHETIC_DEVELOPMENT
2889,2026-08-04,11,1,1,2,Cardiology,3,19.25,5,8,6,9,100.5,SYNTHETIC_DEVELOPMENT
2890,2026-08-04,14,1,1,2,Cardiology,4,16.62,5,5,6,26,79.9,SYNTHETIC_DEVELOPMENT
2891,2026-08-04,9,1,1,5,Dermatology,7,9.0,6,9,7,1,52.6,SYNTHETIC_DEVELOPMENT
2892,2026-08-04,12,1,0,4,Orthopedics,6,14.5,3,5,4,7,44.3,SYNTHETIC_DEVELOPMENT
2893,2026-08-04,10,1,1,2,Cardiology,4,16.62,3,4,4,7,40.4,SYNTHETIC_DEVELOPMENT
2894,2026-08-04,17,1,0,4,Orthopedics,6,14.5,1,5,2,35,17.2,SYNTHETIC_DEVELOPMENT
2895,2026-08-04,16,1,0,2,Cardiology,4,16.62,3,6,4,28,41.5,SYNTHETIC_DEVELOPMENT
2896,2026-08-04,10,1,1,5,Dermatology,7,9.0,3,3,4,9,25.9,SYNTHETIC_DEVELOPMENT
2897,2026-08-04,9,1,1,5,Dermatology,7,9.0,7,10,8,4,58.5,SYNTHETIC_DEVELOPMENT
2898,2026-08-04,11,1,1,1,General Medicine,1,11.5,5,8,6,18,67.6,SYNTHETIC_DEVELOPMENT
2899,2026-08-04,10,1,1,2,Cardiology,3,19.25,5,7,6,4,110.6,SYNTHETIC_DEVELOPMENT
2900,2026-08-04,9,1,1,2,Cardiology,4,16.62,5,11,6,5,75.6,SYNTHETIC_DEVELOPMENT
2901,2026-08-04,16,1,0,2,Cardiology,3,19.25,3,7,4,33,70.9,SYNTHETIC_DEVELOPMENT
2902,2026-08-04,14,1,1,1,General Medicine,2,10.58,8,15,9,15,89.8,SYNTHETIC_DEVELOPMENT
2903,2026-08-04,15,1,1,5,Dermatology,7,9.0,4,5,5,13,48.4,SYNTHETIC_DEVELOPMENT
2904,2026-08-04,10,1,1,3,Pediatrics,5,13.65,6,11,7,10,85.0,SYNTHETIC_DEVELOPMENT
2905,2026-08-04,15,1,1,4,Orthopedics,6,14.5,3,4,4,21,38.3,SYNTHETIC_DEVELOPMENT
2906,2026-08-04,11,1,1,1,General Medicine,1,11.5,4,8,5,8,61.3,SYNTHETIC_DEVELOPMENT
2907,2026-08-04,11,1,1,2,Cardiology,4,16.62,5,8,6,9,86.1,SYNTHETIC_DEVELOPMENT
2908,2026-08-04,14,1,1,5,Dermatology,7,9.0,7,11,8,16,63.4,SYNTHETIC_DEVELOPMENT
2909,2026-08-04,14,1,1,1,General Medicine,2,10.58,7,9,8,19,89.9,SYNTHETIC_DEVELOPMENT
2910,2026-08-04,10,1,1,3,Pediatrics,5,13.65,11,12,12,6,178.7,SYNTHETIC_DEVELOPMENT
2911,2026-08-04,16,1,0,1,General Medicine,2,10.58,2,3,3,30,24.5,SYNTHETIC_DEVELOPMENT
2912,2026-08-04,11,1,1,2,Cardiology,4,16.62,6,10,7,12,110.5,SYNTHETIC_DEVELOPMENT
2913,2026-08-04,9,1,1,2,Cardiology,3,19.25,6,13,7,2,130.5,SYNTHETIC_DEVELOPMENT
2914,2026-08-04,14,1,1,2,Cardiology,3,19.25,8,16,9,22,148.8,SYNTHETIC_DEVELOPMENT
2915,2026-08-04,9,1,1,1,General Medicine,2,10.58,5,9,6,3,60.4,SYNTHETIC_DEVELOPMENT
2916,2026-08-04,10,1,1,5,Dermatology,7,9.0,4,7,5,13,31.3,SYNTHETIC_DEVELOPMENT
2917,2026-08-04,9,1,1,1,General Medicine,2,10.58,12,15,13,3,161.3,SYNTHETIC_DEVELOPMENT
2918,2026-08-05,10,2,1,2,Cardiology,3,19.25,1,3,2,9,15.1,SYNTHETIC_DEVELOPMENT
2919,2026-08-05,16,2,0,2,Cardiology,3,19.25,3,4,4,31,53.6,SYNTHETIC_DEVELOPMENT
2920,2026-08-05,14,2,1,5,Dermatology,7,9.0,9,11,10,12,92.6,SYNTHETIC_DEVELOPMENT
2921,2026-08-05,12,2,0,3,Pediatrics,5,13.65,3,8,4,15,39.5,SYNTHETIC_DEVELOPMENT
2922,2026-08-05,17,2,0,5,Dermatology,7,9.0,2,5,3,34,19.9,SYNTHETIC_DEVELOPMENT
2923,2026-08-05,12,2,0,4,Orthopedics,6,14.5,3,6,4,15,51.5,SYNTHETIC_DEVELOPMENT
2924,2026-08-05,13,2,0,2,Cardiology,3,19.25,6,9,7,15,102.9,SYNTHETIC_DEVELOPMENT
2925,2026-08-05,11,2,1,3,Pediatrics,5,13.65,4,8,5,12,55.2,SYNTHETIC_DEVELOPMENT
2926,2026-08-05,11,2,1,1,General Medicine,1,11.5,7,9,8,12,80.9,SYNTHETIC_DEVELOPMENT
2927,2026-08-05,9,2,1,2,Cardiology,3,19.25,11,12,12,8,180.0,SYNTHETIC_DEVELOPMENT
2928,2026-08-05,9,2,1,2,Cardiology,3,19.25,6,10,7,3,117.3,SYNTHETIC_DEVELOPMENT
2929,2026-08-05,14,2,1,2,Cardiology,3,19.25,8,11,9,15,156.8,SYNTHETIC_DEVELOPMENT
2930,2026-08-05,11,2,1,2,Cardiology,3,19.25,6,7,7,7,116.8,SYNTHETIC_DEVELOPMENT
2931,2026-08-05,16,2,0,4,Orthopedics,6,14.5,3,4,4,27,51.1,SYNTHETIC_DEVELOPMENT
2932,2026-08-05,11,2,1,2,Cardiology,4,16.62,5,9,6,8,77.1,SYNTHETIC_DEVELOPMENT
2933,2026-08-05,10,2,1,2,Cardiology,3,19.25,6,6,7,1,111.1,SYNTHETIC_DEVELOPMENT
2934,2026-08-05,10,2,1,2,Cardiology,3,19.25,3,4,4,5,53.3,SYNTHETIC_DEVELOPMENT
2935,2026-08-05,12,2,0,4,Orthopedics,6,14.5,8,10,9,7,125.6,SYNTHETIC_DEVELOPMENT
2936,2026-08-05,14,2,1,5,Dermatology,7,9.0,5,9,6,18,47.9,SYNTHETIC_DEVELOPMENT
2937,2026-08-05,14,2,1,5,Dermatology,7,9.0,5,8,6,25,48.9,SYNTHETIC_DEVELOPMENT
2938,2026-08-05,10,2,1,4,Orthopedics,6,14.5,8,9,9,6,145.0,SYNTHETIC_DEVELOPMENT
2939,2026-08-05,14,2,1,1,General Medicine,2,10.58,8,10,9,21,93.0,SYNTHETIC_DEVELOPMENT
2940,2026-08-05,10,2,1,4,Orthopedics,6,14.5,7,9,8,7,113.5,SYNTHETIC_DEVELOPMENT
2941,2026-08-05,15,2,1,1,General Medicine,1,11.5,2,4,3,22,24.3,SYNTHETIC_DEVELOPMENT
2942,2026-08-05,15,2,1,2,Cardiology,4,16.62,7,9,8,20,108.4,SYNTHETIC_DEVELOPMENT
2943,2026-08-05,9,2,1,1,General Medicine,2,10.58,3,6,4,2,44.5,SYNTHETIC_DEVELOPMENT
2944,2026-08-05,10,2,1,3,Pediatrics,5,13.65,2,4,3,4,19.6,SYNTHETIC_DEVELOPMENT
2945,2026-08-05,10,2,1,2,Cardiology,3,19.25,9,11,10,4,180.0,SYNTHETIC_DEVELOPMENT
2946,2026-08-05,9,2,1,4,Orthopedics,6,14.5,5,6,6,1,63.4,SYNTHETIC_DEVELOPMENT
2947,2026-08-05,16,2,0,5,Dermatology,7,9.0,2,4,3,33,23.7,SYNTHETIC_DEVELOPMENT
2948,2026-08-05,15,2,1,1,General Medicine,2,10.58,7,9,8,22,79.3,SYNTHETIC_DEVELOPMENT
2949,2026-08-05,9,2,1,1,General Medicine,2,10.58,8,10,9,5,95.0,SYNTHETIC_DEVELOPMENT
2950,2026-08-05,15,2,1,1,General Medicine,2,10.58,11,13,12,19,121.1,SYNTHETIC_DEVELOPMENT
2951,2026-08-05,10,2,1,1,General Medicine,2,10.58,6,9,7,4,62.6,SYNTHETIC_DEVELOPMENT
2952,2026-08-05,12,2,0,3,Pediatrics,5,13.65,3,5,4,8,50.6,SYNTHETIC_DEVELOPMENT
2953,2026-08-05,11,2,1,1,General Medicine,1,11.5,9,12,10,7,97.1,SYNTHETIC_DEVELOPMENT
2954,2026-08-05,9,2,1,1,General Medicine,2,10.58,5,6,6,1,68.5,SYNTHETIC_DEVELOPMENT
2955,2026-08-05,15,2,1,1,General Medicine,2,10.58,3,7,4,24,42.4,SYNTHETIC_DEVELOPMENT
2956,2026-08-05,9,2,1,1,General Medicine,2,10.58,8,8,9,2,101.5,SYNTHETIC_DEVELOPMENT
2957,2026-08-05,16,2,0,2,Cardiology,4,16.62,4,5,5,31,51.6,SYNTHETIC_DEVELOPMENT
2958,2026-08-05,11,2,1,1,General Medicine,2,10.58,7,9,8,16,74.8,SYNTHETIC_DEVELOPMENT
2959,2026-08-05,14,2,1,5,Dermatology,7,9.0,8,10,9,21,80.2,SYNTHETIC_DEVELOPMENT
2960,2026-08-05,12,2,0,4,Orthopedics,6,14.5,7,12,8,11,101.2,SYNTHETIC_DEVELOPMENT
2961,2026-08-05,10,2,1,5,Dermatology,7,9.0,6,11,7,2,71.5,SYNTHETIC_DEVELOPMENT
2962,2026-08-05,10,2,1,2,Cardiology,4,16.62,7,10,8,6,135.2,SYNTHETIC_DEVELOPMENT
2963,2026-08-05,11,2,1,3,Pediatrics,5,13.65,6,9,7,13,83.1,SYNTHETIC_DEVELOPMENT
2964,2026-08-05,10,2,1,1,General Medicine,1,11.5,5,6,6,8,52.7,SYNTHETIC_DEVELOPMENT
2965,2026-08-05,17,2,0,1,General Medicine,2,10.58,1,3,2,25,6.2,SYNTHETIC_DEVELOPMENT
2966,2026-08-05,11,2,1,5,Dermatology,7,9.0,9,12,10,11,100.0,SYNTHETIC_DEVELOPMENT
2967,2026-08-05,13,2,0,3,Pediatrics,5,13.65,3,5,4,9,44.7,SYNTHETIC_DEVELOPMENT
2968,2026-08-05,16,2,0,1,General Medicine,2,10.58,3,6,4,22,32.0,SYNTHETIC_DEVELOPMENT
2969,2026-08-05,8,2,0,1,General Medicine,2,10.58,3,8,4,0,32.1,SYNTHETIC_DEVELOPMENT
2970,2026-08-05,11,2,1,3,Pediatrics,5,13.65,4,6,5,10,51.4,SYNTHETIC_DEVELOPMENT
2971,2026-08-05,9,2,1,1,General Medicine,1,11.5,3,6,4,4,38.7,SYNTHETIC_DEVELOPMENT
2972,2026-08-05,11,2,1,4,Orthopedics,6,14.5,6,7,7,12,84.1,SYNTHETIC_DEVELOPMENT
2973,2026-08-05,11,2,1,4,Orthopedics,6,14.5,6,9,7,10,112.6,SYNTHETIC_DEVELOPMENT
2974,2026-08-05,11,2,1,3,Pediatrics,5,13.65,5,12,6,8,72.5,SYNTHETIC_DEVELOPMENT
2975,2026-08-05,10,2,1,4,Orthopedics,6,14.5,5,8,6,3,70.9,SYNTHETIC_DEVELOPMENT
2976,2026-08-05,11,2,1,4,Orthopedics,6,14.5,6,9,7,8,93.2,SYNTHETIC_DEVELOPMENT
2977,2026-08-05,16,2,0,4,Orthopedics,6,14.5,2,3,3,18,32.3,SYNTHETIC_DEVELOPMENT
2978,2026-08-05,10,2,1,1,General Medicine,1,11.5,7,7,8,7,91.5,SYNTHETIC_DEVELOPMENT
2979,2026-08-05,10,2,1,3,Pediatrics,5,13.65,5,9,6,5,73.5,SYNTHETIC_DEVELOPMENT
2980,2026-08-05,9,2,1,5,Dermatology,7,9.0,9,11,10,5,106.2,SYNTHETIC_DEVELOPMENT
2981,2026-08-05,11,2,1,1,General Medicine,2,10.58,6,6,7,12,50.4,SYNTHETIC_DEVELOPMENT
2982,2026-08-05,10,2,1,5,Dermatology,7,9.0,8,9,9,6,82.4,SYNTHETIC_DEVELOPMENT
2983,2026-08-05,11,2,1,4,Orthopedics,6,14.5,9,13,10,10,147.9,SYNTHETIC_DEVELOPMENT
2984,2026-08-05,9,2,1,3,Pediatrics,5,13.65,4,8,5,2,66.6,SYNTHETIC_DEVELOPMENT
2985,2026-08-05,11,2,1,5,Dermatology,7,9.0,8,9,9,13,79.7,SYNTHETIC_DEVELOPMENT
2986,2026-08-05,10,2,1,2,Cardiology,4,16.62,6,7,7,1,91.3,SYNTHETIC_DEVELOPMENT
2987,2026-08-05,8,2,0,4,Orthopedics,6,14.5,6,6,7,0,91.3,SYNTHETIC_DEVELOPMENT
2988,2026-08-05,11,2,1,2,Cardiology,3,19.25,3,5,4,9,46.2,SYNTHETIC_DEVELOPMENT
2989,2026-08-05,15,2,1,5,Dermatology,7,9.0,5,9,6,19,41.9,SYNTHETIC_DEVELOPMENT
2990,2026-08-05,9,2,1,3,Pediatrics,5,13.65,12,15,13,1,164.3,SYNTHETIC_DEVELOPMENT
2991,2026-08-05,10,2,1,4,Orthopedics,6,14.5,6,10,7,4,87.9,SYNTHETIC_DEVELOPMENT
2992,2026-08-05,15,2,1,3,Pediatrics,5,13.65,7,10,8,21,116.4,SYNTHETIC_DEVELOPMENT
2993,2026-08-05,12,2,0,1,General Medicine,1,11.5,7,10,8,13,75.8,SYNTHETIC_DEVELOPMENT
2994,2026-08-05,10,2,1,2,Cardiology,3,19.25,6,6,7,11,111.3,SYNTHETIC_DEVELOPMENT
2995,2026-08-05,12,2,0,5,Dermatology,7,9.0,5,6,6,11,61.9,SYNTHETIC_DEVELOPMENT
2996,2026-08-05,12,2,0,5,Dermatology,7,9.0,7,8,8,10,75.5,SYNTHETIC_DEVELOPMENT
2997,2026-08-05,15,2,1,5,Dermatology,7,9.0,10,14,11,23,103.2,SYNTHETIC_DEVELOPMENT
2998,2026-08-05,16,2,0,3,Pediatrics,5,13.65,2,4,3,29,28.3,SYNTHETIC_DEVELOPMENT
2999,2026-08-05,9,2,1,1,General Medicine,1,11.5,5,12,6,4,55.9,SYNTHETIC_DEVELOPMENT
3000,2026-08-05,14,2,1,2,Cardiology,3,19.25,7,11,8,18,152.9,SYNTHETIC_DEVELOPMENT
3001,2026-08-06,16,3,0,3,Pediatrics,5,13.65,4,7,5,21,53.6,SYNTHETIC_DEVELOPMENT
3002,2026-08-06,11,3,1,1,General Medicine,2,10.58,6,8,7,7,83.1,SYNTHETIC_DEVELOPMENT
3003,2026-08-06,10,3,1,5,Dermatology,7,9.0,13,15,14,6,114.3,SYNTHETIC_DEVELOPMENT
3004,2026-08-06,11,3,1,3,Pediatrics,5,13.65,9,12,10,7,119.3,SYNTHETIC_DEVELOPMENT
3005,2026-08-06,17,3,0,3,Pediatrics,5,13.65,3,5,4,30,35.0,SYNTHETIC_DEVELOPMENT
3006,2026-08-06,15,3,1,1,General Medicine,1,11.5,10,14,11,24,129.6,SYNTHETIC_DEVELOPMENT
3007,2026-08-06,10,3,1,2,Cardiology,3,19.25,3,5,4,9,74.2,SYNTHETIC_DEVELOPMENT
3008,2026-08-06,10,3,1,2,Cardiology,4,16.62,6,11,7,6,97.2,SYNTHETIC_DEVELOPMENT
3009,2026-08-06,14,3,1,2,Cardiology,4,16.62,8,13,9,19,143.8,SYNTHETIC_DEVELOPMENT
3010,2026-08-06,10,3,1,2,Cardiology,4,16.62,8,10,9,4,126.5,SYNTHETIC_DEVELOPMENT
3011,2026-08-06,9,3,1,3,Pediatrics,5,13.65,5,8,6,4,86.3,SYNTHETIC_DEVELOPMENT
3012,2026-08-06,17,3,0,1,General Medicine,1,11.5,3,3,4,18,23.8,SYNTHETIC_DEVELOPMENT
3013,2026-08-06,11,3,1,5,Dermatology,7,9.0,7,10,8,11,67.1,SYNTHETIC_DEVELOPMENT
3014,2026-08-06,12,3,0,2,Cardiology,4,16.62,0,5,1,15,2.7,SYNTHETIC_DEVELOPMENT
3015,2026-08-06,10,3,1,2,Cardiology,3,19.25,6,8,7,8,131.6,SYNTHETIC_DEVELOPMENT
3016,2026-08-06,10,3,1,3,Pediatrics,5,13.65,2,6,3,7,21.1,SYNTHETIC_DEVELOPMENT
3017,2026-08-06,15,3,1,4,Orthopedics,6,14.5,8,10,9,13,115.3,SYNTHETIC_DEVELOPMENT
3018,2026-08-06,11,3,1,1,General Medicine,1,11.5,7,9,8,5,87.1,SYNTHETIC_DEVELOPMENT
3019,2026-08-06,14,3,1,4,Orthopedics,6,14.5,9,10,10,27,149.0,SYNTHETIC_DEVELOPMENT
3020,2026-08-06,8,3,0,3,Pediatrics,5,13.65,2,6,3,0,21.5,SYNTHETIC_DEVELOPMENT
3021,2026-08-06,12,3,0,1,General Medicine,2,10.58,4,5,5,15,50.6,SYNTHETIC_DEVELOPMENT
3022,2026-08-06,10,3,1,5,Dermatology,7,9.0,5,7,6,5,41.3,SYNTHETIC_DEVELOPMENT
3023,2026-08-06,14,3,1,3,Pediatrics,5,13.65,5,7,6,17,92.1,SYNTHETIC_DEVELOPMENT
3024,2026-08-06,14,3,1,1,General Medicine,2,10.58,8,10,9,17,89.6,SYNTHETIC_DEVELOPMENT
3025,2026-08-06,8,3,0,3,Pediatrics,5,13.65,6,10,7,0,84.2,SYNTHETIC_DEVELOPMENT
3026,2026-08-06,9,3,1,2,Cardiology,4,16.62,5,7,6,7,77.4,SYNTHETIC_DEVELOPMENT
3027,2026-08-06,9,3,1,3,Pediatrics,5,13.65,4,6,5,2,56.8,SYNTHETIC_DEVELOPMENT
3028,2026-08-06,10,3,1,1,General Medicine,2,10.58,8,9,9,9,105.2,SYNTHETIC_DEVELOPMENT
3029,2026-08-06,14,3,1,4,Orthopedics,6,14.5,9,11,10,19,167.5,SYNTHETIC_DEVELOPMENT
3030,2026-08-06,10,3,1,2,Cardiology,3,19.25,7,11,8,3,141.1,SYNTHETIC_DEVELOPMENT
3031,2026-08-06,11,3,1,2,Cardiology,3,19.25,3,5,4,10,67.5,SYNTHETIC_DEVELOPMENT
3032,2026-08-06,11,3,1,1,General Medicine,2,10.58,8,10,9,10,99.9,SYNTHETIC_DEVELOPMENT
3033,2026-08-06,11,3,1,2,Cardiology,3,19.25,5,9,6,6,105.6,SYNTHETIC_DEVELOPMENT
3034,2026-08-06,11,3,1,3,Pediatrics,5,13.65,2,5,3,11,35.8,SYNTHETIC_DEVELOPMENT
3035,2026-08-06,8,3,0,2,Cardiology,4,16.62,3,5,4,0,54.5,SYNTHETIC_DEVELOPMENT
3036,2026-08-06,14,3,1,3,Pediatrics,5,13.65,6,7,7,14,96.4,SYNTHETIC_DEVELOPMENT
3037,2026-08-06,14,3,1,2,Cardiology,3,19.25,9,11,10,24,170.6,SYNTHETIC_DEVELOPMENT
3038,2026-08-06,14,3,1,3,Pediatrics,5,13.65,9,12,10,23,130.5,SYNTHETIC_DEVELOPMENT
3039,2026-08-06,11,3,1,1,General Medicine,2,10.58,10,12,11,16,95.0,SYNTHETIC_DEVELOPMENT
3040,2026-08-06,11,3,1,1,General Medicine,1,11.5,7,8,8,10,98.4,SYNTHETIC_DEVELOPMENT
3041,2026-08-06,10,3,1,1,General Medicine,1,11.5,6,9,7,8,67.7,SYNTHETIC_DEVELOPMENT
3042,2026-08-06,9,3,1,2,Cardiology,4,16.62,7,9,8,3,95.9,SYNTHETIC_DEVELOPMENT
3043,2026-08-06,14,3,1,1,General Medicine,2,10.58,6,11,7,17,61.4,SYNTHETIC_DEVELOPMENT
3044,2026-08-06,11,3,1,3,Pediatrics,5,13.65,3,3,4,3,48.3,SYNTHETIC_DEVELOPMENT
3045,2026-08-06,16,3,0,1,General Medicine,1,11.5,1,4,2,23,19.8,SYNTHETIC_DEVELOPMENT
3046,2026-08-06,9,3,1,1,General Medicine,2,10.58,7,12,8,3,74.9,SYNTHETIC_DEVELOPMENT
3047,2026-08-06,14,3,1,1,General Medicine,1,11.5,5,6,6,21,71.4,SYNTHETIC_DEVELOPMENT
3048,2026-08-06,8,3,0,2,Cardiology,4,16.62,12,16,13,0,180.0,SYNTHETIC_DEVELOPMENT
3049,2026-08-06,14,3,1,4,Orthopedics,6,14.5,3,7,4,15,60.4,SYNTHETIC_DEVELOPMENT
3050,2026-08-06,12,3,0,2,Cardiology,4,16.62,3,7,4,10,55.2,SYNTHETIC_DEVELOPMENT
3051,2026-08-06,14,3,1,5,Dermatology,7,9.0,9,10,10,16,106.7,SYNTHETIC_DEVELOPMENT
3052,2026-08-06,11,3,1,1,General Medicine,2,10.58,3,5,4,9,38.3,SYNTHETIC_DEVELOPMENT
3053,2026-08-06,11,3,1,1,General Medicine,2,10.58,4,7,5,8,47.9,SYNTHETIC_DEVELOPMENT
3054,2026-08-06,11,3,1,1,General Medicine,1,11.5,12,15,13,14,134.1,SYNTHETIC_DEVELOPMENT
3055,2026-08-06,11,3,1,3,Pediatrics,5,13.65,6,10,7,10,94.3,SYNTHETIC_DEVELOPMENT
3056,2026-08-06,14,3,1,5,Dermatology,7,9.0,10,11,11,19,123.4,SYNTHETIC_DEVELOPMENT
3057,2026-08-06,9,3,1,4,Orthopedics,6,14.5,7,12,8,3,102.0,SYNTHETIC_DEVELOPMENT
3058,2026-08-06,16,3,0,1,General Medicine,2,10.58,5,7,6,21,46.5,SYNTHETIC_DEVELOPMENT
3059,2026-08-06,9,3,1,5,Dermatology,7,9.0,4,8,5,2,48.8,SYNTHETIC_DEVELOPMENT
3060,2026-08-06,10,3,1,1,General Medicine,2,10.58,3,5,4,9,36.2,SYNTHETIC_DEVELOPMENT
3061,2026-08-06,12,3,0,5,Dermatology,7,9.0,0,3,1,16,1.6,SYNTHETIC_DEVELOPMENT
3062,2026-08-06,11,3,1,5,Dermatology,7,9.0,5,6,6,15,51.3,SYNTHETIC_DEVELOPMENT
3063,2026-08-06,11,3,1,1,General Medicine,1,11.5,3,7,4,8,27.1,SYNTHETIC_DEVELOPMENT
3064,2026-08-06,13,3,0,4,Orthopedics,6,14.5,4,6,5,21,53.9,SYNTHETIC_DEVELOPMENT
3065,2026-08-06,10,3,1,2,Cardiology,3,19.25,5,5,6,10,101.0,SYNTHETIC_DEVELOPMENT
3066,2026-08-06,9,3,1,1,General Medicine,2,10.58,7,9,8,1,84.1,SYNTHETIC_DEVELOPMENT
3067,2026-08-06,13,3,0,1,General Medicine,1,11.5,1,3,2,9,17.0,SYNTHETIC_DEVELOPMENT
3068,2026-08-06,11,3,1,1,General Medicine,2,10.58,6,7,7,6,85.4,SYNTHETIC_DEVELOPMENT
3069,2026-08-06,16,3,0,2,Cardiology,3,19.25,6,10,7,26,117.9,SYNTHETIC_DEVELOPMENT
3070,2026-08-06,9,3,1,3,Pediatrics,5,13.65,6,11,7,6,108.2,SYNTHETIC_DEVELOPMENT
3071,2026-08-06,14,3,1,4,Orthopedics,6,14.5,5,5,6,21,84.4,SYNTHETIC_DEVELOPMENT
3072,2026-08-06,9,3,1,2,Cardiology,3,19.25,3,9,4,1,70.6,SYNTHETIC_DEVELOPMENT
3073,2026-08-06,10,3,1,2,Cardiology,4,16.62,8,11,9,6,125.5,SYNTHETIC_DEVELOPMENT
3074,2026-08-06,9,3,1,1,General Medicine,2,10.58,2,4,3,5,21.5,SYNTHETIC_DEVELOPMENT
3075,2026-08-06,10,3,1,2,Cardiology,4,16.62,3,4,4,6,61.0,SYNTHETIC_DEVELOPMENT
3076,2026-08-06,15,3,1,3,Pediatrics,5,13.65,2,3,3,23,33.4,SYNTHETIC_DEVELOPMENT
3077,2026-08-06,17,3,0,1,General Medicine,2,10.58,1,4,2,30,14.3,SYNTHETIC_DEVELOPMENT
3078,2026-08-06,11,3,1,2,Cardiology,4,16.62,3,6,4,9,74.6,SYNTHETIC_DEVELOPMENT
3079,2026-08-06,16,3,0,1,General Medicine,2,10.58,3,5,4,32,40.1,SYNTHETIC_DEVELOPMENT
3080,2026-08-06,9,3,1,5,Dermatology,7,9.0,4,6,5,0,42.7,SYNTHETIC_DEVELOPMENT
3081,2026-08-06,11,3,1,3,Pediatrics,5,13.65,7,9,8,5,100.8,SYNTHETIC_DEVELOPMENT
3082,2026-08-06,9,3,1,1,General Medicine,2,10.58,4,8,5,2,39.8,SYNTHETIC_DEVELOPMENT
3083,2026-08-06,9,3,1,5,Dermatology,7,9.0,3,7,4,2,33.9,SYNTHETIC_DEVELOPMENT
3084,2026-08-06,10,3,1,2,Cardiology,3,19.25,8,10,9,4,152.7,SYNTHETIC_DEVELOPMENT
3085,2026-08-07,15,4,1,5,Dermatology,7,9.0,3,8,4,14,39.2,SYNTHETIC_DEVELOPMENT
3086,2026-08-07,13,4,0,3,Pediatrics,5,13.65,4,5,5,22,62.7,SYNTHETIC_DEVELOPMENT
3087,2026-08-07,11,4,1,3,Pediatrics,5,13.65,8,9,9,10,107.8,SYNTHETIC_DEVELOPMENT
3088,2026-08-07,15,4,1,4,Orthopedics,6,14.5,1,5,2,15,11.1,SYNTHETIC_DEVELOPMENT
3089,2026-08-07,11,4,1,2,Cardiology,4,16.62,9,14,10,6,142.1,SYNTHETIC_DEVELOPMENT
3090,2026-08-07,16,4,0,2,Cardiology,4,16.62,3,5,4,23,47.3,SYNTHETIC_DEVELOPMENT
3091,2026-08-07,10,4,1,1,General Medicine,2,10.58,6,8,7,7,72.6,SYNTHETIC_DEVELOPMENT
3092,2026-08-07,8,4,0,4,Orthopedics,6,14.5,4,6,5,0,55.3,SYNTHETIC_DEVELOPMENT
3093,2026-08-07,9,4,1,5,Dermatology,7,9.0,2,4,3,3,16.3,SYNTHETIC_DEVELOPMENT
3094,2026-08-07,16,4,0,3,Pediatrics,5,13.65,8,11,9,29,129.6,SYNTHETIC_DEVELOPMENT
3095,2026-08-07,10,4,1,1,General Medicine,1,11.5,7,8,8,4,83.3,SYNTHETIC_DEVELOPMENT
3096,2026-08-07,12,4,0,2,Cardiology,3,19.25,2,4,3,7,38.9,SYNTHETIC_DEVELOPMENT
3097,2026-08-07,10,4,1,4,Orthopedics,6,14.5,8,11,9,6,106.8,SYNTHETIC_DEVELOPMENT
3098,2026-08-07,14,4,1,2,Cardiology,3,19.25,6,7,7,15,126.2,SYNTHETIC_DEVELOPMENT
3099,2026-08-07,14,4,1,1,General Medicine,1,11.5,5,7,6,18,58.9,SYNTHETIC_DEVELOPMENT
3100,2026-08-07,9,4,1,2,Cardiology,3,19.25,7,13,8,3,131.9,SYNTHETIC_DEVELOPMENT
3101,2026-08-07,11,4,1,5,Dermatology,7,9.0,8,11,9,12,70.4,SYNTHETIC_DEVELOPMENT
3102,2026-08-07,9,4,1,5,Dermatology,7,9.0,2,5,3,1,18.2,SYNTHETIC_DEVELOPMENT
3103,2026-08-07,10,4,1,2,Cardiology,3,19.25,8,8,9,4,124.8,SYNTHETIC_DEVELOPMENT
3104,2026-08-07,9,4,1,5,Dermatology,7,9.0,14,19,15,4,139.0,SYNTHETIC_DEVELOPMENT
3105,2026-08-07,12,4,0,5,Dermatology,7,9.0,1,4,2,10,9.4,SYNTHETIC_DEVELOPMENT
3106,2026-08-07,16,4,0,2,Cardiology,4,16.62,2,3,3,24,42.4,SYNTHETIC_DEVELOPMENT
3107,2026-08-07,10,4,1,4,Orthopedics,6,14.5,5,5,6,2,69.1,SYNTHETIC_DEVELOPMENT
3108,2026-08-07,9,4,1,5,Dermatology,7,9.0,4,7,5,3,43.6,SYNTHETIC_DEVELOPMENT
3109,2026-08-07,10,4,1,4,Orthopedics,6,14.5,5,8,6,7,66.7,SYNTHETIC_DEVELOPMENT
3110,2026-08-07,14,4,1,4,Orthopedics,6,14.5,9,11,10,13,109.2,SYNTHETIC_DEVELOPMENT
3111,2026-08-07,10,4,1,1,General Medicine,1,11.5,3,5,4,9,30.9,SYNTHETIC_DEVELOPMENT
3112,2026-08-07,13,4,0,1,General Medicine,2,10.58,7,9,8,19,72.4,SYNTHETIC_DEVELOPMENT
3113,2026-08-07,9,4,1,1,General Medicine,1,11.5,7,8,8,7,98.0,SYNTHETIC_DEVELOPMENT
3114,2026-08-07,14,4,1,2,Cardiology,4,16.62,3,4,4,17,53.3,SYNTHETIC_DEVELOPMENT
3115,2026-08-07,12,4,0,5,Dermatology,7,9.0,5,6,6,12,48.2,SYNTHETIC_DEVELOPMENT
3116,2026-08-07,12,4,0,5,Dermatology,7,9.0,3,7,4,13,40.2,SYNTHETIC_DEVELOPMENT
3117,2026-08-07,11,4,1,3,Pediatrics,5,13.65,5,11,6,11,76.3,SYNTHETIC_DEVELOPMENT
3118,2026-08-07,9,4,1,3,Pediatrics,5,13.65,4,7,5,5,48.6,SYNTHETIC_DEVELOPMENT
3119,2026-08-07,8,4,0,4,Orthopedics,6,14.5,3,4,4,0,58.7,SYNTHETIC_DEVELOPMENT
3120,2026-08-07,10,4,1,2,Cardiology,3,19.25,2,5,3,4,46.6,SYNTHETIC_DEVELOPMENT
3121,2026-08-07,11,4,1,4,Orthopedics,6,14.5,3,5,4,10,41.8,SYNTHETIC_DEVELOPMENT
3122,2026-08-07,8,4,0,1,General Medicine,2,10.58,6,9,7,1,60.8,SYNTHETIC_DEVELOPMENT
3123,2026-08-07,14,4,1,1,General Medicine,1,11.5,9,15,10,19,121.8,SYNTHETIC_DEVELOPMENT
3124,2026-08-07,12,4,0,3,Pediatrics,5,13.65,4,4,5,15,46.4,SYNTHETIC_DEVELOPMENT
3125,2026-08-07,9,4,1,5,Dermatology,7,9.0,4,7,5,4,39.5,SYNTHETIC_DEVELOPMENT
3126,2026-08-07,10,4,1,4,Orthopedics,6,14.5,9,12,10,9,142.1,SYNTHETIC_DEVELOPMENT
3127,2026-08-07,14,4,1,5,Dermatology,7,9.0,7,11,8,18,63.5,SYNTHETIC_DEVELOPMENT
3128,2026-08-07,10,4,1,5,Dermatology,7,9.0,6,7,7,5,50.4,SYNTHETIC_DEVELOPMENT
3129,2026-08-07,13,4,0,5,Dermatology,7,9.0,5,8,6,19,47.4,SYNTHETIC_DEVELOPMENT
3130,2026-08-07,11,4,1,4,Orthopedics,6,14.5,4,7,5,11,56.8,SYNTHETIC_DEVELOPMENT
3131,2026-08-07,11,4,1,1,General Medicine,1,11.5,4,4,5,5,48.0,SYNTHETIC_DEVELOPMENT
3132,2026-08-07,16,4,0,5,Dermatology,7,9.0,6,10,7,25,58.3,SYNTHETIC_DEVELOPMENT
3133,2026-08-07,11,4,1,1,General Medicine,1,11.5,4,4,5,11,59.1,SYNTHETIC_DEVELOPMENT
3134,2026-08-07,12,4,0,1,General Medicine,2,10.58,3,8,4,12,32.5,SYNTHETIC_DEVELOPMENT
3135,2026-08-07,11,4,1,1,General Medicine,2,10.58,5,6,6,15,54.9,SYNTHETIC_DEVELOPMENT
3136,2026-08-07,12,4,0,4,Orthopedics,6,14.5,3,3,4,14,43.2,SYNTHETIC_DEVELOPMENT
3137,2026-08-07,9,4,1,1,General Medicine,2,10.58,6,8,7,4,77.6,SYNTHETIC_DEVELOPMENT
3138,2026-08-07,11,4,1,2,Cardiology,3,19.25,8,11,9,17,168.1,SYNTHETIC_DEVELOPMENT
3139,2026-08-07,15,4,1,1,General Medicine,1,11.5,6,6,7,23,74.3,SYNTHETIC_DEVELOPMENT
3140,2026-08-07,9,4,1,3,Pediatrics,5,13.65,6,7,7,2,95.1,SYNTHETIC_DEVELOPMENT
3141,2026-08-07,10,4,1,2,Cardiology,3,19.25,5,6,6,8,92.9,SYNTHETIC_DEVELOPMENT
3142,2026-08-07,14,4,1,3,Pediatrics,5,13.65,5,9,6,12,68.0,SYNTHETIC_DEVELOPMENT
3143,2026-08-07,11,4,1,4,Orthopedics,6,14.5,4,5,5,12,69.2,SYNTHETIC_DEVELOPMENT
3144,2026-08-07,10,4,1,5,Dermatology,7,9.0,3,6,4,7,25.0,SYNTHETIC_DEVELOPMENT
3145,2026-08-07,14,4,1,1,General Medicine,2,10.58,6,9,7,26,82.1,SYNTHETIC_DEVELOPMENT
3146,2026-08-07,9,4,1,1,General Medicine,2,10.58,5,6,6,1,57.8,SYNTHETIC_DEVELOPMENT
3147,2026-08-07,11,4,1,1,General Medicine,1,11.5,10,10,11,5,134.4,SYNTHETIC_DEVELOPMENT
3148,2026-08-07,14,4,1,3,Pediatrics,5,13.65,7,12,8,18,90.6,SYNTHETIC_DEVELOPMENT
3149,2026-08-07,10,4,1,3,Pediatrics,5,13.65,9,9,10,5,113.9,SYNTHETIC_DEVELOPMENT
3150,2026-08-07,11,4,1,2,Cardiology,3,19.25,7,11,8,13,154.9,SYNTHETIC_DEVELOPMENT
3151,2026-08-07,12,4,0,1,General Medicine,1,11.5,7,10,8,8,85.6,SYNTHETIC_DEVELOPMENT
3152,2026-08-07,15,4,1,5,Dermatology,7,9.0,5,10,6,20,40.5,SYNTHETIC_DEVELOPMENT
3153,2026-08-07,13,4,0,3,Pediatrics,5,13.65,3,6,4,13,54.7,SYNTHETIC_DEVELOPMENT
3154,2026-08-07,11,4,1,2,Cardiology,3,19.25,5,8,6,11,91.2,SYNTHETIC_DEVELOPMENT
3155,2026-08-07,9,4,1,5,Dermatology,7,9.0,6,10,7,5,54.5,SYNTHETIC_DEVELOPMENT
3156,2026-08-07,12,4,0,4,Orthopedics,6,14.5,4,6,5,6,55.6,SYNTHETIC_DEVELOPMENT
3157,2026-08-07,10,4,1,2,Cardiology,4,16.62,5,7,6,6,72.8,SYNTHETIC_DEVELOPMENT
3158,2026-08-07,8,4,0,1,General Medicine,1,11.5,3,5,4,0,48.5,SYNTHETIC_DEVELOPMENT
3159,2026-08-07,13,4,0,5,Dermatology,7,9.0,1,3,2,10,5.3,SYNTHETIC_DEVELOPMENT
3160,2026-08-07,11,4,1,1,General Medicine,2,10.58,5,10,6,5,62.6,SYNTHETIC_DEVELOPMENT
3161,2026-08-07,10,4,1,1,General Medicine,1,11.5,4,5,5,5,54.2,SYNTHETIC_DEVELOPMENT
3162,2026-08-07,9,4,1,5,Dermatology,7,9.0,4,6,5,9,42.0,SYNTHETIC_DEVELOPMENT
3163,2026-08-07,10,4,1,3,Pediatrics,5,13.65,4,4,5,6,48.8,SYNTHETIC_DEVELOPMENT
3164,2026-08-07,14,4,1,1,General Medicine,2,10.58,13,16,14,27,140.2,SYNTHETIC_DEVELOPMENT
3165,2026-08-07,14,4,1,1,General Medicine,2,10.58,6,8,7,15,75.1,SYNTHETIC_DEVELOPMENT
3166,2026-08-07,9,4,1,2,Cardiology,3,19.25,7,10,8,1,143.0,SYNTHETIC_DEVELOPMENT
3167,2026-08-07,10,4,1,3,Pediatrics,5,13.65,14,17,15,7,180.0,SYNTHETIC_DEVELOPMENT
3168,2026-08-08,10,5,1,5,Dermatology,7,9.0,8,8,9,3,84.7,SYNTHETIC_DEVELOPMENT
3169,2026-08-08,11,5,1,1,General Medicine,2,10.58,9,12,10,9,99.5,SYNTHETIC_DEVELOPMENT
3170,2026-08-08,10,5,1,5,Dermatology,7,9.0,9,10,10,5,99.7,SYNTHETIC_DEVELOPMENT
3171,2026-08-08,10,5,1,1,General Medicine,2,10.58,10,15,11,4,128.8,SYNTHETIC_DEVELOPMENT
3172,2026-08-08,8,5,0,2,Cardiology,3,19.25,7,14,8,0,131.8,SYNTHETIC_DEVELOPMENT
3173,2026-08-08,12,5,0,1,General Medicine,1,11.5,4,7,5,5,48.8,SYNTHETIC_DEVELOPMENT
3174,2026-08-08,11,5,1,4,Orthopedics,6,14.5,5,7,6,7,86.2,SYNTHETIC_DEVELOPMENT
3175,2026-08-08,11,5,1,1,General Medicine,1,11.5,13,15,14,11,155.1,SYNTHETIC_DEVELOPMENT
3176,2026-08-08,14,5,1,3,Pediatrics,5,13.65,14,18,15,18,180.0,SYNTHETIC_DEVELOPMENT
3177,2026-08-08,10,5,1,1,General Medicine,2,10.58,8,12,9,4,91.9,SYNTHETIC_DEVELOPMENT
3178,2026-08-08,14,5,1,1,General Medicine,2,10.58,9,11,10,15,106.2,SYNTHETIC_DEVELOPMENT
3179,2026-08-08,12,5,0,1,General Medicine,2,10.58,5,7,6,12,77.0,SYNTHETIC_DEVELOPMENT
3180,2026-08-08,11,5,1,2,Cardiology,4,16.62,11,13,12,7,180.0,SYNTHETIC_DEVELOPMENT
3181,2026-08-08,10,5,1,2,Cardiology,3,19.25,7,9,8,4,137.1,SYNTHETIC_DEVELOPMENT
3182,2026-08-08,12,5,0,2,Cardiology,3,19.25,5,8,6,12,101.2,SYNTHETIC_DEVELOPMENT
3183,2026-08-08,10,5,1,1,General Medicine,1,11.5,9,14,10,12,108.5,SYNTHETIC_DEVELOPMENT
3184,2026-08-08,15,5,1,2,Cardiology,4,16.62,3,5,4,18,61.0,SYNTHETIC_DEVELOPMENT
3185,2026-08-08,11,5,1,1,General Medicine,1,11.5,8,13,9,11,73.1,SYNTHETIC_DEVELOPMENT
3186,2026-08-08,11,5,1,5,Dermatology,7,9.0,9,11,10,5,92.9,SYNTHETIC_DEVELOPMENT
3187,2026-08-08,12,5,0,2,Cardiology,3,19.25,5,6,6,14,81.8,SYNTHETIC_DEVELOPMENT
3188,2026-08-08,16,5,0,3,Pediatrics,5,13.65,9,9,10,27,146.6,SYNTHETIC_DEVELOPMENT
3189,2026-08-08,15,5,1,2,Cardiology,3,19.25,6,11,7,19,111.4,SYNTHETIC_DEVELOPMENT
3190,2026-08-08,11,5,1,4,Orthopedics,6,14.5,9,12,10,10,136.0,SYNTHETIC_DEVELOPMENT
3191,2026-08-08,14,5,1,4,Orthopedics,6,14.5,12,15,13,19,175.0,SYNTHETIC_DEVELOPMENT
3192,2026-08-08,14,5,1,2,Cardiology,3,19.25,6,10,7,25,118.9,SYNTHETIC_DEVELOPMENT
3193,2026-08-08,11,5,1,5,Dermatology,7,9.0,10,12,11,6,112.8,SYNTHETIC_DEVELOPMENT
3194,2026-08-08,9,5,1,1,General Medicine,2,10.58,10,12,11,4,113.7,SYNTHETIC_DEVELOPMENT
3195,2026-08-08,11,5,1,4,Orthopedics,6,14.5,11,14,12,10,156.3,SYNTHETIC_DEVELOPMENT
3196,2026-08-08,14,5,1,1,General Medicine,2,10.58,9,13,10,21,109.6,SYNTHETIC_DEVELOPMENT
3197,2026-08-08,16,5,0,4,Orthopedics,6,14.5,1,3,2,22,23.6,SYNTHETIC_DEVELOPMENT
3198,2026-08-08,8,5,0,4,Orthopedics,6,14.5,5,10,6,0,58.5,SYNTHETIC_DEVELOPMENT
3199,2026-08-08,16,5,0,3,Pediatrics,5,13.65,4,6,5,31,66.8,SYNTHETIC_DEVELOPMENT
3200,2026-08-08,10,5,1,3,Pediatrics,5,13.65,2,4,3,8,26.1,SYNTHETIC_DEVELOPMENT
3201,2026-08-08,9,5,1,4,Orthopedics,6,14.5,9,10,10,2,155.7,SYNTHETIC_DEVELOPMENT
3202,2026-08-08,14,5,1,2,Cardiology,4,16.62,8,10,9,18,149.7,SYNTHETIC_DEVELOPMENT
3203,2026-08-08,13,5,0,5,Dermatology,7,9.0,4,8,5,19,45.5,SYNTHETIC_DEVELOPMENT
3204,2026-08-08,9,5,1,1,General Medicine,2,10.58,5,6,6,3,66.4,SYNTHETIC_DEVELOPMENT
3205,2026-08-08,9,5,1,4,Orthopedics,6,14.5,8,11,9,2,116.9,SYNTHETIC_DEVELOPMENT
3206,2026-08-08,9,5,1,1,General Medicine,2,10.58,7,8,8,6,76.6,SYNTHETIC_DEVELOPMENT
3207,2026-08-08,15,5,1,2,Cardiology,3,19.25,8,13,9,22,153.0,SYNTHETIC_DEVELOPMENT
3208,2026-08-08,11,5,1,2,Cardiology,4,16.62,7,8,8,13,100.9,SYNTHETIC_DEVELOPMENT
3209,2026-08-08,8,5,0,2,Cardiology,3,19.25,7,8,8,0,161.4,SYNTHETIC_DEVELOPMENT
3210,2026-08-08,9,5,1,2,Cardiology,3,19.25,8,11,9,3,178.2,SYNTHETIC_DEVELOPMENT
3211,2026-08-08,9,5,1,1,General Medicine,2,10.58,5,7,6,4,51.6,SYNTHETIC_DEVELOPMENT
3212,2026-08-08,14,5,1,1,General Medicine,2,10.58,6,6,7,17,66.3,SYNTHETIC_DEVELOPMENT
3213,2026-08-08,15,5,1,1,General Medicine,1,11.5,9,10,10,23,113.9,SYNTHETIC_DEVELOPMENT
3214,2026-08-08,15,5,1,4,Orthopedics,6,14.5,7,8,8,22,94.3,SYNTHETIC_DEVELOPMENT
3215,2026-08-08,9,5,1,1,General Medicine,2,10.58,4,8,5,2,55.2,SYNTHETIC_DEVELOPMENT
3216,2026-08-08,14,5,1,4,Orthopedics,6,14.5,9,11,10,22,139.6,SYNTHETIC_DEVELOPMENT
3217,2026-08-08,12,5,0,4,Orthopedics,6,14.5,3,6,4,8,44.5,SYNTHETIC_DEVELOPMENT
3218,2026-08-08,11,5,1,2,Cardiology,4,16.62,11,16,12,11,180.0,SYNTHETIC_DEVELOPMENT
3219,2026-08-08,9,5,1,5,Dermatology,7,9.0,8,10,9,2,64.2,SYNTHETIC_DEVELOPMENT
3220,2026-08-08,10,5,1,1,General Medicine,2,10.58,3,7,4,7,37.9,SYNTHETIC_DEVELOPMENT
3221,2026-08-08,16,5,0,5,Dermatology,7,9.0,8,8,9,22,74.4,SYNTHETIC_DEVELOPMENT
3222,2026-08-08,8,5,0,2,Cardiology,4,16.62,5,10,6,0,67.1,SYNTHETIC_DEVELOPMENT
3223,2026-08-08,11,5,1,5,Dermatology,7,9.0,4,6,5,7,36.5,SYNTHETIC_DEVELOPMENT
3224,2026-08-08,9,5,1,1,General Medicine,1,11.5,9,11,10,0,111.4,SYNTHETIC_DEVELOPMENT
3225,2026-08-08,11,5,1,1,General Medicine,1,11.5,10,11,11,9,143.3,SYNTHETIC_DEVELOPMENT
3226,2026-08-08,10,5,1,4,Orthopedics,6,14.5,11,12,12,2,180.0,SYNTHETIC_DEVELOPMENT
3227,2026-08-08,14,5,1,2,Cardiology,4,16.62,12,16,13,19,180.0,SYNTHETIC_DEVELOPMENT
3228,2026-08-08,15,5,1,2,Cardiology,4,16.62,8,9,9,20,142.5,SYNTHETIC_DEVELOPMENT
3229,2026-08-08,9,5,1,1,General Medicine,1,11.5,9,11,10,5,124.0,SYNTHETIC_DEVELOPMENT
3230,2026-08-08,12,5,0,3,Pediatrics,5,13.65,5,8,6,13,87.5,SYNTHETIC_DEVELOPMENT
3231,2026-08-08,9,5,1,4,Orthopedics,6,14.5,6,11,7,2,92.4,SYNTHETIC_DEVELOPMENT
3232,2026-08-08,10,5,1,1,General Medicine,2,10.58,7,8,8,8,80.4,SYNTHETIC_DEVELOPMENT
3233,2026-08-08,11,5,1,4,Orthopedics,6,14.5,10,14,11,9,146.2,SYNTHETIC_DEVELOPMENT
3234,2026-08-08,10,5,1,2,Cardiology,3,19.25,10,11,11,14,180.0,SYNTHETIC_DEVELOPMENT
3235,2026-08-08,10,5,1,5,Dermatology,7,9.0,11,13,12,2,123.7,SYNTHETIC_DEVELOPMENT
3236,2026-08-08,10,5,1,3,Pediatrics,5,13.65,6,8,7,10,98.7,SYNTHETIC_DEVELOPMENT
3237,2026-08-08,10,5,1,2,Cardiology,3,19.25,2,4,3,9,31.0,SYNTHETIC_DEVELOPMENT
3238,2026-08-08,10,5,1,4,Orthopedics,6,14.5,10,13,11,7,143.3,SYNTHETIC_DEVELOPMENT
3239,2026-08-08,10,5,1,5,Dermatology,7,9.0,5,9,6,5,40.8,SYNTHETIC_DEVELOPMENT
3240,2026-08-08,12,5,0,3,Pediatrics,5,13.65,5,8,6,12,68.0,SYNTHETIC_DEVELOPMENT
3241,2026-08-08,9,5,1,2,Cardiology,4,16.62,9,12,10,3,148.0,SYNTHETIC_DEVELOPMENT
3242,2026-08-08,8,5,0,1,General Medicine,2,10.58,4,4,5,1,53.5,SYNTHETIC_DEVELOPMENT
3243,2026-08-08,11,5,1,1,General Medicine,2,10.58,14,15,15,11,134.8,SYNTHETIC_DEVELOPMENT
3244,2026-08-08,16,5,0,5,Dermatology,7,9.0,4,7,5,32,43.7,SYNTHETIC_DEVELOPMENT
3245,2026-08-08,9,5,1,2,Cardiology,3,19.25,3,3,4,3,70.5,SYNTHETIC_DEVELOPMENT
3246,2026-08-08,11,5,1,4,Orthopedics,6,14.5,5,7,6,6,96.4,SYNTHETIC_DEVELOPMENT
3247,2026-08-08,10,5,1,4,Orthopedics,6,14.5,4,4,5,9,56.6,SYNTHETIC_DEVELOPMENT
3248,2026-08-08,15,5,1,5,Dermatology,7,9.0,11,14,12,21,119.1,SYNTHETIC_DEVELOPMENT
3249,2026-08-08,10,5,1,3,Pediatrics,5,13.65,10,12,11,5,152.6,SYNTHETIC_DEVELOPMENT
3250,2026-08-08,12,5,0,4,Orthopedics,6,14.5,5,5,6,17,68.0,SYNTHETIC_DEVELOPMENT
3251,2026-08-09,14,6,1,5,Dermatology,7,9.0,5,9,6,16,44.3,SYNTHETIC_DEVELOPMENT
3252,2026-08-09,11,6,1,2,Cardiology,3,19.25,4,7,5,8,62.0,SYNTHETIC_DEVELOPMENT
3253,2026-08-09,11,6,1,4,Orthopedics,6,14.5,6,10,7,7,104.5,SYNTHETIC_DEVELOPMENT
3254,2026-08-09,14,6,1,3,Pediatrics,5,13.65,5,7,6,17,71.1,SYNTHETIC_DEVELOPMENT
3255,2026-08-09,14,6,1,2,Cardiology,4,16.62,6,7,7,20,112.3,SYNTHETIC_DEVELOPMENT
3256,2026-08-09,9,6,1,4,Orthopedics,6,14.5,3,5,4,3,45.2,SYNTHETIC_DEVELOPMENT
3257,2026-08-09,11,6,1,5,Dermatology,7,9.0,4,7,5,13,37.4,SYNTHETIC_DEVELOPMENT
3258,2026-08-09,14,6,1,3,Pediatrics,5,13.65,6,10,7,17,104.1,SYNTHETIC_DEVELOPMENT
3259,2026-08-09,14,6,1,1,General Medicine,2,10.58,6,8,7,18,56.1,SYNTHETIC_DEVELOPMENT
3260,2026-08-09,15,6,1,5,Dermatology,7,9.0,6,8,7,16,71.1,SYNTHETIC_DEVELOPMENT
3261,2026-08-09,10,6,1,4,Orthopedics,6,14.5,7,10,8,2,106.9,SYNTHETIC_DEVELOPMENT
3262,2026-08-09,9,6,1,3,Pediatrics,5,13.65,6,7,7,1,84.2,SYNTHETIC_DEVELOPMENT
3263,2026-08-09,10,6,1,4,Orthopedics,6,14.5,5,7,6,6,94.5,SYNTHETIC_DEVELOPMENT
3264,2026-08-09,10,6,1,1,General Medicine,1,11.5,6,7,7,5,82.7,SYNTHETIC_DEVELOPMENT
3265,2026-08-09,11,6,1,3,Pediatrics,5,13.65,6,7,7,8,98.0,SYNTHETIC_DEVELOPMENT
3266,2026-08-09,15,6,1,3,Pediatrics,5,13.65,1,4,2,32,15.8,SYNTHETIC_DEVELOPMENT
3267,2026-08-09,10,6,1,2,Cardiology,4,16.62,8,10,9,1,136.3,SYNTHETIC_DEVELOPMENT
3268,2026-08-09,16,6,0,3,Pediatrics,5,13.65,1,2,2,29,27.4,SYNTHETIC_DEVELOPMENT
3269,2026-08-09,14,6,1,2,Cardiology,3,19.25,2,4,3,24,48.6,SYNTHETIC_DEVELOPMENT
3270,2026-08-09,11,6,1,4,Orthopedics,6,14.5,4,8,5,12,67.4,SYNTHETIC_DEVELOPMENT
3271,2026-08-09,10,6,1,1,General Medicine,1,11.5,7,10,8,2,86.5,SYNTHETIC_DEVELOPMENT
3272,2026-08-09,16,6,0,5,Dermatology,7,9.0,3,7,4,35,33.2,SYNTHETIC_DEVELOPMENT
3273,2026-08-09,16,6,0,2,Cardiology,3,19.25,4,8,5,25,77.4,SYNTHETIC_DEVELOPMENT
3274,2026-08-09,9,6,1,2,Cardiology,4,16.62,2,5,3,1,29.5,SYNTHETIC_DEVELOPMENT
3275,2026-08-09,10,6,1,5,Dermatology,7,9.0,6,13,7,6,73.0,SYNTHETIC_DEVELOPMENT
3276,2026-08-09,12,6,0,2,Cardiology,4,16.62,5,9,6,7,85.7,SYNTHETIC_DEVELOPMENT
3277,2026-08-09,14,6,1,2,Cardiology,3,19.25,8,12,9,13,163.9,SYNTHETIC_DEVELOPMENT
3278,2026-08-09,12,6,0,4,Orthopedics,6,14.5,4,8,5,16,62.2,SYNTHETIC_DEVELOPMENT
3279,2026-08-09,11,6,1,5,Dermatology,7,9.0,5,7,6,15,59.5,SYNTHETIC_DEVELOPMENT
3280,2026-08-09,11,6,1,1,General Medicine,2,10.58,10,12,11,9,121.3,SYNTHETIC_DEVELOPMENT
3281,2026-08-09,14,6,1,5,Dermatology,7,9.0,8,10,9,24,71.7,SYNTHETIC_DEVELOPMENT
3282,2026-08-09,14,6,1,1,General Medicine,2,10.58,10,11,11,18,115.5,SYNTHETIC_DEVELOPMENT
3283,2026-08-09,9,6,1,1,General Medicine,2,10.58,4,5,5,4,58.0,SYNTHETIC_DEVELOPMENT
3284,2026-08-09,11,6,1,4,Orthopedics,6,14.5,4,6,5,7,68.1,SYNTHETIC_DEVELOPMENT
3285,2026-08-09,10,6,1,5,Dermatology,7,9.0,4,9,5,7,31.7,SYNTHETIC_DEVELOPMENT
3286,2026-08-09,15,6,1,2,Cardiology,3,19.25,6,8,7,24,152.1,SYNTHETIC_DEVELOPMENT
3287,2026-08-09,11,6,1,3,Pediatrics,5,13.65,8,12,9,9,107.6,SYNTHETIC_DEVELOPMENT
3288,2026-08-09,10,6,1,5,Dermatology,7,9.0,6,7,7,6,59.7,SYNTHETIC_DEVELOPMENT
3289,2026-08-09,9,6,1,1,General Medicine,2,10.58,3,7,4,7,21.5,SYNTHETIC_DEVELOPMENT
3290,2026-08-09,15,6,1,1,General Medicine,2,10.58,4,7,5,26,58.4,SYNTHETIC_DEVELOPMENT
3291,2026-08-09,10,6,1,2,Cardiology,3,19.25,5,11,6,2,101.9,SYNTHETIC_DEVELOPMENT
3292,2026-08-09,15,6,1,2,Cardiology,4,16.62,1,5,2,28,14.2,SYNTHETIC_DEVELOPMENT
3293,2026-08-09,10,6,1,2,Cardiology,3,19.25,3,5,4,3,50.9,SYNTHETIC_DEVELOPMENT
3294,2026-08-09,10,6,1,2,Cardiology,4,16.62,7,9,8,5,135.3,SYNTHETIC_DEVELOPMENT
3295,2026-08-09,9,6,1,1,General Medicine,2,10.58,5,8,6,4,47.3,SYNTHETIC_DEVELOPMENT
3296,2026-08-09,10,6,1,2,Cardiology,4,16.62,6,11,7,8,104.1,SYNTHETIC_DEVELOPMENT
3297,2026-08-09,14,6,1,4,Orthopedics,6,14.5,7,8,8,20,115.7,SYNTHETIC_DEVELOPMENT
3298,2026-08-09,11,6,1,3,Pediatrics,5,13.65,8,10,9,10,110.6,SYNTHETIC_DEVELOPMENT
3299,2026-08-09,14,6,1,3,Pediatrics,5,13.65,4,8,5,23,50.2,SYNTHETIC_DEVELOPMENT
3300,2026-08-09,14,6,1,1,General Medicine,1,11.5,9,12,10,18,121.0,SYNTHETIC_DEVELOPMENT
3301,2026-08-09,11,6,1,1,General Medicine,2,10.58,8,9,9,11,100.7,SYNTHETIC_DEVELOPMENT
3302,2026-08-09,15,6,1,2,Cardiology,3,19.25,3,4,4,23,55.0,SYNTHETIC_DEVELOPMENT
3303,2026-08-09,13,6,0,3,Pediatrics,5,13.65,4,7,5,19,57.5,SYNTHETIC_DEVELOPMENT
3304,2026-08-09,10,6,1,1,General Medicine,2,10.58,7,8,8,10,76.3,SYNTHETIC_DEVELOPMENT
3305,2026-08-09,9,6,1,4,Orthopedics,6,14.5,7,9,8,4,120.3,SYNTHETIC_DEVELOPMENT
3306,2026-08-09,11,6,1,4,Orthopedics,6,14.5,1,3,2,9,11.8,SYNTHETIC_DEVELOPMENT
3307,2026-08-09,11,6,1,3,Pediatrics,5,13.65,5,6,6,12,64.7,SYNTHETIC_DEVELOPMENT
3308,2026-08-09,15,6,1,1,General Medicine,2,10.58,5,6,6,25,63.4,SYNTHETIC_DEVELOPMENT
3309,2026-08-09,9,6,1,1,General Medicine,1,11.5,1,3,2,2,19.2,SYNTHETIC_DEVELOPMENT
3310,2026-08-09,9,6,1,2,Cardiology,4,16.62,4,7,5,3,56.9,SYNTHETIC_DEVELOPMENT
3311,2026-08-09,11,6,1,5,Dermatology,7,9.0,5,7,6,5,56.8,SYNTHETIC_DEVELOPMENT
3312,2026-08-09,16,6,0,1,General Medicine,1,11.5,7,8,8,23,105.6,SYNTHETIC_DEVELOPMENT
3313,2026-08-09,8,6,0,2,Cardiology,3,19.25,5,9,6,0,86.9,SYNTHETIC_DEVELOPMENT
3314,2026-08-09,11,6,1,3,Pediatrics,5,13.65,3,6,4,8,44.8,SYNTHETIC_DEVELOPMENT
3315,2026-08-09,16,6,0,3,Pediatrics,5,13.65,5,8,6,21,83.1,SYNTHETIC_DEVELOPMENT
3316,2026-08-09,9,6,1,2,Cardiology,4,16.62,3,4,4,2,51.9,SYNTHETIC_DEVELOPMENT
3317,2026-08-09,9,6,1,2,Cardiology,3,19.25,7,9,8,2,157.2,SYNTHETIC_DEVELOPMENT
3318,2026-08-09,11,6,1,1,General Medicine,2,10.58,2,4,3,11,22.7,SYNTHETIC_DEVELOPMENT
3319,2026-08-09,15,6,1,4,Orthopedics,6,14.5,2,5,3,27,31.8,SYNTHETIC_DEVELOPMENT
3320,2026-08-09,11,6,1,3,Pediatrics,5,13.65,2,5,3,4,30.3,SYNTHETIC_DEVELOPMENT
3321,2026-08-09,10,6,1,2,Cardiology,3,19.25,9,13,10,9,165.6,SYNTHETIC_DEVELOPMENT
3322,2026-08-09,10,6,1,1,General Medicine,1,11.5,4,5,5,10,47.1,SYNTHETIC_DEVELOPMENT
3323,2026-08-09,9,6,1,2,Cardiology,4,16.62,5,6,6,0,79.0,SYNTHETIC_DEVELOPMENT
3324,2026-08-09,12,6,0,1,General Medicine,1,11.5,1,4,2,17,17.6,SYNTHETIC_DEVELOPMENT
3325,2026-08-09,10,6,1,2,Cardiology,3,19.25,5,11,6,4,87.2,SYNTHETIC_DEVELOPMENT
3326,2026-08-09,9,6,1,2,Cardiology,3,19.25,6,8,7,1,134.0,SYNTHETIC_DEVELOPMENT
3327,2026-08-09,10,6,1,4,Orthopedics,6,14.5,4,5,5,4,65.4,SYNTHETIC_DEVELOPMENT
3328,2026-08-09,15,6,1,2,Cardiology,4,16.62,6,7,7,20,111.2,SYNTHETIC_DEVELOPMENT
3329,2026-08-09,10,6,1,3,Pediatrics,5,13.65,12,14,13,9,168.2,SYNTHETIC_DEVELOPMENT
3330,2026-08-09,14,6,1,1,General Medicine,1,11.5,1,5,2,17,15.0,SYNTHETIC_DEVELOPMENT
3331,2026-08-09,8,6,0,2,Cardiology,3,19.25,2,3,3,1,37.2,SYNTHETIC_DEVELOPMENT
3332,2026-08-09,10,6,1,1,General Medicine,1,11.5,6,8,7,9,78.0,SYNTHETIC_DEVELOPMENT
3333,2026-08-09,11,6,1,2,Cardiology,3,19.25,3,6,4,9,53.6,SYNTHETIC_DEVELOPMENT
3334,2026-08-09,11,6,1,2,Cardiology,4,16.62,9,11,10,16,180.0,SYNTHETIC_DEVELOPMENT
3335,2026-08-10,11,0,1,2,Cardiology,3,19.25,8,10,9,12,156.5,SYNTHETIC_DEVELOPMENT
3336,2026-08-10,9,0,1,1,General Medicine,1,11.5,10,14,11,2,150.0,SYNTHETIC_DEVELOPMENT
3337,2026-08-10,9,0,1,1,General Medicine,1,11.5,5,8,6,3,58.8,SYNTHETIC_DEVELOPMENT
3338,2026-08-10,12,0,0,4,Orthopedics,6,14.5,7,8,8,8,116.0,SYNTHETIC_DEVELOPMENT
3339,2026-08-10,11,0,1,4,Orthopedics,6,14.5,6,10,7,8,105.1,SYNTHETIC_DEVELOPMENT
3340,2026-08-10,10,0,1,5,Dermatology,7,9.0,9,14,10,4,77.7,SYNTHETIC_DEVELOPMENT
3341,2026-08-10,8,0,0,2,Cardiology,3,19.25,1,5,2,0,20.5,SYNTHETIC_DEVELOPMENT
3342,2026-08-10,11,0,1,3,Pediatrics,5,13.65,8,10,9,11,109.3,SYNTHETIC_DEVELOPMENT
3343,2026-08-10,9,0,1,5,Dermatology,7,9.0,6,9,7,2,44.5,SYNTHETIC_DEVELOPMENT
3344,2026-08-10,11,0,1,1,General Medicine,2,10.58,9,12,10,4,92.8,SYNTHETIC_DEVELOPMENT
3345,2026-08-10,14,0,1,2,Cardiology,4,16.62,5,8,6,19,104.4,SYNTHETIC_DEVELOPMENT
3346,2026-08-10,10,0,1,2,Cardiology,3,19.25,11,13,12,4,180.0,SYNTHETIC_DEVELOPMENT
3347,2026-08-10,17,0,0,5,Dermatology,7,9.0,3,7,4,30,27.9,SYNTHETIC_DEVELOPMENT
3348,2026-08-10,10,0,1,3,Pediatrics,5,13.65,3,8,4,8,52.2,SYNTHETIC_DEVELOPMENT
3349,2026-08-10,13,0,0,2,Cardiology,4,16.62,5,6,6,17,105.7,SYNTHETIC_DEVELOPMENT
3350,2026-08-10,9,0,1,1,General Medicine,1,11.5,9,10,10,1,106.2,SYNTHETIC_DEVELOPMENT
3351,2026-08-10,9,0,1,2,Cardiology,4,16.62,9,10,10,4,174.1,SYNTHETIC_DEVELOPMENT
3352,2026-08-10,9,0,1,3,Pediatrics,5,13.65,8,12,9,8,114.2,SYNTHETIC_DEVELOPMENT
3353,2026-08-10,14,0,1,2,Cardiology,3,19.25,8,12,9,16,160.9,SYNTHETIC_DEVELOPMENT
3354,2026-08-10,10,0,1,5,Dermatology,7,9.0,8,9,9,9,71.2,SYNTHETIC_DEVELOPMENT
3355,2026-08-10,12,0,0,3,Pediatrics,5,13.65,3,7,4,10,41.1,SYNTHETIC_DEVELOPMENT
3356,2026-08-10,15,0,1,4,Orthopedics,6,14.5,3,4,4,20,54.3,SYNTHETIC_DEVELOPMENT
3357,2026-08-10,11,0,1,2,Cardiology,3,19.25,2,5,3,11,34.0,SYNTHETIC_DEVELOPMENT
3358,2026-08-10,10,0,1,2,Cardiology,4,16.62,10,13,11,8,161.8,SYNTHETIC_DEVELOPMENT
3359,2026-08-10,16,0,0,3,Pediatrics,5,13.65,4,6,5,28,63.5,SYNTHETIC_DEVELOPMENT
3360,2026-08-10,15,0,1,2,Cardiology,3,19.25,7,10,8,22,139.8,SYNTHETIC_DEVELOPMENT
3361,2026-08-10,14,0,1,2,Cardiology,3,19.25,10,15,11,13,180.0,SYNTHETIC_DEVELOPMENT
3362,2026-08-10,10,0,1,5,Dermatology,7,9.0,8,10,9,5,92.2,SYNTHETIC_DEVELOPMENT
3363,2026-08-10,10,0,1,2,Cardiology,4,16.62,1,5,2,12,16.0,SYNTHETIC_DEVELOPMENT
3364,2026-08-10,12,0,0,1,General Medicine,2,10.58,3,5,4,14,26.5,SYNTHETIC_DEVELOPMENT
3365,2026-08-10,11,0,1,5,Dermatology,7,9.0,12,13,13,15,93.0,SYNTHETIC_DEVELOPMENT
3366,2026-08-10,15,0,1,1,General Medicine,1,11.5,7,10,8,24,80.3,SYNTHETIC_DEVELOPMENT
3367,2026-08-10,9,0,1,2,Cardiology,4,16.62,3,11,4,2,53.8,SYNTHETIC_DEVELOPMENT
3368,2026-08-10,10,0,1,2,Cardiology,4,16.62,7,12,8,9,126.6,SYNTHETIC_DEVELOPMENT
3369,2026-08-10,16,0,0,2,Cardiology,4,16.62,5,9,6,23,81.2,SYNTHETIC_DEVELOPMENT
3370,2026-08-10,8,0,0,2,Cardiology,3,19.25,8,13,9,0,144.9,SYNTHETIC_DEVELOPMENT
3371,2026-08-10,16,0,0,1,General Medicine,2,10.58,4,8,5,29,60.7,SYNTHETIC_DEVELOPMENT
3372,2026-08-10,10,0,1,1,General Medicine,2,10.58,7,7,8,8,84.4,SYNTHETIC_DEVELOPMENT
3373,2026-08-10,14,0,1,2,Cardiology,3,19.25,9,11,10,25,180.0,SYNTHETIC_DEVELOPMENT
3374,2026-08-10,11,0,1,1,General Medicine,2,10.58,7,10,8,11,76.7,SYNTHETIC_DEVELOPMENT
3375,2026-08-10,14,0,1,1,General Medicine,2,10.58,16,20,17,26,180.0,SYNTHETIC_DEVELOPMENT
3376,2026-08-10,11,0,1,2,Cardiology,4,16.62,10,15,11,6,180.0,SYNTHETIC_DEVELOPMENT
3377,2026-08-10,14,0,1,1,General Medicine,2,10.58,7,8,8,18,88.0,SYNTHETIC_DEVELOPMENT
3378,2026-08-10,10,0,1,5,Dermatology,7,9.0,5,8,6,2,46.9,SYNTHETIC_DEVELOPMENT
3379,2026-08-10,14,0,1,3,Pediatrics,5,13.65,10,12,11,21,134.5,SYNTHETIC_DEVELOPMENT
3380,2026-08-10,11,0,1,1,General Medicine,2,10.58,6,8,7,6,72.3,SYNTHETIC_DEVELOPMENT
3381,2026-08-10,9,0,1,3,Pediatrics,5,13.65,8,12,9,2,117.8,SYNTHETIC_DEVELOPMENT
3382,2026-08-10,11,0,1,1,General Medicine,1,11.5,6,8,7,9,69.2,SYNTHETIC_DEVELOPMENT
3383,2026-08-10,8,0,0,2,Cardiology,4,16.62,5,8,6,2,96.5,SYNTHETIC_DEVELOPMENT
3384,2026-08-10,11,0,1,1,General Medicine,2,10.58,6,7,7,11,62.7,SYNTHETIC_DEVELOPMENT
3385,2026-08-10,14,0,1,2,Cardiology,3,19.25,4,8,5,18,89.1,SYNTHETIC_DEVELOPMENT
3386,2026-08-10,11,0,1,3,Pediatrics,5,13.65,5,9,6,11,67.5,SYNTHETIC_DEVELOPMENT
3387,2026-08-10,12,0,0,2,Cardiology,4,16.62,10,14,11,7,164.9,SYNTHETIC_DEVELOPMENT
3388,2026-08-10,10,0,1,4,Orthopedics,6,14.5,9,10,10,9,153.3,SYNTHETIC_DEVELOPMENT
3389,2026-08-10,17,0,0,1,General Medicine,2,10.58,4,7,5,33,39.9,SYNTHETIC_DEVELOPMENT
3390,2026-08-10,12,0,0,1,General Medicine,1,11.5,1,3,2,14,19.7,SYNTHETIC_DEVELOPMENT
3391,2026-08-10,11,0,1,1,General Medicine,2,10.58,9,11,10,9,106.9,SYNTHETIC_DEVELOPMENT
3392,2026-08-10,11,0,1,1,General Medicine,2,10.58,7,9,8,8,76.9,SYNTHETIC_DEVELOPMENT
3393,2026-08-10,12,0,0,2,Cardiology,4,16.62,5,8,6,12,73.4,SYNTHETIC_DEVELOPMENT
3394,2026-08-10,14,0,1,2,Cardiology,4,16.62,7,11,8,14,124.3,SYNTHETIC_DEVELOPMENT
3395,2026-08-10,8,0,0,5,Dermatology,7,9.0,7,9,8,0,67.0,SYNTHETIC_DEVELOPMENT
3396,2026-08-10,12,0,0,2,Cardiology,3,19.25,1,4,2,13,27.7,SYNTHETIC_DEVELOPMENT
3397,2026-08-10,13,0,0,2,Cardiology,3,19.25,10,15,11,15,180.0,SYNTHETIC_DEVELOPMENT
3398,2026-08-10,16,0,0,2,Cardiology,4,16.62,9,11,10,26,180.0,SYNTHETIC_DEVELOPMENT
3399,2026-08-10,15,0,1,4,Orthopedics,6,14.5,10,12,11,24,161.5,SYNTHETIC_DEVELOPMENT
3400,2026-08-10,15,0,1,2,Cardiology,4,16.62,10,13,11,23,176.1,SYNTHETIC_DEVELOPMENT
3401,2026-08-10,16,0,0,4,Orthopedics,6,14.5,4,5,5,26,81.4,SYNTHETIC_DEVELOPMENT
3402,2026-08-10,15,0,1,1,General Medicine,2,10.58,7,9,8,32,81.1,SYNTHETIC_DEVELOPMENT
3403,2026-08-10,10,0,1,4,Orthopedics,6,14.5,9,10,10,5,164.7,SYNTHETIC_DEVELOPMENT
3404,2026-08-10,11,0,1,2,Cardiology,3,19.25,13,17,14,9,180.0,SYNTHETIC_DEVELOPMENT
3405,2026-08-10,13,0,0,4,Orthopedics,6,14.5,5,14,6,10,78.7,SYNTHETIC_DEVELOPMENT
3406,2026-08-10,11,0,1,1,General Medicine,2,10.58,8,11,9,13,105.5,SYNTHETIC_DEVELOPMENT
3407,2026-08-10,10,0,1,3,Pediatrics,5,13.65,9,13,10,4,125.2,SYNTHETIC_DEVELOPMENT
3408,2026-08-10,10,0,1,1,General Medicine,2,10.58,11,14,12,5,130.2,SYNTHETIC_DEVELOPMENT
3409,2026-08-10,15,0,1,3,Pediatrics,5,13.65,14,18,15,22,180.0,SYNTHETIC_DEVELOPMENT
3410,2026-08-10,9,0,1,2,Cardiology,3,19.25,4,4,5,5,89.4,SYNTHETIC_DEVELOPMENT
3411,2026-08-10,10,0,1,1,General Medicine,2,10.58,7,12,8,4,86.5,SYNTHETIC_DEVELOPMENT
3412,2026-08-10,12,0,0,3,Pediatrics,5,13.65,6,9,7,13,93.5,SYNTHETIC_DEVELOPMENT
3413,2026-08-10,8,0,0,1,General Medicine,1,11.5,3,4,4,0,52.2,SYNTHETIC_DEVELOPMENT
3414,2026-08-10,11,0,1,3,Pediatrics,5,13.65,8,10,9,13,108.0,SYNTHETIC_DEVELOPMENT
3415,2026-08-10,15,0,1,3,Pediatrics,5,13.65,8,9,9,26,101.0,SYNTHETIC_DEVELOPMENT
3416,2026-08-10,9,0,1,2,Cardiology,3,19.25,8,12,9,2,163.8,SYNTHETIC_DEVELOPMENT
3417,2026-08-10,9,0,1,3,Pediatrics,5,13.65,9,11,10,3,142.4,SYNTHETIC_DEVELOPMENT
3418,2026-08-11,16,1,0,3,Pediatrics,5,13.65,1,5,2,28,24.1,SYNTHETIC_DEVELOPMENT
3419,2026-08-11,9,1,1,2,Cardiology,4,16.62,10,12,11,3,163.4,SYNTHETIC_DEVELOPMENT
3420,2026-08-11,9,1,1,2,Cardiology,3,19.25,8,9,9,3,142.6,SYNTHETIC_DEVELOPMENT
3421,2026-08-11,15,1,1,2,Cardiology,4,16.62,3,5,4,18,66.5,SYNTHETIC_DEVELOPMENT
3422,2026-08-11,9,1,1,3,Pediatrics,5,13.65,6,7,7,4,90.3,SYNTHETIC_DEVELOPMENT
3423,2026-08-11,9,1,1,5,Dermatology,7,9.0,9,12,10,3,92.8,SYNTHETIC_DEVELOPMENT
3424,2026-08-11,8,1,0,4,Orthopedics,6,14.5,5,11,6,2,79.5,SYNTHETIC_DEVELOPMENT
3425,2026-08-11,13,1,0,5,Dermatology,7,9.0,2,4,3,20,28.1,SYNTHETIC_DEVELOPMENT
3426,2026-08-11,9,1,1,1,General Medicine,1,11.5,7,11,8,8,75.4,SYNTHETIC_DEVELOPMENT
3427,2026-08-11,12,1,0,1,General Medicine,1,11.5,1,3,2,14,16.4,SYNTHETIC_DEVELOPMENT
3428,2026-08-11,9,1,1,5,Dermatology,7,9.0,5,6,6,3,51.3,SYNTHETIC_DEVELOPMENT
3429,2026-08-11,10,1,1,4,Orthopedics,6,14.5,4,7,5,4,81.6,SYNTHETIC_DEVELOPMENT
3430,2026-08-11,9,1,1,4,Orthopedics,6,14.5,5,8,6,4,88.7,SYNTHETIC_DEVELOPMENT
3431,2026-08-11,11,1,1,2,Cardiology,4,16.62,5,5,6,9,92.4,SYNTHETIC_DEVELOPMENT
3432,2026-08-11,14,1,1,2,Cardiology,3,19.25,7,8,8,19,141.4,SYNTHETIC_DEVELOPMENT
3433,2026-08-11,11,1,1,2,Cardiology,4,16.62,4,8,5,11,58.3,SYNTHETIC_DEVELOPMENT
3434,2026-08-11,10,1,1,1,General Medicine,2,10.58,8,9,9,11,118.5,SYNTHETIC_DEVELOPMENT
3435,2026-08-11,11,1,1,2,Cardiology,4,16.62,4,5,5,13,74.7,SYNTHETIC_DEVELOPMENT
3436,2026-08-11,12,1,0,2,Cardiology,3,19.25,2,3,3,20,50.0,SYNTHETIC_DEVELOPMENT
3437,2026-08-11,9,1,1,1,General Medicine,1,11.5,5,9,6,3,54.0,SYNTHETIC_DEVELOPMENT
3438,2026-08-11,9,1,1,1,General Medicine,2,10.58,3,6,4,2,31.4,SYNTHETIC_DEVELOPMENT
3439,2026-08-11,13,1,0,5,Dermatology,7,9.0,2,6,3,21,26.8,SYNTHETIC_DEVELOPMENT
3440,2026-08-11,16,1,0,1,General Medicine,1,11.5,6,6,7,32,63.3,SYNTHETIC_DEVELOPMENT
3441,2026-08-11,11,1,1,3,Pediatrics,5,13.65,6,7,7,6,109.2,SYNTHETIC_DEVELOPMENT
3442,2026-08-11,10,1,1,2,Cardiology,3,19.25,5,10,6,3,94.2,SYNTHETIC_DEVELOPMENT
3443,2026-08-11,9,1,1,4,Orthopedics,6,14.5,5,5,6,3,60.5,SYNTHETIC_DEVELOPMENT
3444,2026-08-11,12,1,0,1,General Medicine,2,10.58,1,5,2,12,14.5,SYNTHETIC_DEVELOPMENT
3445,2026-08-11,11,1,1,1,General Medicine,1,11.5,7,10,8,6,99.1,SYNTHETIC_DEVELOPMENT
3446,2026-08-11,17,1,0,1,General Medicine,2,10.58,2,2,3,28,23.4,SYNTHETIC_DEVELOPMENT
3447,2026-08-11,9,1,1,2,Cardiology,3,19.25,6,11,7,2,115.0,SYNTHETIC_DEVELOPMENT
3448,2026-08-11,12,1,0,1,General Medicine,2,10.58,3,4,4,9,41.0,SYNTHETIC_DEVELOPMENT
3449,2026-08-11,15,1,1,4,Orthopedics,6,14.5,7,8,8,20,104.8,SYNTHETIC_DEVELOPMENT
3450,2026-08-11,14,1,1,1,General Medicine,1,11.5,9,11,10,14,105.9,SYNTHETIC_DEVELOPMENT
3451,2026-08-11,14,1,1,1,General Medicine,1,11.5,3,6,4,15,48.1,SYNTHETIC_DEVELOPMENT
3452,2026-08-11,12,1,0,3,Pediatrics,5,13.65,2,6,3,11,31.8,SYNTHETIC_DEVELOPMENT
3453,2026-08-11,10,1,1,1,General Medicine,1,11.5,6,7,7,7,69.0,SYNTHETIC_DEVELOPMENT
3454,2026-08-11,17,1,0,3,Pediatrics,5,13.65,5,9,6,26,66.2,SYNTHETIC_DEVELOPMENT
3455,2026-08-11,15,1,1,2,Cardiology,4,16.62,6,8,7,17,113.7,SYNTHETIC_DEVELOPMENT
3456,2026-08-11,10,1,1,5,Dermatology,7,9.0,5,7,6,4,49.0,SYNTHETIC_DEVELOPMENT
3457,2026-08-11,9,1,1,2,Cardiology,3,19.25,7,9,8,7,125.0,SYNTHETIC_DEVELOPMENT
3458,2026-08-11,10,1,1,5,Dermatology,7,9.0,5,6,6,6,56.3,SYNTHETIC_DEVELOPMENT
3459,2026-08-11,14,1,1,1,General Medicine,2,10.58,1,3,2,16,7.0,SYNTHETIC_DEVELOPMENT
3460,2026-08-11,14,1,1,2,Cardiology,3,19.25,4,7,5,18,82.7,SYNTHETIC_DEVELOPMENT
3461,2026-08-11,14,1,1,3,Pediatrics,5,13.65,4,6,5,14,60.2,SYNTHETIC_DEVELOPMENT
3462,2026-08-11,16,1,0,1,General Medicine,2,10.58,2,7,3,35,30.4,SYNTHETIC_DEVELOPMENT
3463,2026-08-11,15,1,1,5,Dermatology,7,9.0,2,4,3,22,18.5,SYNTHETIC_DEVELOPMENT
3464,2026-08-11,10,1,1,1,General Medicine,2,10.58,4,8,5,6,30.8,SYNTHETIC_DEVELOPMENT
3465,2026-08-11,8,1,0,3,Pediatrics,5,13.65,6,9,7,0,86.4,SYNTHETIC_DEVELOPMENT
3466,2026-08-11,14,1,1,2,Cardiology,4,16.62,5,7,6,16,112.2,SYNTHETIC_DEVELOPMENT
3467,2026-08-11,16,1,0,2,Cardiology,4,16.62,8,11,9,26,151.7,SYNTHETIC_DEVELOPMENT
3468,2026-08-11,17,1,0,1,General Medicine,2,10.58,6,10,7,34,87.8,SYNTHETIC_DEVELOPMENT
3469,2026-08-11,17,1,0,1,General Medicine,1,11.5,4,5,5,28,51.5,SYNTHETIC_DEVELOPMENT
3470,2026-08-11,11,1,1,1,General Medicine,2,10.58,3,5,4,8,37.0,SYNTHETIC_DEVELOPMENT
3471,2026-08-11,17,1,0,2,Cardiology,4,16.62,5,6,6,21,93.8,SYNTHETIC_DEVELOPMENT
3472,2026-08-11,14,1,1,2,Cardiology,3,19.25,4,6,5,22,80.0,SYNTHETIC_DEVELOPMENT
3473,2026-08-11,8,1,0,4,Orthopedics,6,14.5,5,6,6,0,104.4,SYNTHETIC_DEVELOPMENT
3474,2026-08-11,15,1,1,1,General Medicine,1,11.5,3,6,4,23,35.5,SYNTHETIC_DEVELOPMENT
3475,2026-08-11,10,1,1,3,Pediatrics,5,13.65,1,4,2,6,15.5,SYNTHETIC_DEVELOPMENT
3476,2026-08-11,13,1,0,5,Dermatology,7,9.0,1,3,2,15,8.7,SYNTHETIC_DEVELOPMENT
3477,2026-08-11,11,1,1,4,Orthopedics,6,14.5,5,6,6,16,74.6,SYNTHETIC_DEVELOPMENT
3478,2026-08-11,10,1,1,1,General Medicine,1,11.5,9,11,10,3,100.2,SYNTHETIC_DEVELOPMENT
3479,2026-08-11,10,1,1,1,General Medicine,1,11.5,11,16,12,7,157.5,SYNTHETIC_DEVELOPMENT
3480,2026-08-11,8,1,0,2,Cardiology,3,19.25,3,7,4,0,64.4,SYNTHETIC_DEVELOPMENT
3481,2026-08-11,10,1,1,2,Cardiology,3,19.25,10,10,11,5,180.0,SYNTHETIC_DEVELOPMENT
3482,2026-08-11,9,1,1,2,Cardiology,4,16.62,5,8,6,4,83.1,SYNTHETIC_DEVELOPMENT
3483,2026-08-11,15,1,1,3,Pediatrics,5,13.65,6,8,7,26,91.8,SYNTHETIC_DEVELOPMENT
3484,2026-08-11,15,1,1,5,Dermatology,7,9.0,4,6,5,20,39.6,SYNTHETIC_DEVELOPMENT
3485,2026-08-11,11,1,1,1,General Medicine,2,10.58,8,12,9,10,82.3,SYNTHETIC_DEVELOPMENT
3486,2026-08-11,15,1,1,3,Pediatrics,5,13.65,5,5,6,21,51.4,SYNTHETIC_DEVELOPMENT
3487,2026-08-11,12,1,0,1,General Medicine,1,11.5,6,8,7,12,74.6,SYNTHETIC_DEVELOPMENT
3488,2026-08-11,10,1,1,5,Dermatology,7,9.0,10,14,11,4,97.2,SYNTHETIC_DEVELOPMENT
3489,2026-08-11,10,1,1,4,Orthopedics,6,14.5,6,8,7,8,91.1,SYNTHETIC_DEVELOPMENT
3490,2026-08-11,10,1,1,2,Cardiology,3,19.25,3,11,4,7,53.5,SYNTHETIC_DEVELOPMENT
3491,2026-08-11,10,1,1,4,Orthopedics,6,14.5,4,6,5,7,64.1,SYNTHETIC_DEVELOPMENT
3492,2026-08-11,12,1,0,2,Cardiology,4,16.62,4,7,5,14,73.5,SYNTHETIC_DEVELOPMENT
3493,2026-08-11,11,1,1,1,General Medicine,2,10.58,9,10,10,12,99.3,SYNTHETIC_DEVELOPMENT
3494,2026-08-11,12,1,0,2,Cardiology,4,16.62,3,6,4,15,43.0,SYNTHETIC_DEVELOPMENT
3495,2026-08-11,10,1,1,5,Dermatology,7,9.0,7,8,8,8,70.8,SYNTHETIC_DEVELOPMENT
3496,2026-08-11,9,1,1,1,General Medicine,2,10.58,8,11,9,1,93.8,SYNTHETIC_DEVELOPMENT
3497,2026-08-11,10,1,1,2,Cardiology,3,19.25,5,9,6,7,115.2,SYNTHETIC_DEVELOPMENT
3498,2026-08-11,10,1,1,3,Pediatrics,5,13.65,5,8,6,6,69.3,SYNTHETIC_DEVELOPMENT
3499,2026-08-11,17,1,0,1,General Medicine,2,10.58,5,7,6,35,64.6,SYNTHETIC_DEVELOPMENT
3500,2026-08-11,15,1,1,1,General Medicine,1,11.5,1,3,2,23,15.3,SYNTHETIC_DEVELOPMENT
3501,2026-08-12,11,2,1,2,Cardiology,4,16.62,9,14,10,11,162.8,SYNTHETIC_DEVELOPMENT
3502,2026-08-12,16,2,0,3,Pediatrics,5,13.65,1,5,2,18,24.7,SYNTHETIC_DEVELOPMENT
3503,2026-08-12,14,2,1,1,General Medicine,2,10.58,2,4,3,25,30.1,SYNTHETIC_DEVELOPMENT
3504,2026-08-12,9,2,1,1,General Medicine,1,11.5,3,4,4,4,41.5,SYNTHETIC_DEVELOPMENT
3505,2026-08-12,8,2,0,3,Pediatrics,5,13.65,5,6,6,2,65.9,SYNTHETIC_DEVELOPMENT
3506,2026-08-12,8,2,0,2,Cardiology,4,16.62,5,7,6,0,95.7,SYNTHETIC_DEVELOPMENT
3507,2026-08-12,14,2,1,2,Cardiology,3,19.25,7,11,8,14,146.3,SYNTHETIC_DEVELOPMENT
3508,2026-08-12,12,2,0,4,Orthopedics,6,14.5,7,9,8,10,110.9,SYNTHETIC_DEVELOPMENT
3509,2026-08-12,14,2,1,2,Cardiology,3,19.25,10,11,11,21,180.0,SYNTHETIC_DEVELOPMENT
3510,2026-08-12,14,2,1,2,Cardiology,3,19.25,11,13,12,23,180.0,SYNTHETIC_DEVELOPMENT
3511,2026-08-12,10,2,1,1,General Medicine,2,10.58,5,7,6,10,57.1,SYNTHETIC_DEVELOPMENT
3512,2026-08-12,17,2,0,5,Dermatology,7,9.0,3,4,4,30,32.5,SYNTHETIC_DEVELOPMENT
3513,2026-08-12,10,2,1,5,Dermatology,7,9.0,10,12,11,4,102.5,SYNTHETIC_DEVELOPMENT
3514,2026-08-12,16,2,0,1,General Medicine,2,10.58,0,2,1,20,0.9,SYNTHETIC_DEVELOPMENT
3515,2026-08-12,10,2,1,2,Cardiology,4,16.62,8,11,9,6,145.1,SYNTHETIC_DEVELOPMENT
3516,2026-08-12,11,2,1,5,Dermatology,7,9.0,7,8,8,6,76.6,SYNTHETIC_DEVELOPMENT
3517,2026-08-12,11,2,1,2,Cardiology,4,16.62,9,12,10,5,175.5,SYNTHETIC_DEVELOPMENT
3518,2026-08-12,9,2,1,2,Cardiology,4,16.62,8,11,9,4,110.8,SYNTHETIC_DEVELOPMENT
3519,2026-08-12,11,2,1,2,Cardiology,4,16.62,6,9,7,7,100.4,SYNTHETIC_DEVELOPMENT
3520,2026-08-12,10,2,1,2,Cardiology,4,16.62,4,5,5,5,64.1,SYNTHETIC_DEVELOPMENT
3521,2026-08-12,9,2,1,1,General Medicine,1,11.5,7,8,8,4,79.3,SYNTHETIC_DEVELOPMENT
3522,2026-08-12,11,2,1,2,Cardiology,4,16.62,7,9,8,10,110.8,SYNTHETIC_DEVELOPMENT
3523,2026-08-12,12,2,0,5,Dermatology,7,9.0,4,9,5,18,40.5,SYNTHETIC_DEVELOPMENT
3524,2026-08-12,15,2,1,2,Cardiology,3,19.25,6,11,7,28,134.3,SYNTHETIC_DEVELOPMENT
3525,2026-08-12,11,2,1,3,Pediatrics,5,13.65,8,9,9,16,121.4,SYNTHETIC_DEVELOPMENT
3526,2026-08-12,10,2,1,2,Cardiology,3,19.25,5,6,6,9,98.7,SYNTHETIC_DEVELOPMENT
3527,2026-08-12,11,2,1,5,Dermatology,7,9.0,6,9,7,7,63.2,SYNTHETIC_DEVELOPMENT
3528,2026-08-12,10,2,1,1,General Medicine,2,10.58,6,13,7,8,68.9,SYNTHETIC_DEVELOPMENT
3529,2026-08-12,15,2,1,3,Pediatrics,5,13.65,6,6,7,17,84.3,SYNTHETIC_DEVELOPMENT
3530,2026-08-12,13,2,0,3,Pediatrics,5,13.65,6,7,7,14,72.8,SYNTHETIC_DEVELOPMENT
3531,2026-08-12,10,2,1,1,General Medicine,2,10.58,7,7,8,6,73.1,SYNTHETIC_DEVELOPMENT
3532,2026-08-12,10,2,1,2,Cardiology,4,16.62,6,9,7,3,101.0,SYNTHETIC_DEVELOPMENT
3533,2026-08-12,15,2,1,5,Dermatology,7,9.0,8,12,9,25,96.4,SYNTHETIC_DEVELOPMENT
3534,2026-08-12,14,2,1,4,Orthopedics,6,14.5,8,9,9,22,148.3,SYNTHETIC_DEVELOPMENT
3535,2026-08-12,8,2,0,1,General Medicine,1,11.5,6,7,7,1,84.7,SYNTHETIC_DEVELOPMENT
3536,2026-08-12,11,2,1,1,General Medicine,2,10.58,3,4,4,8,53.5,SYNTHETIC_DEVELOPMENT
3537,2026-08-12,10,2,1,2,Cardiology,4,16.62,5,9,6,12,79.6,SYNTHETIC_DEVELOPMENT
3538,2026-08-12,10,2,1,4,Orthopedics,6,14.5,9,12,10,6,146.1,SYNTHETIC_DEVELOPMENT
3539,2026-08-12,14,2,1,4,Orthopedics,6,14.5,5,8,6,13,79.3,SYNTHETIC_DEVELOPMENT
3540,2026-08-12,10,2,1,5,Dermatology,7,9.0,8,9,9,4,73.3,SYNTHETIC_DEVELOPMENT
3541,2026-08-12,10,2,1,1,General Medicine,1,11.5,8,11,9,7,79.5,SYNTHETIC_DEVELOPMENT
3542,2026-08-12,9,2,1,4,Orthopedics,6,14.5,10,15,11,2,159.7,SYNTHETIC_DEVELOPMENT
3543,2026-08-12,10,2,1,1,General Medicine,1,11.5,4,7,5,4,54.3,SYNTHETIC_DEVELOPMENT
3544,2026-08-12,10,2,1,3,Pediatrics,5,13.65,9,13,10,3,142.3,SYNTHETIC_DEVELOPMENT
3545,2026-08-12,15,2,1,2,Cardiology,4,16.62,5,10,6,32,95.2,SYNTHETIC_DEVELOPMENT
3546,2026-08-12,14,2,1,4,Orthopedics,6,14.5,4,5,5,10,67.3,SYNTHETIC_DEVELOPMENT
3547,2026-08-12,16,2,0,3,Pediatrics,5,13.65,3,4,4,27,43.0,SYNTHETIC_DEVELOPMENT
3548,2026-08-12,10,2,1,4,Orthopedics,6,14.5,11,13,12,9,169.0,SYNTHETIC_DEVELOPMENT
3549,2026-08-12,10,2,1,4,Orthopedics,6,14.5,4,5,5,6,57.6,SYNTHETIC_DEVELOPMENT
3550,2026-08-12,14,2,1,5,Dermatology,7,9.0,7,10,8,22,94.2,SYNTHETIC_DEVELOPMENT
3551,2026-08-12,15,2,1,2,Cardiology,4,16.62,5,8,6,29,77.1,SYNTHETIC_DEVELOPMENT
3552,2026-08-12,12,2,0,2,Cardiology,4,16.62,4,6,5,7,60.9,SYNTHETIC_DEVELOPMENT
3553,2026-08-12,10,2,1,4,Orthopedics,6,14.5,4,7,5,8,55.3,SYNTHETIC_DEVELOPMENT
3554,2026-08-12,8,2,0,1,General Medicine,1,11.5,6,8,7,0,86.6,SYNTHETIC_DEVELOPMENT
3555,2026-08-12,14,2,1,3,Pediatrics,5,13.65,4,6,5,21,74.2,SYNTHETIC_DEVELOPMENT
3556,2026-08-12,12,2,0,2,Cardiology,3,19.25,2,3,3,15,29.6,SYNTHETIC_DEVELOPMENT
3557,2026-08-12,10,2,1,2,Cardiology,4,16.62,6,9,7,6,129.2,SYNTHETIC_DEVELOPMENT
3558,2026-08-12,14,2,1,2,Cardiology,4,16.62,12,14,13,21,180.0,SYNTHETIC_DEVELOPMENT
3559,2026-08-12,10,2,1,1,General Medicine,1,11.5,4,7,5,6,41.9,SYNTHETIC_DEVELOPMENT
3560,2026-08-12,14,2,1,2,Cardiology,4,16.62,3,4,4,14,47.9,SYNTHETIC_DEVELOPMENT
3561,2026-08-12,9,2,1,1,General Medicine,2,10.58,4,5,5,2,50.0,SYNTHETIC_DEVELOPMENT
3562,2026-08-12,9,2,1,1,General Medicine,1,11.5,5,5,6,2,56.4,SYNTHETIC_DEVELOPMENT
3563,2026-08-12,9,2,1,5,Dermatology,7,9.0,7,7,8,4,68.1,SYNTHETIC_DEVELOPMENT
3564,2026-08-12,10,2,1,1,General Medicine,2,10.58,3,5,4,5,26.1,SYNTHETIC_DEVELOPMENT
3565,2026-08-12,9,2,1,4,Orthopedics,6,14.5,2,4,3,4,25.6,SYNTHETIC_DEVELOPMENT
3566,2026-08-12,14,2,1,1,General Medicine,1,11.5,6,8,7,22,78.7,SYNTHETIC_DEVELOPMENT
3567,2026-08-12,10,2,1,3,Pediatrics,5,13.65,3,6,4,7,32.7,SYNTHETIC_DEVELOPMENT
3568,2026-08-12,11,2,1,1,General Medicine,2,10.58,3,3,4,8,42.9,SYNTHETIC_DEVELOPMENT
3569,2026-08-12,12,2,0,2,Cardiology,4,16.62,3,4,4,16,91.9,SYNTHETIC_DEVELOPMENT
3570,2026-08-12,11,2,1,3,Pediatrics,5,13.65,7,8,8,13,120.8,SYNTHETIC_DEVELOPMENT
3571,2026-08-12,9,2,1,1,General Medicine,1,11.5,4,9,5,3,53.1,SYNTHETIC_DEVELOPMENT
3572,2026-08-12,11,2,1,3,Pediatrics,5,13.65,5,8,6,5,69.3,SYNTHETIC_DEVELOPMENT
3573,2026-08-12,11,2,1,2,Cardiology,3,19.25,9,12,10,5,169.4,SYNTHETIC_DEVELOPMENT
3574,2026-08-12,10,2,1,3,Pediatrics,5,13.65,8,9,9,8,110.1,SYNTHETIC_DEVELOPMENT
3575,2026-08-12,16,2,0,5,Dermatology,7,9.0,5,9,6,27,51.5,SYNTHETIC_DEVELOPMENT
3576,2026-08-12,15,2,1,5,Dermatology,7,9.0,5,5,6,24,50.1,SYNTHETIC_DEVELOPMENT
3577,2026-08-12,10,2,1,3,Pediatrics,5,13.65,5,6,6,6,71.9,SYNTHETIC_DEVELOPMENT
3578,2026-08-12,14,2,1,2,Cardiology,4,16.62,8,9,9,20,154.8,SYNTHETIC_DEVELOPMENT
3579,2026-08-12,10,2,1,2,Cardiology,3,19.25,4,6,5,2,90.7,SYNTHETIC_DEVELOPMENT
3580,2026-08-12,10,2,1,1,General Medicine,1,11.5,8,10,9,6,94.1,SYNTHETIC_DEVELOPMENT
3581,2026-08-12,11,2,1,5,Dermatology,7,9.0,6,13,7,5,66.8,SYNTHETIC_DEVELOPMENT
3582,2026-08-12,9,2,1,4,Orthopedics,6,14.5,11,15,12,7,180.0,SYNTHETIC_DEVELOPMENT
3583,2026-08-12,9,2,1,1,General Medicine,2,10.58,4,5,5,2,48.6,SYNTHETIC_DEVELOPMENT
3584,2026-08-12,14,2,1,5,Dermatology,7,9.0,7,8,8,9,67.3,SYNTHETIC_DEVELOPMENT
3585,2026-08-13,11,3,1,3,Pediatrics,5,13.65,7,9,8,10,84.5,SYNTHETIC_DEVELOPMENT
3586,2026-08-13,15,3,1,5,Dermatology,7,9.0,5,11,6,25,60.2,SYNTHETIC_DEVELOPMENT
3587,2026-08-13,11,3,1,2,Cardiology,3,19.25,5,10,6,13,127.7,SYNTHETIC_DEVELOPMENT
3588,2026-08-13,9,3,1,4,Orthopedics,6,14.5,5,7,6,3,69.5,SYNTHETIC_DEVELOPMENT
3589,2026-08-13,9,3,1,1,General Medicine,2,10.58,4,6,5,1,48.5,SYNTHETIC_DEVELOPMENT
3590,2026-08-13,12,3,0,4,Orthopedics,6,14.5,4,6,5,12,52.4,SYNTHETIC_DEVELOPMENT
3591,2026-08-13,11,3,1,1,General Medicine,1,11.5,4,6,5,4,47.7,SYNTHETIC_DEVELOPMENT
3592,2026-08-13,14,3,1,2,Cardiology,3,19.25,3,6,4,14,55.3,SYNTHETIC_DEVELOPMENT
3593,2026-08-13,9,3,1,3,Pediatrics,5,13.65,4,8,5,3,46.5,SYNTHETIC_DEVELOPMENT
3594,2026-08-13,9,3,1,2,Cardiology,3,19.25,10,12,11,2,180.0,SYNTHETIC_DEVELOPMENT
3595,2026-08-13,9,3,1,2,Cardiology,4,16.62,10,15,11,6,155.0,SYNTHETIC_DEVELOPMENT
3596,2026-08-13,10,3,1,4,Orthopedics,6,14.5,9,12,10,4,128.4,SYNTHETIC_DEVELOPMENT
3597,2026-08-13,9,3,1,2,Cardiology,3,19.25,3,5,4,1,68.1,SYNTHETIC_DEVELOPMENT
3598,2026-08-13,14,3,1,1,General Medicine,2,10.58,11,13,12,10,138.0,SYNTHETIC_DEVELOPMENT
3599,2026-08-13,11,3,1,2,Cardiology,4,16.62,4,9,5,13,90.4,SYNTHETIC_DEVELOPMENT
3600,2026-08-13,11,3,1,3,Pediatrics,5,13.65,1,6,2,13,7.1,SYNTHETIC_DEVELOPMENT
3601,2026-08-13,13,3,0,1,General Medicine,2,10.58,7,12,8,14,80.5,SYNTHETIC_DEVELOPMENT
3602,2026-08-13,9,3,1,3,Pediatrics,5,13.65,5,6,6,0,92.5,SYNTHETIC_DEVELOPMENT
3603,2026-08-13,10,3,1,2,Cardiology,3,19.25,4,8,5,9,95.8,SYNTHETIC_DEVELOPMENT
3604,2026-08-13,9,3,1,4,Orthopedics,6,14.5,5,5,6,4,80.3,SYNTHETIC_DEVELOPMENT
3605,2026-08-13,12,3,0,2,Cardiology,4,16.62,1,2,2,6,27.2,SYNTHETIC_DEVELOPMENT
3606,2026-08-13,11,3,1,1,General Medicine,2,10.58,3,4,4,10,45.9,SYNTHETIC_DEVELOPMENT
3607,2026-08-13,9,3,1,4,Orthopedics,6,14.5,9,10,10,3,137.8,SYNTHETIC_DEVELOPMENT
3608,2026-08-13,9,3,1,2,Cardiology,3,19.25,7,9,8,2,140.1,SYNTHETIC_DEVELOPMENT
3609,2026-08-13,11,3,1,3,Pediatrics,5,13.65,5,5,6,12,68.0,SYNTHETIC_DEVELOPMENT
3610,2026-08-13,15,3,1,2,Cardiology,3,19.25,10,11,11,25,180.0,SYNTHETIC_DEVELOPMENT
3611,2026-08-13,10,3,1,3,Pediatrics,5,13.65,7,8,8,8,118.4,SYNTHETIC_DEVELOPMENT
3612,2026-08-13,9,3,1,5,Dermatology,7,9.0,7,9,8,7,78.3,SYNTHETIC_DEVELOPMENT
3613,2026-08-13,9,3,1,1,General Medicine,1,11.5,4,7,5,5,62.8,SYNTHETIC_DEVELOPMENT
3614,2026-08-13,15,3,1,1,General Medicine,1,11.5,12,13,13,17,163.9,SYNTHETIC_DEVELOPMENT
3615,2026-08-13,12,3,0,5,Dermatology,7,9.0,4,7,5,15,37.7,SYNTHETIC_DEVELOPMENT
3616,2026-08-13,9,3,1,1,General Medicine,2,10.58,8,9,9,4,100.9,SYNTHETIC_DEVELOPMENT
3617,2026-08-13,11,3,1,3,Pediatrics,5,13.65,6,8,7,10,80.5,SYNTHETIC_DEVELOPMENT
3618,2026-08-13,11,3,1,5,Dermatology,7,9.0,7,8,8,8,61.3,SYNTHETIC_DEVELOPMENT
3619,2026-08-13,11,3,1,5,Dermatology,7,9.0,6,9,7,10,74.4,SYNTHETIC_DEVELOPMENT
3620,2026-08-13,15,3,1,4,Orthopedics,6,14.5,7,12,8,21,107.5,SYNTHETIC_DEVELOPMENT
3621,2026-08-13,10,3,1,4,Orthopedics,6,14.5,6,8,7,6,81.3,SYNTHETIC_DEVELOPMENT
3622,2026-08-13,13,3,0,2,Cardiology,3,19.25,4,8,5,14,72.1,SYNTHETIC_DEVELOPMENT
3623,2026-08-13,11,3,1,5,Dermatology,7,9.0,6,12,7,12,53.8,SYNTHETIC_DEVELOPMENT
3624,2026-08-13,10,3,1,4,Orthopedics,6,14.5,7,10,8,5,119.4,SYNTHETIC_DEVELOPMENT
3625,2026-08-13,12,3,0,2,Cardiology,3,19.25,6,10,7,14,105.6,SYNTHETIC_DEVELOPMENT
3626,2026-08-13,15,3,1,1,General Medicine,2,10.58,8,11,9,23,85.2,SYNTHETIC_DEVELOPMENT
3627,2026-08-13,11,3,1,2,Cardiology,4,16.62,7,10,8,9,113.8,SYNTHETIC_DEVELOPMENT
3628,2026-08-13,11,3,1,5,Dermatology,7,9.0,6,9,7,10,52.9,SYNTHETIC_DEVELOPMENT
3629,2026-08-13,11,3,1,5,Dermatology,7,9.0,6,7,7,3,61.6,SYNTHETIC_DEVELOPMENT
3630,2026-08-13,13,3,0,2,Cardiology,3,19.25,2,3,3,17,30.7,SYNTHETIC_DEVELOPMENT
3631,2026-08-13,9,3,1,3,Pediatrics,5,13.65,8,10,9,3,113.4,SYNTHETIC_DEVELOPMENT
3632,2026-08-13,9,3,1,1,General Medicine,2,10.58,3,5,4,1,36.4,SYNTHETIC_DEVELOPMENT
3633,2026-08-13,9,3,1,2,Cardiology,3,19.25,6,7,7,1,143.7,SYNTHETIC_DEVELOPMENT
3634,2026-08-13,10,3,1,5,Dermatology,7,9.0,11,14,12,8,101.0,SYNTHETIC_DEVELOPMENT
3635,2026-08-13,10,3,1,1,General Medicine,2,10.58,3,6,4,8,34.6,SYNTHETIC_DEVELOPMENT
3636,2026-08-13,10,3,1,3,Pediatrics,5,13.65,3,6,4,4,51.8,SYNTHETIC_DEVELOPMENT
3637,2026-08-13,15,3,1,4,Orthopedics,6,14.5,4,8,5,30,65.4,SYNTHETIC_DEVELOPMENT
3638,2026-08-13,15,3,1,2,Cardiology,3,19.25,8,12,9,17,153.7,SYNTHETIC_DEVELOPMENT
3639,2026-08-13,11,3,1,5,Dermatology,7,9.0,8,11,9,9,81.5,SYNTHETIC_DEVELOPMENT
3640,2026-08-13,9,3,1,1,General Medicine,2,10.58,3,9,4,5,37.8,SYNTHETIC_DEVELOPMENT
3641,2026-08-13,9,3,1,2,Cardiology,4,16.62,6,7,7,3,84.5,SYNTHETIC_DEVELOPMENT
3642,2026-08-13,8,3,0,2,Cardiology,3,19.25,4,6,5,0,97.7,SYNTHETIC_DEVELOPMENT
3643,2026-08-13,9,3,1,1,General Medicine,1,11.5,11,13,12,5,128.6,SYNTHETIC_DEVELOPMENT
3644,2026-08-13,15,3,1,1,General Medicine,2,10.58,8,15,9,21,81.9,SYNTHETIC_DEVELOPMENT
3645,2026-08-13,9,3,1,1,General Medicine,1,11.5,9,13,10,3,93.5,SYNTHETIC_DEVELOPMENT
3646,2026-08-13,16,3,0,1,General Medicine,1,11.5,3,7,4,23,37.5,SYNTHETIC_DEVELOPMENT
3647,2026-08-13,9,3,1,1,General Medicine,1,11.5,11,13,12,6,141.4,SYNTHETIC_DEVELOPMENT
3648,2026-08-13,9,3,1,3,Pediatrics,5,13.65,5,7,6,1,103.8,SYNTHETIC_DEVELOPMENT
3649,2026-08-13,15,3,1,2,Cardiology,3,19.25,6,9,7,33,119.3,SYNTHETIC_DEVELOPMENT
3650,2026-08-13,14,3,1,3,Pediatrics,5,13.65,4,8,5,23,70.7,SYNTHETIC_DEVELOPMENT
3651,2026-08-13,9,3,1,3,Pediatrics,5,13.65,10,10,11,3,150.5,SYNTHETIC_DEVELOPMENT
3652,2026-08-13,8,3,0,5,Dermatology,7,9.0,4,6,5,1,40.1,SYNTHETIC_DEVELOPMENT
3653,2026-08-13,13,3,0,1,General Medicine,2,10.58,5,9,6,13,46.4,SYNTHETIC_DEVELOPMENT
3654,2026-08-13,11,3,1,1,General Medicine,2,10.58,4,8,5,13,39.5,SYNTHETIC_DEVELOPMENT
3655,2026-08-13,14,3,1,2,Cardiology,3,19.25,7,10,8,13,158.5,SYNTHETIC_DEVELOPMENT
3656,2026-08-13,12,3,0,1,General Medicine,2,10.58,5,12,6,15,54.4,SYNTHETIC_DEVELOPMENT
3657,2026-08-13,11,3,1,3,Pediatrics,5,13.65,6,7,7,5,107.0,SYNTHETIC_DEVELOPMENT
3658,2026-08-13,16,3,0,2,Cardiology,3,19.25,5,6,6,29,90.9,SYNTHETIC_DEVELOPMENT
3659,2026-08-13,10,3,1,2,Cardiology,3,19.25,6,9,7,6,125.1,SYNTHETIC_DEVELOPMENT
3660,2026-08-13,11,3,1,2,Cardiology,3,19.25,6,7,7,7,112.2,SYNTHETIC_DEVELOPMENT
3661,2026-08-13,10,3,1,3,Pediatrics,5,13.65,5,8,6,6,77.4,SYNTHETIC_DEVELOPMENT
3662,2026-08-13,11,3,1,3,Pediatrics,5,13.65,4,8,5,14,48.2,SYNTHETIC_DEVELOPMENT
3663,2026-08-13,14,3,1,1,General Medicine,1,11.5,7,8,8,16,79.7,SYNTHETIC_DEVELOPMENT
3664,2026-08-13,11,3,1,4,Orthopedics,6,14.5,2,5,3,14,38.3,SYNTHETIC_DEVELOPMENT
3665,2026-08-13,11,3,1,2,Cardiology,4,16.62,4,6,5,8,68.9,SYNTHETIC_DEVELOPMENT
3666,2026-08-13,11,3,1,1,General Medicine,1,11.5,1,3,2,8,22.0,SYNTHETIC_DEVELOPMENT
3667,2026-08-13,9,3,1,1,General Medicine,2,10.58,7,9,8,6,77.8,SYNTHETIC_DEVELOPMENT
3668,2026-08-14,11,4,1,2,Cardiology,4,16.62,12,18,13,11,180.0,SYNTHETIC_DEVELOPMENT
3669,2026-08-14,9,4,1,5,Dermatology,7,9.0,13,16,14,2,135.2,SYNTHETIC_DEVELOPMENT
3670,2026-08-14,9,4,1,1,General Medicine,2,10.58,6,9,7,2,64.9,SYNTHETIC_DEVELOPMENT
3671,2026-08-14,10,4,1,2,Cardiology,3,19.25,7,8,8,8,138.9,SYNTHETIC_DEVELOPMENT
3672,2026-08-14,8,4,0,2,Cardiology,4,16.62,7,7,8,0,111.5,SYNTHETIC_DEVELOPMENT
3673,2026-08-14,9,4,1,5,Dermatology,7,9.0,5,7,6,4,55.3,SYNTHETIC_DEVELOPMENT
3674,2026-08-14,12,4,0,2,Cardiology,4,16.62,3,7,4,10,68.3,SYNTHETIC_DEVELOPMENT
3675,2026-08-14,14,4,1,3,Pediatrics,5,13.65,10,13,11,21,151.1,SYNTHETIC_DEVELOPMENT
3676,2026-08-14,15,4,1,1,General Medicine,2,10.58,6,11,7,25,84.3,SYNTHETIC_DEVELOPMENT
3677,2026-08-14,14,4,1,3,Pediatrics,5,13.65,5,7,6,15,57.9,SYNTHETIC_DEVELOPMENT
3678,2026-08-14,12,4,0,2,Cardiology,3,19.25,5,9,6,14,85.9,SYNTHETIC_DEVELOPMENT
3679,2026-08-14,11,4,1,4,Orthopedics,6,14.5,4,7,5,14,63.6,SYNTHETIC_DEVELOPMENT
3680,2026-08-14,16,4,0,2,Cardiology,3,19.25,5,8,6,17,93.6,SYNTHETIC_DEVELOPMENT
3681,2026-08-14,9,4,1,2,Cardiology,4,16.62,3,7,4,3,63.0,SYNTHETIC_DEVELOPMENT
3682,2026-08-14,9,4,1,1,General Medicine,1,11.5,13,15,14,3,176.8,SYNTHETIC_DEVELOPMENT
3683,2026-08-14,14,4,1,2,Cardiology,4,16.62,3,4,4,20,51.5,SYNTHETIC_DEVELOPMENT
3684,2026-08-14,8,4,0,5,Dermatology,7,9.0,4,4,5,0,34.1,SYNTHETIC_DEVELOPMENT
3685,2026-08-14,9,4,1,5,Dermatology,7,9.0,6,9,7,4,58.6,SYNTHETIC_DEVELOPMENT
3686,2026-08-14,10,4,1,2,Cardiology,4,16.62,9,9,10,12,143.3,SYNTHETIC_DEVELOPMENT
3687,2026-08-14,12,4,0,1,General Medicine,2,10.58,5,5,6,8,58.8,SYNTHETIC_DEVELOPMENT
3688,2026-08-14,14,4,1,1,General Medicine,1,11.5,3,7,4,28,35.8,SYNTHETIC_DEVELOPMENT
3689,2026-08-14,16,4,0,1,General Medicine,1,11.5,3,6,4,35,42.3,SYNTHETIC_DEVELOPMENT
3690,2026-08-14,17,4,0,1,General Medicine,1,11.5,7,9,8,28,79.1,SYNTHETIC_DEVELOPMENT
3691,2026-08-14,11,4,1,2,Cardiology,3,19.25,7,12,8,10,139.1,SYNTHETIC_DEVELOPMENT
3692,2026-08-14,15,4,1,1,General Medicine,2,10.58,10,15,11,19,114.7,SYNTHETIC_DEVELOPMENT
3693,2026-08-14,10,4,1,2,Cardiology,4,16.62,9,13,10,4,159.4,SYNTHETIC_DEVELOPMENT
3694,2026-08-14,10,4,1,1,General Medicine,2,10.58,8,9,9,8,97.7,SYNTHETIC_DEVELOPMENT
3695,2026-08-14,10,4,1,1,General Medicine,1,11.5,4,6,5,7,44.7,SYNTHETIC_DEVELOPMENT
3696,2026-08-14,10,4,1,3,Pediatrics,5,13.65,8,12,9,3,103.9,SYNTHETIC_DEVELOPMENT
3697,2026-08-14,15,4,1,1,General Medicine,2,10.58,4,8,5,20,50.5,SYNTHETIC_DEVELOPMENT
3698,2026-08-14,11,4,1,3,Pediatrics,5,13.65,7,8,8,6,108.9,SYNTHETIC_DEVELOPMENT
3699,2026-08-14,11,4,1,2,Cardiology,4,16.62,8,10,9,8,135.4,SYNTHETIC_DEVELOPMENT
3700,2026-08-14,8,4,0,2,Cardiology,4,16.62,5,8,6,0,77.7,SYNTHETIC_DEVELOPMENT
3701,2026-08-14,13,4,0,2,Cardiology,4,16.62,3,6,4,18,59.2,SYNTHETIC_DEVELOPMENT
3702,2026-08-14,11,4,1,3,Pediatrics,5,13.65,8,8,9,8,107.6,SYNTHETIC_DEVELOPMENT
3703,2026-08-14,10,4,1,2,Cardiology,3,19.25,7,9,8,5,140.1,SYNTHETIC_DEVELOPMENT
3704,2026-08-14,12,4,0,3,Pediatrics,5,13.65,2,7,3,14,34.9,SYNTHETIC_DEVELOPMENT
3705,2026-08-14,11,4,1,1,General Medicine,1,11.5,6,9,7,14,88.8,SYNTHETIC_DEVELOPMENT
3706,2026-08-14,8,4,0,2,Cardiology,4,16.62,4,5,5,0,74.2,SYNTHETIC_DEVELOPMENT
3707,2026-08-14,9,4,1,3,Pediatrics,5,13.65,4,8,5,3,56.7,SYNTHETIC_DEVELOPMENT
3708,2026-08-14,11,4,1,1,General Medicine,1,11.5,8,8,9,13,99.0,SYNTHETIC_DEVELOPMENT
3709,2026-08-14,12,4,0,3,Pediatrics,5,13.65,7,12,8,11,126.4,SYNTHETIC_DEVELOPMENT
3710,2026-08-14,14,4,1,4,Orthopedics,6,14.5,4,7,5,16,58.2,SYNTHETIC_DEVELOPMENT
3711,2026-08-14,9,4,1,2,Cardiology,3,19.25,10,14,11,4,180.0,SYNTHETIC_DEVELOPMENT
3712,2026-08-14,11,4,1,1,General Medicine,1,11.5,8,11,9,8,87.7,SYNTHETIC_DEVELOPMENT
3713,2026-08-14,11,4,1,1,General Medicine,1,11.5,3,4,4,14,36.6,SYNTHETIC_DEVELOPMENT
3714,2026-08-14,15,4,1,5,Dermatology,7,9.0,3,6,4,23,32.5,SYNTHETIC_DEVELOPMENT
3715,2026-08-14,10,4,1,1,General Medicine,2,10.58,8,11,9,3,109.0,SYNTHETIC_DEVELOPMENT
3716,2026-08-14,11,4,1,1,General Medicine,2,10.58,9,11,10,8,96.6,SYNTHETIC_DEVELOPMENT
3717,2026-08-14,14,4,1,5,Dermatology,7,9.0,11,15,12,23,98.4,SYNTHETIC_DEVELOPMENT
3718,2026-08-14,13,4,0,1,General Medicine,2,10.58,1,5,2,18,11.4,SYNTHETIC_DEVELOPMENT
3719,2026-08-14,8,4,0,1,General Medicine,2,10.58,2,3,3,0,20.9,SYNTHETIC_DEVELOPMENT
3720,2026-08-14,14,4,1,1,General Medicine,1,11.5,5,9,6,24,60.3,SYNTHETIC_DEVELOPMENT
3721,2026-08-14,10,4,1,4,Orthopedics,6,14.5,8,13,9,7,117.7,SYNTHETIC_DEVELOPMENT
3722,2026-08-14,10,4,1,5,Dermatology,7,9.0,8,13,9,7,86.4,SYNTHETIC_DEVELOPMENT
3723,2026-08-14,15,4,1,1,General Medicine,2,10.58,3,5,4,17,39.7,SYNTHETIC_DEVELOPMENT
3724,2026-08-14,12,4,0,3,Pediatrics,5,13.65,6,9,7,13,88.4,SYNTHETIC_DEVELOPMENT
3725,2026-08-14,9,4,1,4,Orthopedics,6,14.5,6,9,7,3,104.6,SYNTHETIC_DEVELOPMENT
3726,2026-08-14,10,4,1,2,Cardiology,3,19.25,5,8,6,6,123.2,SYNTHETIC_DEVELOPMENT
3727,2026-08-14,9,4,1,2,Cardiology,4,16.62,4,9,5,2,70.3,SYNTHETIC_DEVELOPMENT
3728,2026-08-14,12,4,0,1,General Medicine,2,10.58,5,7,6,14,78.6,SYNTHETIC_DEVELOPMENT
3729,2026-08-14,11,4,1,1,General Medicine,2,10.58,4,9,5,9,40.4,SYNTHETIC_DEVELOPMENT
3730,2026-08-14,13,4,0,1,General Medicine,1,11.5,0,3,1,14,4.9,SYNTHETIC_DEVELOPMENT
3731,2026-08-14,10,4,1,2,Cardiology,4,16.62,7,11,8,5,125.8,SYNTHETIC_DEVELOPMENT
3732,2026-08-14,10,4,1,2,Cardiology,4,16.62,3,8,4,5,51.1,SYNTHETIC_DEVELOPMENT
3733,2026-08-14,14,4,1,5,Dermatology,7,9.0,13,14,14,17,114.8,SYNTHETIC_DEVELOPMENT
3734,2026-08-14,14,4,1,1,General Medicine,2,10.58,9,9,10,12,84.5,SYNTHETIC_DEVELOPMENT
3735,2026-08-14,15,4,1,3,Pediatrics,5,13.65,10,15,11,16,137.7,SYNTHETIC_DEVELOPMENT
3736,2026-08-14,9,4,1,1,General Medicine,2,10.58,4,7,5,2,43.8,SYNTHETIC_DEVELOPMENT
3737,2026-08-14,9,4,1,5,Dermatology,7,9.0,4,5,5,4,36.2,SYNTHETIC_DEVELOPMENT
3738,2026-08-14,10,4,1,5,Dermatology,7,9.0,7,9,8,7,68.2,SYNTHETIC_DEVELOPMENT
3739,2026-08-14,16,4,0,4,Orthopedics,6,14.5,5,7,6,34,79.2,SYNTHETIC_DEVELOPMENT
3740,2026-08-14,15,4,1,1,General Medicine,1,11.5,4,8,5,21,59.4,SYNTHETIC_DEVELOPMENT
3741,2026-08-14,9,4,1,5,Dermatology,7,9.0,8,8,9,3,87.5,SYNTHETIC_DEVELOPMENT
3742,2026-08-14,9,4,1,2,Cardiology,4,16.62,4,8,5,1,64.4,SYNTHETIC_DEVELOPMENT
3743,2026-08-14,11,4,1,2,Cardiology,4,16.62,1,3,2,8,12.6,SYNTHETIC_DEVELOPMENT
3744,2026-08-14,9,4,1,3,Pediatrics,5,13.65,6,7,7,1,79.6,SYNTHETIC_DEVELOPMENT
3745,2026-08-14,14,4,1,1,General Medicine,1,11.5,5,7,6,18,63.1,SYNTHETIC_DEVELOPMENT
3746,2026-08-14,10,4,1,3,Pediatrics,5,13.65,7,10,8,4,109.3,SYNTHETIC_DEVELOPMENT
3747,2026-08-14,10,4,1,5,Dermatology,7,9.0,8,9,9,9,75.3,SYNTHETIC_DEVELOPMENT
3748,2026-08-14,14,4,1,1,General Medicine,2,10.58,6,8,7,24,81.9,SYNTHETIC_DEVELOPMENT
3749,2026-08-14,11,4,1,1,General Medicine,1,11.5,4,5,5,16,57.1,SYNTHETIC_DEVELOPMENT
3750,2026-08-14,14,4,1,5,Dermatology,7,9.0,5,6,6,16,52.7,SYNTHETIC_DEVELOPMENT
3751,2026-08-15,9,5,1,2,Cardiology,3,19.25,5,7,6,3,103.8,SYNTHETIC_DEVELOPMENT
3752,2026-08-15,14,5,1,1,General Medicine,2,10.58,5,8,6,11,57.4,SYNTHETIC_DEVELOPMENT
3753,2026-08-15,11,5,1,1,General Medicine,1,11.5,8,12,9,12,104.5,SYNTHETIC_DEVELOPMENT
3754,2026-08-15,14,5,1,1,General Medicine,1,11.5,8,11,9,9,99.8,SYNTHETIC_DEVELOPMENT
3755,2026-08-15,9,5,1,2,Cardiology,4,16.62,7,8,8,1,142.3,SYNTHETIC_DEVELOPMENT
3756,2026-08-15,16,5,0,3,Pediatrics,5,13.65,3,9,4,22,44.5,SYNTHETIC_DEVELOPMENT
3757,2026-08-15,9,5,1,2,Cardiology,4,16.62,9,11,10,3,180.0,SYNTHETIC_DEVELOPMENT
3758,2026-08-15,15,5,1,2,Cardiology,4,16.62,9,11,10,25,179.4,SYNTHETIC_DEVELOPMENT
3759,2026-08-15,15,5,1,5,Dermatology,7,9.0,9,10,10,27,106.4,SYNTHETIC_DEVELOPMENT
3760,2026-08-15,11,5,1,2,Cardiology,4,16.62,12,13,13,13,180.0,SYNTHETIC_DEVELOPMENT
3761,2026-08-15,14,5,1,5,Dermatology,7,9.0,7,7,8,22,87.5,SYNTHETIC_DEVELOPMENT
3762,2026-08-15,8,5,0,5,Dermatology,7,9.0,5,11,6,0,39.5,SYNTHETIC_DEVELOPMENT
3763,2026-08-15,12,5,0,4,Orthopedics,6,14.5,5,6,6,11,71.4,SYNTHETIC_DEVELOPMENT
3764,2026-08-15,10,5,1,2,Cardiology,3,19.25,8,14,9,6,170.6,SYNTHETIC_DEVELOPMENT
3765,2026-08-15,15,5,1,3,Pediatrics,5,13.65,3,10,4,19,45.6,SYNTHETIC_DEVELOPMENT
3766,2026-08-15,11,5,1,1,General Medicine,2,10.58,11,13,12,10,129.9,SYNTHETIC_DEVELOPMENT
3767,2026-08-15,13,5,0,3,Pediatrics,5,13.65,5,7,6,14,73.7,SYNTHETIC_DEVELOPMENT
3768,2026-08-15,16,5,0,4,Orthopedics,6,14.5,3,7,4,22,45.4,SYNTHETIC_DEVELOPMENT
3769,2026-08-15,12,5,0,2,Cardiology,4,16.62,5,9,6,10,81.6,SYNTHETIC_DEVELOPMENT
3770,2026-08-15,15,5,1,1,General Medicine,1,11.5,7,9,8,20,81.6,SYNTHETIC_DEVELOPMENT
3771,2026-08-15,10,5,1,5,Dermatology,7,9.0,6,9,7,6,46.7,SYNTHETIC_DEVELOPMENT
3772,2026-08-15,10,5,1,4,Orthopedics,6,14.5,12,13,13,7,167.5,SYNTHETIC_DEVELOPMENT
3773,2026-08-15,11,5,1,2,Cardiology,3,19.25,11,12,12,11,180.0,SYNTHETIC_DEVELOPMENT
3774,2026-08-15,15,5,1,5,Dermatology,7,9.0,8,9,9,23,78.3,SYNTHETIC_DEVELOPMENT
3775,2026-08-15,10,5,1,2,Cardiology,3,19.25,6,8,7,4,98.3,SYNTHETIC_DEVELOPMENT
3776,2026-08-15,14,5,1,5,Dermatology,7,9.0,8,9,9,14,96.4,SYNTHETIC_DEVELOPMENT
3777,2026-08-15,15,5,1,1,General Medicine,2,10.58,9,15,10,16,129.7,SYNTHETIC_DEVELOPMENT
3778,2026-08-15,11,5,1,2,Cardiology,3,19.25,8,12,9,13,179.8,SYNTHETIC_DEVELOPMENT
3779,2026-08-15,15,5,1,4,Orthopedics,6,14.5,7,7,8,19,97.9,SYNTHETIC_DEVELOPMENT
3780,2026-08-15,11,5,1,1,General Medicine,1,11.5,5,9,6,9,71.1,SYNTHETIC_DEVELOPMENT
3781,2026-08-15,14,5,1,3,Pediatrics,5,13.65,5,7,6,18,62.0,SYNTHETIC_DEVELOPMENT
3782,2026-08-15,15,5,1,5,Dermatology,7,9.0,14,17,15,19,122.3,SYNTHETIC_DEVELOPMENT
3783,2026-08-15,10,5,1,2,Cardiology,4,16.62,7,9,8,6,124.2,SYNTHETIC_DEVELOPMENT
3784,2026-08-15,10,5,1,2,Cardiology,3,19.25,8,10,9,5,173.0,SYNTHETIC_DEVELOPMENT
3785,2026-08-15,10,5,1,3,Pediatrics,5,13.65,5,9,6,9,62.4,SYNTHETIC_DEVELOPMENT
3786,2026-08-15,13,5,0,3,Pediatrics,5,13.65,6,10,7,15,92.2,SYNTHETIC_DEVELOPMENT
3787,2026-08-15,10,5,1,1,General Medicine,1,11.5,9,9,10,6,109.2,SYNTHETIC_DEVELOPMENT
3788,2026-08-15,9,5,1,2,Cardiology,3,19.25,4,4,5,3,62.2,SYNTHETIC_DEVELOPMENT
3789,2026-08-15,10,5,1,3,Pediatrics,5,13.65,8,11,9,3,134.2,SYNTHETIC_DEVELOPMENT
3790,2026-08-15,10,5,1,3,Pediatrics,5,13.65,8,9,9,4,94.1,SYNTHETIC_DEVELOPMENT
3791,2026-08-15,10,5,1,2,Cardiology,3,19.25,5,7,6,6,71.0,SYNTHETIC_DEVELOPMENT
3792,2026-08-15,16,5,0,3,Pediatrics,5,13.65,7,8,8,28,111.6,SYNTHETIC_DEVELOPMENT
3793,2026-08-15,9,5,1,1,General Medicine,1,11.5,2,4,3,5,28.7,SYNTHETIC_DEVELOPMENT
3794,2026-08-15,10,5,1,3,Pediatrics,5,13.65,8,8,9,7,92.0,SYNTHETIC_DEVELOPMENT
3795,2026-08-15,11,5,1,4,Orthopedics,6,14.5,9,12,10,11,142.9,SYNTHETIC_DEVELOPMENT
3796,2026-08-15,15,5,1,4,Orthopedics,6,14.5,7,7,8,34,97.0,SYNTHETIC_DEVELOPMENT
3797,2026-08-15,9,5,1,2,Cardiology,4,16.62,8,11,9,2,137.3,SYNTHETIC_DEVELOPMENT
3798,2026-08-15,16,5,0,3,Pediatrics,5,13.65,6,11,7,25,91.2,SYNTHETIC_DEVELOPMENT
3799,2026-08-15,9,5,1,5,Dermatology,7,9.0,10,14,11,3,104.6,SYNTHETIC_DEVELOPMENT
3800,2026-08-15,15,5,1,3,Pediatrics,5,13.65,9,11,10,31,120.5,SYNTHETIC_DEVELOPMENT
3801,2026-08-15,10,5,1,3,Pediatrics,5,13.65,5,8,6,9,59.7,SYNTHETIC_DEVELOPMENT
3802,2026-08-15,10,5,1,4,Orthopedics,6,14.5,10,13,11,4,140.6,SYNTHETIC_DEVELOPMENT
3803,2026-08-15,9,5,1,5,Dermatology,7,9.0,10,13,11,2,109.7,SYNTHETIC_DEVELOPMENT
3804,2026-08-15,10,5,1,1,General Medicine,2,10.58,8,12,9,7,99.5,SYNTHETIC_DEVELOPMENT
3805,2026-08-15,15,5,1,1,General Medicine,1,11.5,5,8,6,25,80.7,SYNTHETIC_DEVELOPMENT
3806,2026-08-15,8,5,0,5,Dermatology,7,9.0,7,9,8,0,57.2,SYNTHETIC_DEVELOPMENT
3807,2026-08-15,10,5,1,1,General Medicine,2,10.58,12,14,13,4,122.6,SYNTHETIC_DEVELOPMENT
3808,2026-08-15,15,5,1,2,Cardiology,3,19.25,5,8,6,12,105.3,SYNTHETIC_DEVELOPMENT
3809,2026-08-15,10,5,1,2,Cardiology,4,16.62,12,14,13,12,180.0,SYNTHETIC_DEVELOPMENT
3810,2026-08-15,9,5,1,2,Cardiology,3,19.25,5,7,6,2,110.9,SYNTHETIC_DEVELOPMENT
3811,2026-08-15,16,5,0,1,General Medicine,2,10.58,4,5,5,15,43.5,SYNTHETIC_DEVELOPMENT
3812,2026-08-15,10,5,1,5,Dermatology,7,9.0,16,19,17,5,150.5,SYNTHETIC_DEVELOPMENT
3813,2026-08-15,10,5,1,3,Pediatrics,5,13.65,8,13,9,4,110.9,SYNTHETIC_DEVELOPMENT
3814,2026-08-15,15,5,1,3,Pediatrics,5,13.65,8,11,9,32,137.0,SYNTHETIC_DEVELOPMENT
3815,2026-08-15,9,5,1,1,General Medicine,1,11.5,9,11,10,4,95.9,SYNTHETIC_DEVELOPMENT
3816,2026-08-15,9,5,1,4,Orthopedics,6,14.5,6,10,7,2,95.6,SYNTHETIC_DEVELOPMENT
3817,2026-08-15,10,5,1,1,General Medicine,2,10.58,7,8,8,3,78.3,SYNTHETIC_DEVELOPMENT
3818,2026-08-15,10,5,1,2,Cardiology,3,19.25,1,5,2,14,22.4,SYNTHETIC_DEVELOPMENT
3819,2026-08-15,16,5,0,3,Pediatrics,5,13.65,3,5,4,33,45.0,SYNTHETIC_DEVELOPMENT
3820,2026-08-15,9,5,1,2,Cardiology,4,16.62,4,7,5,3,72.8,SYNTHETIC_DEVELOPMENT
3821,2026-08-15,13,5,0,2,Cardiology,3,19.25,10,12,11,10,180.0,SYNTHETIC_DEVELOPMENT
3822,2026-08-15,17,5,0,3,Pediatrics,5,13.65,5,6,6,35,74.3,SYNTHETIC_DEVELOPMENT
3823,2026-08-15,10,5,1,2,Cardiology,3,19.25,8,13,9,7,172.8,SYNTHETIC_DEVELOPMENT
3824,2026-08-15,12,5,0,2,Cardiology,3,19.25,3,8,4,17,57.4,SYNTHETIC_DEVELOPMENT
3825,2026-08-15,13,5,0,3,Pediatrics,5,13.65,3,5,4,12,45.0,SYNTHETIC_DEVELOPMENT
3826,2026-08-15,11,5,1,4,Orthopedics,6,14.5,6,8,7,13,101.3,SYNTHETIC_DEVELOPMENT
3827,2026-08-15,11,5,1,1,General Medicine,1,11.5,10,12,11,11,152.8,SYNTHETIC_DEVELOPMENT
3828,2026-08-15,11,5,1,1,General Medicine,2,10.58,6,9,7,9,94.7,SYNTHETIC_DEVELOPMENT
3829,2026-08-15,15,5,1,4,Orthopedics,6,14.5,11,13,12,16,180.0,SYNTHETIC_DEVELOPMENT
3830,2026-08-15,10,5,1,3,Pediatrics,5,13.65,12,17,13,7,178.1,SYNTHETIC_DEVELOPMENT
3831,2026-08-15,9,5,1,2,Cardiology,4,16.62,5,8,6,2,94.7,SYNTHETIC_DEVELOPMENT
3832,2026-08-15,15,5,1,3,Pediatrics,5,13.65,6,9,7,19,89.0,SYNTHETIC_DEVELOPMENT
3833,2026-08-15,14,5,1,1,General Medicine,1,11.5,8,13,9,13,97.2,SYNTHETIC_DEVELOPMENT
3834,2026-08-15,8,5,0,3,Pediatrics,5,13.65,4,6,5,0,63.0,SYNTHETIC_DEVELOPMENT
3835,2026-08-16,9,6,1,1,General Medicine,1,11.5,8,10,9,4,109.9,SYNTHETIC_DEVELOPMENT
3836,2026-08-16,12,6,0,5,Dermatology,7,9.0,2,6,3,9,15.0,SYNTHETIC_DEVELOPMENT
3837,2026-08-16,9,6,1,2,Cardiology,3,19.25,3,3,4,6,70.5,SYNTHETIC_DEVELOPMENT
3838,2026-08-16,12,6,0,2,Cardiology,3,19.25,2,5,3,15,38.4,SYNTHETIC_DEVELOPMENT
3839,2026-08-16,17,6,0,3,Pediatrics,5,13.65,0,6,1,33,1.8,SYNTHETIC_DEVELOPMENT
3840,2026-08-16,8,6,0,2,Cardiology,4,16.62,2,5,3,1,29.1,SYNTHETIC_DEVELOPMENT
3841,2026-08-16,11,6,1,5,Dermatology,7,9.0,5,7,6,12,42.2,SYNTHETIC_DEVELOPMENT
3842,2026-08-16,16,6,0,3,Pediatrics,5,13.65,5,11,6,21,75.9,SYNTHETIC_DEVELOPMENT
3843,2026-08-16,14,6,1,5,Dermatology,7,9.0,4,6,5,24,38.7,SYNTHETIC_DEVELOPMENT
3844,2026-08-16,11,6,1,1,General Medicine,2,10.58,4,6,5,12,45.9,SYNTHETIC_DEVELOPMENT
3845,2026-08-16,14,6,1,2,Cardiology,3,19.25,4,9,5,16,83.9,SYNTHETIC_DEVELOPMENT
3846,2026-08-16,9,6,1,2,Cardiology,4,16.62,6,9,7,3,96.5,SYNTHETIC_DEVELOPMENT
3847,2026-08-16,15,6,1,4,Orthopedics,6,14.5,4,6,5,15,53.9,SYNTHETIC_DEVELOPMENT
3848,2026-08-16,10,6,1,1,General Medicine,1,11.5,0,2,1,8,1.6,SYNTHETIC_DEVELOPMENT
3849,2026-08-16,10,6,1,5,Dermatology,7,9.0,4,10,5,6,31.5,SYNTHETIC_DEVELOPMENT
3850,2026-08-16,10,6,1,1,General Medicine,1,11.5,4,9,5,11,49.2,SYNTHETIC_DEVELOPMENT
3851,2026-08-16,10,6,1,1,General Medicine,1,11.5,3,7,4,4,25.3,SYNTHETIC_DEVELOPMENT
3852,2026-08-16,10,6,1,5,Dermatology,7,9.0,7,13,8,4,64.4,SYNTHETIC_DEVELOPMENT
3853,2026-08-16,10,6,1,5,Dermatology,7,9.0,3,5,4,5,29.6,SYNTHETIC_DEVELOPMENT
3854,2026-08-16,8,6,0,4,Orthopedics,6,14.5,3,5,4,0,36.3,SYNTHETIC_DEVELOPMENT
3855,2026-08-16,11,6,1,1,General Medicine,1,11.5,7,10,8,11,82.7,SYNTHETIC_DEVELOPMENT
3856,2026-08-16,12,6,0,3,Pediatrics,5,13.65,4,6,5,16,64.4,SYNTHETIC_DEVELOPMENT
3857,2026-08-16,10,6,1,1,General Medicine,1,11.5,7,10,8,6,90.1,SYNTHETIC_DEVELOPMENT
3858,2026-08-16,9,6,1,4,Orthopedics,6,14.5,5,8,6,3,71.0,SYNTHETIC_DEVELOPMENT
3859,2026-08-16,12,6,0,3,Pediatrics,5,13.65,5,7,6,10,72.5,SYNTHETIC_DEVELOPMENT
3860,2026-08-16,9,6,1,5,Dermatology,7,9.0,3,9,4,1,36.9,SYNTHETIC_DEVELOPMENT
3861,2026-08-16,15,6,1,2,Cardiology,3,19.25,4,6,5,23,86.4,SYNTHETIC_DEVELOPMENT
3862,2026-08-16,10,6,1,5,Dermatology,7,9.0,7,11,8,10,67.0,SYNTHETIC_DEVELOPMENT
3863,2026-08-16,11,6,1,1,General Medicine,1,11.5,6,9,7,6,74.0,SYNTHETIC_DEVELOPMENT
3864,2026-08-16,10,6,1,4,Orthopedics,6,14.5,4,6,5,6,63.6,SYNTHETIC_DEVELOPMENT
3865,2026-08-16,9,6,1,1,General Medicine,1,11.5,4,9,5,0,81.2,SYNTHETIC_DEVELOPMENT
3866,2026-08-16,11,6,1,2,Cardiology,4,16.62,3,7,4,8,59.5,SYNTHETIC_DEVELOPMENT
3867,2026-08-16,11,6,1,2,Cardiology,4,16.62,5,9,6,12,86.6,SYNTHETIC_DEVELOPMENT
3868,2026-08-16,12,6,0,3,Pediatrics,5,13.65,3,6,4,10,51.7,SYNTHETIC_DEVELOPMENT
3869,2026-08-16,8,6,0,5,Dermatology,7,9.0,3,11,4,0,30.3,SYNTHETIC_DEVELOPMENT
3870,2026-08-16,10,6,1,3,Pediatrics,5,13.65,3,5,4,5,32.3,SYNTHETIC_DEVELOPMENT
3871,2026-08-16,10,6,1,1,General Medicine,2,10.58,4,7,5,3,42.4,SYNTHETIC_DEVELOPMENT
3872,2026-08-16,13,6,0,3,Pediatrics,5,13.65,2,5,3,15,26.5,SYNTHETIC_DEVELOPMENT
3873,2026-08-16,10,6,1,5,Dermatology,7,9.0,1,3,2,4,10.3,SYNTHETIC_DEVELOPMENT
3874,2026-08-16,9,6,1,4,Orthopedics,6,14.5,5,10,6,4,56.9,SYNTHETIC_DEVELOPMENT
3875,2026-08-16,12,6,0,2,Cardiology,3,19.25,6,7,7,10,127.7,SYNTHETIC_DEVELOPMENT
3876,2026-08-16,9,6,1,2,Cardiology,4,16.62,3,9,4,2,46.4,SYNTHETIC_DEVELOPMENT
3877,2026-08-16,12,6,0,5,Dermatology,7,9.0,1,5,2,11,6.0,SYNTHETIC_DEVELOPMENT
3878,2026-08-16,15,6,1,2,Cardiology,4,16.62,5,8,6,25,91.5,SYNTHETIC_DEVELOPMENT
3879,2026-08-16,10,6,1,4,Orthopedics,6,14.5,5,7,6,5,85.0,SYNTHETIC_DEVELOPMENT
3880,2026-08-16,9,6,1,3,Pediatrics,5,13.65,8,8,9,2,111.2,SYNTHETIC_DEVELOPMENT
3881,2026-08-16,12,6,0,5,Dermatology,7,9.0,1,3,2,11,8.1,SYNTHETIC_DEVELOPMENT
3882,2026-08-16,17,6,0,5,Dermatology,7,9.0,2,5,3,21,30.4,SYNTHETIC_DEVELOPMENT
3883,2026-08-16,14,6,1,2,Cardiology,3,19.25,1,2,2,16,24.5,SYNTHETIC_DEVELOPMENT
3884,2026-08-16,9,6,1,2,Cardiology,4,16.62,5,5,6,2,107.8,SYNTHETIC_DEVELOPMENT
3885,2026-08-16,16,6,0,5,Dermatology,7,9.0,8,8,9,23,70.4,SYNTHETIC_DEVELOPMENT
3886,2026-08-16,10,6,1,2,Cardiology,4,16.62,5,10,6,5,85.4,SYNTHETIC_DEVELOPMENT
3887,2026-08-16,9,6,1,5,Dermatology,7,9.0,3,7,4,2,30.9,SYNTHETIC_DEVELOPMENT
3888,2026-08-16,11,6,1,1,General Medicine,1,11.5,2,4,3,6,28.2,SYNTHETIC_DEVELOPMENT
3889,2026-08-16,16,6,0,2,Cardiology,4,16.62,3,5,4,22,61.1,SYNTHETIC_DEVELOPMENT
3890,2026-08-16,9,6,1,5,Dermatology,7,9.0,2,6,3,5,25.6,SYNTHETIC_DEVELOPMENT
3891,2026-08-16,9,6,1,5,Dermatology,7,9.0,5,7,6,2,54.2,SYNTHETIC_DEVELOPMENT
3892,2026-08-16,11,6,1,2,Cardiology,4,16.62,5,7,6,17,73.7,SYNTHETIC_DEVELOPMENT
3893,2026-08-16,10,6,1,2,Cardiology,3,19.25,8,9,9,6,152.9,SYNTHETIC_DEVELOPMENT
3894,2026-08-16,10,6,1,4,Orthopedics,6,14.5,4,7,5,8,57.1,SYNTHETIC_DEVELOPMENT
3895,2026-08-16,9,6,1,1,General Medicine,1,11.5,5,7,6,2,52.6,SYNTHETIC_DEVELOPMENT
3896,2026-08-16,14,6,1,1,General Medicine,1,11.5,9,11,10,20,107.5,SYNTHETIC_DEVELOPMENT
3897,2026-08-16,12,6,0,5,Dermatology,7,9.0,3,5,4,10,32.4,SYNTHETIC_DEVELOPMENT
3898,2026-08-16,16,6,0,5,Dermatology,7,9.0,4,5,5,31,37.3,SYNTHETIC_DEVELOPMENT
3899,2026-08-16,11,6,1,4,Orthopedics,6,14.5,6,7,7,13,112.6,SYNTHETIC_DEVELOPMENT
3900,2026-08-16,9,6,1,3,Pediatrics,5,13.65,6,8,7,4,85.9,SYNTHETIC_DEVELOPMENT
3901,2026-08-16,14,6,1,5,Dermatology,7,9.0,7,10,8,23,76.8,SYNTHETIC_DEVELOPMENT
3902,2026-08-16,15,6,1,2,Cardiology,4,16.62,7,9,8,31,135.0,SYNTHETIC_DEVELOPMENT
3903,2026-08-16,11,6,1,4,Orthopedics,6,14.5,3,7,4,15,40.5,SYNTHETIC_DEVELOPMENT
3904,2026-08-16,10,6,1,3,Pediatrics,5,13.65,5,9,6,5,54.0,SYNTHETIC_DEVELOPMENT
3905,2026-08-16,16,6,0,1,General Medicine,1,11.5,4,9,5,32,48.4,SYNTHETIC_DEVELOPMENT
3906,2026-08-16,12,6,0,1,General Medicine,1,11.5,4,5,5,16,45.7,SYNTHETIC_DEVELOPMENT
3907,2026-08-16,10,6,1,5,Dermatology,7,9.0,6,6,7,10,41.4,SYNTHETIC_DEVELOPMENT
3908,2026-08-16,15,6,1,5,Dermatology,7,9.0,5,6,6,23,57.6,SYNTHETIC_DEVELOPMENT
3909,2026-08-16,11,6,1,1,General Medicine,1,11.5,3,5,4,5,40.0,SYNTHETIC_DEVELOPMENT
3910,2026-08-16,11,6,1,1,General Medicine,2,10.58,5,7,6,10,43.4,SYNTHETIC_DEVELOPMENT
3911,2026-08-16,11,6,1,2,Cardiology,4,16.62,9,12,10,18,180.0,SYNTHETIC_DEVELOPMENT
3912,2026-08-16,11,6,1,1,General Medicine,1,11.5,8,11,9,11,97.4,SYNTHETIC_DEVELOPMENT
3913,2026-08-16,12,6,0,3,Pediatrics,5,13.65,3,5,4,10,51.1,SYNTHETIC_DEVELOPMENT
3914,2026-08-16,15,6,1,3,Pediatrics,5,13.65,8,10,9,15,104.1,SYNTHETIC_DEVELOPMENT
3915,2026-08-16,15,6,1,2,Cardiology,4,16.62,5,6,6,17,119.9,SYNTHETIC_DEVELOPMENT
3916,2026-08-16,10,6,1,2,Cardiology,3,19.25,4,8,5,6,77.6,SYNTHETIC_DEVELOPMENT
3917,2026-08-16,11,6,1,1,General Medicine,1,11.5,4,6,5,6,48.5,SYNTHETIC_DEVELOPMENT
3918,2026-08-17,11,0,1,4,Orthopedics,6,14.5,8,9,9,9,145.9,SYNTHETIC_DEVELOPMENT
3919,2026-08-17,9,0,1,1,General Medicine,2,10.58,7,8,8,4,82.6,SYNTHETIC_DEVELOPMENT
3920,2026-08-17,10,0,1,2,Cardiology,4,16.62,5,6,6,6,92.1,SYNTHETIC_DEVELOPMENT
3921,2026-08-17,15,0,1,4,Orthopedics,6,14.5,15,15,16,26,180.0,SYNTHETIC_DEVELOPMENT
3922,2026-08-17,10,0,1,5,Dermatology,7,9.0,6,9,7,4,66.7,SYNTHETIC_DEVELOPMENT
3923,2026-08-17,16,0,0,4,Orthopedics,6,14.5,3,4,4,23,54.1,SYNTHETIC_DEVELOPMENT
3924,2026-08-17,14,0,1,5,Dermatology,7,9.0,7,10,8,21,70.8,SYNTHETIC_DEVELOPMENT
3925,2026-08-17,12,0,0,1,General Medicine,2,10.58,7,10,8,8,83.4,SYNTHETIC_DEVELOPMENT
3926,2026-08-17,8,0,0,4,Orthopedics,6,14.5,2,7,3,0,27.3,SYNTHETIC_DEVELOPMENT
3927,2026-08-17,11,0,1,1,General Medicine,1,11.5,10,13,11,9,148.7,SYNTHETIC_DEVELOPMENT
3928,2026-08-17,9,0,1,5,Dermatology,7,9.0,6,6,7,4,59.9,SYNTHETIC_DEVELOPMENT
3929,2026-08-17,9,0,1,2,Cardiology,4,16.62,8,10,9,0,150.9,SYNTHETIC_DEVELOPMENT
3930,2026-08-17,11,0,1,5,Dermatology,7,9.0,12,15,13,9,125.8,SYNTHETIC_DEVELOPMENT
3931,2026-08-17,11,0,1,2,Cardiology,4,16.62,8,8,9,7,133.2,SYNTHETIC_DEVELOPMENT
3932,2026-08-17,14,0,1,1,General Medicine,1,11.5,9,12,10,11,114.3,SYNTHETIC_DEVELOPMENT
3933,2026-08-17,11,0,1,1,General Medicine,2,10.58,5,6,6,11,45.5,SYNTHETIC_DEVELOPMENT
3934,2026-08-17,15,0,1,2,Cardiology,3,19.25,10,14,11,14,180.0,SYNTHETIC_DEVELOPMENT
3935,2026-08-17,11,0,1,5,Dermatology,7,9.0,4,7,5,5,30.9,SYNTHETIC_DEVELOPMENT
3936,2026-08-17,16,0,0,3,Pediatrics,5,13.65,6,9,7,22,102.9,SYNTHETIC_DEVELOPMENT
3937,2026-08-17,10,0,1,5,Dermatology,7,9.0,11,14,12,7,99.5,SYNTHETIC_DEVELOPMENT
3938,2026-08-17,15,0,1,1,General Medicine,2,10.58,7,10,8,23,70.6,SYNTHETIC_DEVELOPMENT
3939,2026-08-17,16,0,0,3,Pediatrics,5,13.65,5,6,6,22,78.1,SYNTHETIC_DEVELOPMENT
3940,2026-08-17,14,0,1,1,General Medicine,1,11.5,12,13,13,24,147.1,SYNTHETIC_DEVELOPMENT
3941,2026-08-17,15,0,1,1,General Medicine,2,10.58,7,11,8,27,82.1,SYNTHETIC_DEVELOPMENT
3942,2026-08-17,15,0,1,1,General Medicine,2,10.58,6,8,7,12,63.7,SYNTHETIC_DEVELOPMENT
3943,2026-08-17,14,0,1,3,Pediatrics,5,13.65,8,8,9,22,116.9,SYNTHETIC_DEVELOPMENT
3944,2026-08-17,14,0,1,2,Cardiology,3,19.25,8,17,9,22,162.6,SYNTHETIC_DEVELOPMENT
3945,2026-08-17,9,0,1,3,Pediatrics,5,13.65,9,11,10,3,136.4,SYNTHETIC_DEVELOPMENT
3946,2026-08-17,9,0,1,3,Pediatrics,5,13.65,12,12,13,5,177.0,SYNTHETIC_DEVELOPMENT
3947,2026-08-17,16,0,0,3,Pediatrics,5,13.65,5,8,6,33,79.1,SYNTHETIC_DEVELOPMENT
3948,2026-08-17,11,0,1,4,Orthopedics,6,14.5,7,10,8,9,110.2,SYNTHETIC_DEVELOPMENT
3949,2026-08-17,11,0,1,1,General Medicine,1,11.5,5,12,6,10,58.9,SYNTHETIC_DEVELOPMENT
3950,2026-08-17,9,0,1,3,Pediatrics,5,13.65,7,8,8,2,101.2,SYNTHETIC_DEVELOPMENT
3951,2026-08-17,11,0,1,2,Cardiology,4,16.62,7,10,8,6,123.5,SYNTHETIC_DEVELOPMENT
3952,2026-08-17,16,0,0,2,Cardiology,3,19.25,5,8,6,23,86.9,SYNTHETIC_DEVELOPMENT
3953,2026-08-17,12,0,0,2,Cardiology,3,19.25,5,7,6,7,108.4,SYNTHETIC_DEVELOPMENT
3954,2026-08-17,10,0,1,4,Orthopedics,6,14.5,7,9,8,7,122.9,SYNTHETIC_DEVELOPMENT
3955,2026-08-17,14,0,1,5,Dermatology,7,9.0,10,10,11,14,97.7,SYNTHETIC_DEVELOPMENT
3956,2026-08-17,9,0,1,1,General Medicine,1,11.5,6,9,7,2,84.7,SYNTHETIC_DEVELOPMENT
3957,2026-08-17,8,0,0,5,Dermatology,7,9.0,5,8,6,1,50.1,SYNTHETIC_DEVELOPMENT
3958,2026-08-17,10,0,1,2,Cardiology,4,16.62,10,13,11,7,179.9,SYNTHETIC_DEVELOPMENT
3959,2026-08-17,15,0,1,4,Orthopedics,6,14.5,3,4,4,34,49.3,SYNTHETIC_DEVELOPMENT
3960,2026-08-17,10,0,1,5,Dermatology,7,9.0,6,9,7,11,61.2,SYNTHETIC_DEVELOPMENT
3961,2026-08-17,10,0,1,1,General Medicine,2,10.58,5,7,6,3,63.4,SYNTHETIC_DEVELOPMENT
3962,2026-08-17,8,0,0,5,Dermatology,7,9.0,6,10,7,1,53.4,SYNTHETIC_DEVELOPMENT
3963,2026-08-17,9,0,1,2,Cardiology,3,19.25,7,7,8,5,128.0,SYNTHETIC_DEVELOPMENT
3964,2026-08-17,11,0,1,4,Orthopedics,6,14.5,5,6,6,8,77.5,SYNTHETIC_DEVELOPMENT
3965,2026-08-17,10,0,1,4,Orthopedics,6,14.5,6,9,7,7,87.0,SYNTHETIC_DEVELOPMENT
3966,2026-08-17,15,0,1,2,Cardiology,4,16.62,7,11,8,15,131.9,SYNTHETIC_DEVELOPMENT
3967,2026-08-17,10,0,1,2,Cardiology,3,19.25,13,17,14,7,180.0,SYNTHETIC_DEVELOPMENT
3968,2026-08-17,14,0,1,1,General Medicine,2,10.58,4,6,5,18,48.9,SYNTHETIC_DEVELOPMENT
3969,2026-08-17,9,0,1,4,Orthopedics,6,14.5,8,13,9,3,110.2,SYNTHETIC_DEVELOPMENT
3970,2026-08-17,11,0,1,4,Orthopedics,6,14.5,4,8,5,6,60.8,SYNTHETIC_DEVELOPMENT
3971,2026-08-17,12,0,0,4,Orthopedics,6,14.5,8,13,9,10,132.5,SYNTHETIC_DEVELOPMENT
3972,2026-08-17,10,0,1,2,Cardiology,3,19.25,14,14,15,10,180.0,SYNTHETIC_DEVELOPMENT
3973,2026-08-17,9,0,1,2,Cardiology,4,16.62,6,9,7,1,90.6,SYNTHETIC_DEVELOPMENT
3974,2026-08-17,10,0,1,1,General Medicine,1,11.5,8,9,9,4,106.5,SYNTHETIC_DEVELOPMENT
3975,2026-08-17,11,0,1,5,Dermatology,7,9.0,9,15,10,10,96.5,SYNTHETIC_DEVELOPMENT
3976,2026-08-17,10,0,1,4,Orthopedics,6,14.5,5,6,6,3,77.6,SYNTHETIC_DEVELOPMENT
3977,2026-08-17,12,0,0,2,Cardiology,4,16.62,4,5,5,11,65.6,SYNTHETIC_DEVELOPMENT
3978,2026-08-17,14,0,1,5,Dermatology,7,9.0,9,11,10,20,103.6,SYNTHETIC_DEVELOPMENT
3979,2026-08-17,9,0,1,4,Orthopedics,6,14.5,9,11,10,4,164.6,SYNTHETIC_DEVELOPMENT
3980,2026-08-17,10,0,1,1,General Medicine,2,10.58,6,6,7,12,64.9,SYNTHETIC_DEVELOPMENT
3981,2026-08-17,15,0,1,1,General Medicine,1,11.5,8,12,9,23,91.3,SYNTHETIC_DEVELOPMENT
3982,2026-08-17,8,0,0,1,General Medicine,2,10.58,2,3,3,0,38.1,SYNTHETIC_DEVELOPMENT
3983,2026-08-17,14,0,1,3,Pediatrics,5,13.65,7,10,8,19,94.6,SYNTHETIC_DEVELOPMENT
3984,2026-08-17,10,0,1,1,General Medicine,2,10.58,7,11,8,5,94.8,SYNTHETIC_DEVELOPMENT
3985,2026-08-17,16,0,0,1,General Medicine,2,10.58,6,10,7,27,82.6,SYNTHETIC_DEVELOPMENT
3986,2026-08-17,15,0,1,2,Cardiology,3,19.25,7,8,8,20,147.3,SYNTHETIC_DEVELOPMENT
3987,2026-08-17,11,0,1,3,Pediatrics,5,13.65,8,15,9,8,103.7,SYNTHETIC_DEVELOPMENT
3988,2026-08-17,14,0,1,3,Pediatrics,5,13.65,15,17,16,26,180.0,SYNTHETIC_DEVELOPMENT
3989,2026-08-17,13,0,0,4,Orthopedics,6,14.5,1,4,2,23,15.0,SYNTHETIC_DEVELOPMENT
3990,2026-08-17,11,0,1,2,Cardiology,4,16.62,5,7,6,9,92.0,SYNTHETIC_DEVELOPMENT
3991,2026-08-17,11,0,1,5,Dermatology,7,9.0,8,8,9,14,82.7,SYNTHETIC_DEVELOPMENT
3992,2026-08-17,12,0,0,3,Pediatrics,5,13.65,3,7,4,13,47.8,SYNTHETIC_DEVELOPMENT
3993,2026-08-17,12,0,0,1,General Medicine,2,10.58,3,4,4,18,42.6,SYNTHETIC_DEVELOPMENT
3994,2026-08-17,10,0,1,5,Dermatology,7,9.0,8,11,9,9,82.1,SYNTHETIC_DEVELOPMENT
3995,2026-08-17,11,0,1,2,Cardiology,4,16.62,8,10,9,5,180.0,SYNTHETIC_DEVELOPMENT
3996,2026-08-17,11,0,1,2,Cardiology,3,19.25,6,9,7,11,126.2,SYNTHETIC_DEVELOPMENT
3997,2026-08-17,11,0,1,2,Cardiology,4,16.62,3,5,4,10,40.6,SYNTHETIC_DEVELOPMENT
3998,2026-08-17,16,0,0,2,Cardiology,3,19.25,7,14,8,25,147.7,SYNTHETIC_DEVELOPMENT
3999,2026-08-17,10,0,1,2,Cardiology,3,19.25,9,16,10,5,177.2,SYNTHETIC_DEVELOPMENT
4000,2026-08-17,10,0,1,3,Pediatrics,5,13.65,3,8,4,7,40.9,SYNTHETIC_DEVELOPMENT
4001,2026-08-18,9,1,1,3,Pediatrics,5,13.65,5,8,6,5,60.7,SYNTHETIC_DEVELOPMENT
4002,2026-08-18,14,1,1,5,Dermatology,7,9.0,5,6,6,18,46.2,SYNTHETIC_DEVELOPMENT
4003,2026-08-18,10,1,1,4,Orthopedics,6,14.5,9,11,10,3,141.3,SYNTHETIC_DEVELOPMENT
4004,2026-08-18,14,1,1,1,General Medicine,1,11.5,7,9,8,20,77.7,SYNTHETIC_DEVELOPMENT
4005,2026-08-18,9,1,1,2,Cardiology,4,16.62,8,13,9,2,122.1,SYNTHETIC_DEVELOPMENT
4006,2026-08-18,14,1,1,2,Cardiology,3,19.25,8,13,9,17,180.0,SYNTHETIC_DEVELOPMENT
4007,2026-08-18,11,1,1,4,Orthopedics,6,14.5,6,14,7,10,88.4,SYNTHETIC_DEVELOPMENT
4008,2026-08-18,8,1,0,1,General Medicine,2,10.58,6,9,7,0,60.8,SYNTHETIC_DEVELOPMENT
4009,2026-08-18,11,1,1,1,General Medicine,2,10.58,9,14,10,13,100.0,SYNTHETIC_DEVELOPMENT
4010,2026-08-18,15,1,1,3,Pediatrics,5,13.65,9,14,10,21,133.7,SYNTHETIC_DEVELOPMENT
4011,2026-08-18,11,1,1,5,Dermatology,7,9.0,8,13,9,5,79.3,SYNTHETIC_DEVELOPMENT
4012,2026-08-18,10,1,1,5,Dermatology,7,9.0,5,10,6,4,49.1,SYNTHETIC_DEVELOPMENT
4013,2026-08-18,9,1,1,5,Dermatology,7,9.0,6,6,7,6,51.6,SYNTHETIC_DEVELOPMENT
4014,2026-08-18,13,1,0,1,General Medicine,1,11.5,2,4,3,11,26.3,SYNTHETIC_DEVELOPMENT
4015,2026-08-18,10,1,1,4,Orthopedics,6,14.5,4,7,5,6,49.0,SYNTHETIC_DEVELOPMENT
4016,2026-08-18,15,1,1,5,Dermatology,7,9.0,3,4,4,19,32.2,SYNTHETIC_DEVELOPMENT
4017,2026-08-18,10,1,1,4,Orthopedics,6,14.5,7,7,8,7,90.8,SYNTHETIC_DEVELOPMENT
4018,2026-08-18,16,1,0,1,General Medicine,1,11.5,7,9,8,19,87.7,SYNTHETIC_DEVELOPMENT
4019,2026-08-18,12,1,0,3,Pediatrics,5,13.65,9,9,10,16,131.4,SYNTHETIC_DEVELOPMENT
4020,2026-08-18,10,1,1,2,Cardiology,3,19.25,4,6,5,12,107.7,SYNTHETIC_DEVELOPMENT
4021,2026-08-18,15,1,1,5,Dermatology,7,9.0,6,9,7,23,53.7,SYNTHETIC_DEVELOPMENT
4022,2026-08-18,12,1,0,1,General Medicine,2,10.58,2,4,3,6,32.4,SYNTHETIC_DEVELOPMENT
4023,2026-08-18,11,1,1,3,Pediatrics,5,13.65,7,12,8,13,82.0,SYNTHETIC_DEVELOPMENT
4024,2026-08-18,9,1,1,5,Dermatology,7,9.0,6,11,7,3,56.9,SYNTHETIC_DEVELOPMENT
4025,2026-08-18,16,1,0,1,General Medicine,2,10.58,5,8,6,23,64.6,SYNTHETIC_DEVELOPMENT
4026,2026-08-18,9,1,1,1,General Medicine,2,10.58,9,13,10,4,112.2,SYNTHETIC_DEVELOPMENT
4027,2026-08-18,11,1,1,2,Cardiology,4,16.62,6,11,7,13,109.0,SYNTHETIC_DEVELOPMENT
4028,2026-08-18,14,1,1,5,Dermatology,7,9.0,5,7,6,24,48.6,SYNTHETIC_DEVELOPMENT
4029,2026-08-18,10,1,1,4,Orthopedics,6,14.5,8,11,9,15,135.3,SYNTHETIC_DEVELOPMENT
4030,2026-08-18,9,1,1,2,Cardiology,3,19.25,8,11,9,5,177.4,SYNTHETIC_DEVELOPMENT
4031,2026-08-18,10,1,1,2,Cardiology,4,16.62,7,8,8,5,118.1,SYNTHETIC_DEVELOPMENT
4032,2026-08-18,9,1,1,2,Cardiology,3,19.25,8,11,9,3,164.8,SYNTHETIC_DEVELOPMENT
4033,2026-08-18,12,1,0,1,General Medicine,2,10.58,3,5,4,13,26.0,SYNTHETIC_DEVELOPMENT
4034,2026-08-18,12,1,0,1,General Medicine,2,10.58,6,7,7,12,59.8,SYNTHETIC_DEVELOPMENT
4035,2026-08-18,10,1,1,3,Pediatrics,5,13.65,4,7,5,7,49.3,SYNTHETIC_DEVELOPMENT
4036,2026-08-18,9,1,1,2,Cardiology,4,16.62,9,9,10,0,147.0,SYNTHETIC_DEVELOPMENT
4037,2026-08-18,9,1,1,4,Orthopedics,6,14.5,9,13,10,3,141.1,SYNTHETIC_DEVELOPMENT
4038,2026-08-18,13,1,0,1,General Medicine,1,11.5,1,4,2,18,9.6,SYNTHETIC_DEVELOPMENT
4039,2026-08-18,12,1,0,3,Pediatrics,5,13.65,5,10,6,9,78.6,SYNTHETIC_DEVELOPMENT
4040,2026-08-18,11,1,1,1,General Medicine,1,11.5,8,10,9,10,89.5,SYNTHETIC_DEVELOPMENT
4041,2026-08-18,10,1,1,2,Cardiology,4,16.62,9,12,10,6,151.7,SYNTHETIC_DEVELOPMENT
4042,2026-08-18,10,1,1,1,General Medicine,2,10.58,5,8,6,3,64.0,SYNTHETIC_DEVELOPMENT
4043,2026-08-18,11,1,1,4,Orthopedics,6,14.5,2,3,3,10,33.9,SYNTHETIC_DEVELOPMENT
4044,2026-08-18,9,1,1,4,Orthopedics,6,14.5,3,5,4,6,57.5,SYNTHETIC_DEVELOPMENT
4045,2026-08-18,14,1,1,1,General Medicine,1,11.5,6,8,7,27,73.3,SYNTHETIC_DEVELOPMENT
4046,2026-08-18,11,1,1,4,Orthopedics,6,14.5,4,6,5,11,42.7,SYNTHETIC_DEVELOPMENT
4047,2026-08-18,11,1,1,3,Pediatrics,5,13.65,6,6,7,9,101.0,SYNTHETIC_DEVELOPMENT
4048,2026-08-18,11,1,1,2,Cardiology,3,19.25,6,8,7,11,114.0,SYNTHETIC_DEVELOPMENT
4049,2026-08-18,15,1,1,5,Dermatology,7,9.0,7,10,8,23,65.1,SYNTHETIC_DEVELOPMENT
4050,2026-08-18,10,1,1,2,Cardiology,4,16.62,3,5,4,7,48.2,SYNTHETIC_DEVELOPMENT
4051,2026-08-18,10,1,1,2,Cardiology,3,19.25,4,8,5,5,70.5,SYNTHETIC_DEVELOPMENT
4052,2026-08-18,16,1,0,2,Cardiology,4,16.62,5,9,6,27,109.9,SYNTHETIC_DEVELOPMENT
4053,2026-08-18,17,1,0,1,General Medicine,1,11.5,4,7,5,26,51.0,SYNTHETIC_DEVELOPMENT
4054,2026-08-18,11,1,1,2,Cardiology,4,16.62,4,5,5,7,72.4,SYNTHETIC_DEVELOPMENT
4055,2026-08-18,11,1,1,4,Orthopedics,6,14.5,3,5,4,7,61.2,SYNTHETIC_DEVELOPMENT
4056,2026-08-18,9,1,1,1,General Medicine,2,10.58,5,11,6,4,62.7,SYNTHETIC_DEVELOPMENT
4057,2026-08-18,14,1,1,3,Pediatrics,5,13.65,4,5,5,21,56.1,SYNTHETIC_DEVELOPMENT
4058,2026-08-18,9,1,1,1,General Medicine,1,11.5,9,11,10,6,105.9,SYNTHETIC_DEVELOPMENT
4059,2026-08-18,11,1,1,4,Orthopedics,6,14.5,3,7,4,10,51.8,SYNTHETIC_DEVELOPMENT
4060,2026-08-18,9,1,1,4,Orthopedics,6,14.5,2,6,3,3,35.5,SYNTHETIC_DEVELOPMENT
4061,2026-08-18,17,1,0,1,General Medicine,1,11.5,3,5,4,31,34.1,SYNTHETIC_DEVELOPMENT
4062,2026-08-18,12,1,0,3,Pediatrics,5,13.65,3,10,4,6,53.5,SYNTHETIC_DEVELOPMENT
4063,2026-08-18,15,1,1,4,Orthopedics,6,14.5,9,10,10,27,136.8,SYNTHETIC_DEVELOPMENT
4064,2026-08-18,15,1,1,1,General Medicine,1,11.5,1,3,2,19,21.1,SYNTHETIC_DEVELOPMENT
4065,2026-08-18,10,1,1,3,Pediatrics,5,13.65,8,10,9,8,124.5,SYNTHETIC_DEVELOPMENT
4066,2026-08-18,14,1,1,1,General Medicine,2,10.58,6,10,7,16,82.1,SYNTHETIC_DEVELOPMENT
4067,2026-08-18,11,1,1,2,Cardiology,4,16.62,9,14,10,9,174.5,SYNTHETIC_DEVELOPMENT
4068,2026-08-18,10,1,1,1,General Medicine,1,11.5,5,7,6,7,58.4,SYNTHETIC_DEVELOPMENT
4069,2026-08-18,14,1,1,2,Cardiology,4,16.62,9,11,10,19,148.4,SYNTHETIC_DEVELOPMENT
4070,2026-08-18,9,1,1,1,General Medicine,1,11.5,6,13,7,0,78.1,SYNTHETIC_DEVELOPMENT
4071,2026-08-18,14,1,1,1,General Medicine,1,11.5,5,9,6,21,71.2,SYNTHETIC_DEVELOPMENT
4072,2026-08-18,10,1,1,2,Cardiology,3,19.25,3,7,4,6,65.8,SYNTHETIC_DEVELOPMENT
4073,2026-08-18,15,1,1,3,Pediatrics,5,13.65,4,6,5,24,67.4,SYNTHETIC_DEVELOPMENT
4074,2026-08-18,8,1,0,1,General Medicine,2,10.58,3,6,4,0,32.1,SYNTHETIC_DEVELOPMENT
4075,2026-08-18,9,1,1,3,Pediatrics,5,13.65,7,10,8,2,114.6,SYNTHETIC_DEVELOPMENT
4076,2026-08-18,9,1,1,3,Pediatrics,5,13.65,7,10,8,1,111.0,SYNTHETIC_DEVELOPMENT
4077,2026-08-18,10,1,1,1,General Medicine,1,11.5,5,6,6,5,66.0,SYNTHETIC_DEVELOPMENT
4078,2026-08-18,11,1,1,4,Orthopedics,6,14.5,4,6,5,10,85.6,SYNTHETIC_DEVELOPMENT
4079,2026-08-18,11,1,1,1,General Medicine,2,10.58,7,9,8,5,81.1,SYNTHETIC_DEVELOPMENT
4080,2026-08-18,10,1,1,1,General Medicine,1,11.5,5,9,6,9,71.2,SYNTHETIC_DEVELOPMENT
4081,2026-08-18,10,1,1,4,Orthopedics,6,14.5,6,6,7,4,85.5,SYNTHETIC_DEVELOPMENT
4082,2026-08-18,11,1,1,2,Cardiology,4,16.62,2,3,3,8,36.0,SYNTHETIC_DEVELOPMENT
4083,2026-08-18,14,1,1,1,General Medicine,1,11.5,1,3,2,19,16.5,SYNTHETIC_DEVELOPMENT
4084,2026-08-18,9,1,1,4,Orthopedics,6,14.5,4,8,5,1,57.6,SYNTHETIC_DEVELOPMENT
4085,2026-08-19,8,2,0,3,Pediatrics,5,13.65,2,3,3,1,22.0,SYNTHETIC_DEVELOPMENT
4086,2026-08-19,11,2,1,5,Dermatology,7,9.0,5,7,6,4,58.1,SYNTHETIC_DEVELOPMENT
4087,2026-08-19,10,2,1,2,Cardiology,3,19.25,7,11,8,7,158.3,SYNTHETIC_DEVELOPMENT
4088,2026-08-19,12,2,0,1,General Medicine,1,11.5,5,8,6,12,54.4,SYNTHETIC_DEVELOPMENT
4089,2026-08-19,14,2,1,3,Pediatrics,5,13.65,1,3,2,16,13.9,SYNTHETIC_DEVELOPMENT
4090,2026-08-19,10,2,1,1,General Medicine,1,11.5,9,11,10,6,117.6,SYNTHETIC_DEVELOPMENT
4091,2026-08-19,11,2,1,4,Orthopedics,6,14.5,7,7,8,12,97.6,SYNTHETIC_DEVELOPMENT
4092,2026-08-19,9,2,1,4,Orthopedics,6,14.5,8,13,9,4,127.2,SYNTHETIC_DEVELOPMENT
4093,2026-08-19,10,2,1,3,Pediatrics,5,13.65,7,8,8,5,101.5,SYNTHETIC_DEVELOPMENT
4094,2026-08-19,15,2,1,2,Cardiology,4,16.62,7,10,8,23,137.8,SYNTHETIC_DEVELOPMENT
4095,2026-08-19,11,2,1,3,Pediatrics,5,13.65,7,8,8,3,97.7,SYNTHETIC_DEVELOPMENT
4096,2026-08-19,8,2,0,2,Cardiology,4,16.62,1,3,2,1,10.4,SYNTHETIC_DEVELOPMENT
4097,2026-08-19,14,2,1,1,General Medicine,1,11.5,8,10,9,16,111.6,SYNTHETIC_DEVELOPMENT
4098,2026-08-19,10,2,1,3,Pediatrics,5,13.65,12,17,13,7,179.7,SYNTHETIC_DEVELOPMENT
4099,2026-08-19,14,2,1,2,Cardiology,4,16.62,8,10,9,15,113.3,SYNTHETIC_DEVELOPMENT
4100,2026-08-19,13,2,0,5,Dermatology,7,9.0,5,8,6,15,49.4,SYNTHETIC_DEVELOPMENT
4101,2026-08-19,12,2,0,1,General Medicine,1,11.5,3,6,4,9,38.3,SYNTHETIC_DEVELOPMENT
4102,2026-08-19,16,2,0,2,Cardiology,4,16.62,2,4,3,25,31.0,SYNTHETIC_DEVELOPMENT
4103,2026-08-19,9,2,1,3,Pediatrics,5,13.65,6,7,7,3,79.3,SYNTHETIC_DEVELOPMENT
4104,2026-08-19,9,2,1,5,Dermatology,7,9.0,10,15,11,5,122.8,SYNTHETIC_DEVELOPMENT
4105,2026-08-19,10,2,1,1,General Medicine,2,10.58,8,11,9,8,86.4,SYNTHETIC_DEVELOPMENT
4106,2026-08-19,11,2,1,5,Dermatology,7,9.0,6,8,7,8,63.4,SYNTHETIC_DEVELOPMENT
4107,2026-08-19,11,2,1,4,Orthopedics,6,14.5,9,10,10,7,124.5,SYNTHETIC_DEVELOPMENT
4108,2026-08-19,12,2,0,2,Cardiology,4,16.62,2,3,3,8,23.5,SYNTHETIC_DEVELOPMENT
4109,2026-08-19,14,2,1,3,Pediatrics,5,13.65,4,5,5,15,49.4,SYNTHETIC_DEVELOPMENT
4110,2026-08-19,11,2,1,2,Cardiology,4,16.62,4,4,5,12,94.1,SYNTHETIC_DEVELOPMENT
4111,2026-08-19,14,2,1,1,General Medicine,1,11.5,10,11,11,17,128.8,SYNTHETIC_DEVELOPMENT
4112,2026-08-19,13,2,0,3,Pediatrics,5,13.65,7,9,8,12,93.2,SYNTHETIC_DEVELOPMENT
4113,2026-08-19,14,2,1,2,Cardiology,4,16.62,11,13,12,18,180.0,SYNTHETIC_DEVELOPMENT
4114,2026-08-19,11,2,1,1,General Medicine,1,11.5,4,5,5,11,64.8,SYNTHETIC_DEVELOPMENT
4115,2026-08-19,12,2,0,2,Cardiology,3,19.25,6,11,7,13,124.5,SYNTHETIC_DEVELOPMENT
4116,2026-08-19,8,2,0,1,General Medicine,2,10.58,2,4,3,0,26.4,SYNTHETIC_DEVELOPMENT
4117,2026-08-19,9,2,1,3,Pediatrics,5,13.65,10,11,11,2,145.2,SYNTHETIC_DEVELOPMENT
4118,2026-08-19,15,2,1,1,General Medicine,1,11.5,4,4,5,27,32.3,SYNTHETIC_DEVELOPMENT
4119,2026-08-19,11,2,1,1,General Medicine,2,10.58,4,5,5,15,40.0,SYNTHETIC_DEVELOPMENT
4120,2026-08-19,9,2,1,2,Cardiology,3,19.25,8,8,9,3,163.3,SYNTHETIC_DEVELOPMENT
4121,2026-08-19,9,2,1,1,General Medicine,1,11.5,6,6,7,5,66.4,SYNTHETIC_DEVELOPMENT
4122,2026-08-19,9,2,1,4,Orthopedics,6,14.5,4,7,5,2,62.8,SYNTHETIC_DEVELOPMENT
4123,2026-08-19,15,2,1,1,General Medicine,2,10.58,6,10,7,31,62.1,SYNTHETIC_DEVELOPMENT
4124,2026-08-19,9,2,1,2,Cardiology,3,19.25,9,13,10,3,180.0,SYNTHETIC_DEVELOPMENT
4125,2026-08-19,16,2,0,5,Dermatology,7,9.0,2,9,3,27,19.2,SYNTHETIC_DEVELOPMENT
4126,2026-08-19,9,2,1,2,Cardiology,4,16.62,3,5,4,1,46.9,SYNTHETIC_DEVELOPMENT
4127,2026-08-19,12,2,0,3,Pediatrics,5,13.65,2,3,3,14,29.2,SYNTHETIC_DEVELOPMENT
4128,2026-08-19,15,2,1,1,General Medicine,1,11.5,10,10,11,21,146.0,SYNTHETIC_DEVELOPMENT
4129,2026-08-19,11,2,1,5,Dermatology,7,9.0,6,8,7,7,73.5,SYNTHETIC_DEVELOPMENT
4130,2026-08-19,11,2,1,3,Pediatrics,5,13.65,11,12,12,7,180.0,SYNTHETIC_DEVELOPMENT
4131,2026-08-19,11,2,1,1,General Medicine,1,11.5,6,7,7,9,79.8,SYNTHETIC_DEVELOPMENT
4132,2026-08-19,10,2,1,2,Cardiology,4,16.62,6,8,7,7,105.6,SYNTHETIC_DEVELOPMENT
4133,2026-08-19,14,2,1,1,General Medicine,2,10.58,6,10,7,22,69.0,SYNTHETIC_DEVELOPMENT
4134,2026-08-19,8,2,0,2,Cardiology,4,16.62,1,4,2,0,15.8,SYNTHETIC_DEVELOPMENT
4135,2026-08-19,11,2,1,5,Dermatology,7,9.0,2,3,3,10,15.6,SYNTHETIC_DEVELOPMENT
4136,2026-08-19,10,2,1,1,General Medicine,2,10.58,5,5,6,6,66.2,SYNTHETIC_DEVELOPMENT
4137,2026-08-19,11,2,1,1,General Medicine,1,11.5,10,11,11,7,132.8,SYNTHETIC_DEVELOPMENT
4138,2026-08-19,9,2,1,4,Orthopedics,6,14.5,4,4,5,1,75.5,SYNTHETIC_DEVELOPMENT
4139,2026-08-19,8,2,0,1,General Medicine,2,10.58,3,5,4,0,28.1,SYNTHETIC_DEVELOPMENT
4140,2026-08-19,9,2,1,4,Orthopedics,6,14.5,4,6,5,2,53.0,SYNTHETIC_DEVELOPMENT
4141,2026-08-19,10,2,1,3,Pediatrics,5,13.65,9,13,10,7,134.0,SYNTHETIC_DEVELOPMENT
4142,2026-08-19,11,2,1,1,General Medicine,1,11.5,9,10,10,13,100.2,SYNTHETIC_DEVELOPMENT
4143,2026-08-19,10,2,1,1,General Medicine,1,11.5,7,8,8,11,98.7,SYNTHETIC_DEVELOPMENT
4144,2026-08-19,9,2,1,1,General Medicine,1,11.5,5,10,6,2,90.1,SYNTHETIC_DEVELOPMENT
4145,2026-08-19,9,2,1,2,Cardiology,4,16.62,7,9,8,3,113.5,SYNTHETIC_DEVELOPMENT
4146,2026-08-19,15,2,1,1,General Medicine,1,11.5,6,10,7,18,93.3,SYNTHETIC_DEVELOPMENT
4147,2026-08-19,10,2,1,3,Pediatrics,5,13.65,8,9,9,11,112.7,SYNTHETIC_DEVELOPMENT
4148,2026-08-19,14,2,1,2,Cardiology,3,19.25,4,8,5,27,80.6,SYNTHETIC_DEVELOPMENT
4149,2026-08-19,14,2,1,4,Orthopedics,6,14.5,6,10,7,22,100.2,SYNTHETIC_DEVELOPMENT
4150,2026-08-19,9,2,1,1,General Medicine,1,11.5,3,5,4,3,50.9,SYNTHETIC_DEVELOPMENT
4151,2026-08-19,12,2,0,5,Dermatology,7,9.0,5,8,6,13,49.3,SYNTHETIC_DEVELOPMENT
4152,2026-08-19,8,2,0,1,General Medicine,1,11.5,2,4,3,0,31.8,SYNTHETIC_DEVELOPMENT
4153,2026-08-19,9,2,1,2,Cardiology,3,19.25,6,7,7,3,142.8,SYNTHETIC_DEVELOPMENT
4154,2026-08-19,9,2,1,2,Cardiology,4,16.62,4,4,5,2,69.2,SYNTHETIC_DEVELOPMENT
4155,2026-08-19,9,2,1,1,General Medicine,1,11.5,9,12,10,2,93.8,SYNTHETIC_DEVELOPMENT
4156,2026-08-19,10,2,1,1,General Medicine,2,10.58,2,8,3,8,21.6,SYNTHETIC_DEVELOPMENT
4157,2026-08-19,10,2,1,5,Dermatology,7,9.0,9,13,10,4,86.6,SYNTHETIC_DEVELOPMENT
4158,2026-08-19,9,2,1,4,Orthopedics,6,14.5,8,10,9,4,116.0,SYNTHETIC_DEVELOPMENT
4159,2026-08-19,10,2,1,2,Cardiology,4,16.62,5,7,6,5,88.6,SYNTHETIC_DEVELOPMENT
4160,2026-08-19,14,2,1,4,Orthopedics,6,14.5,7,8,8,14,117.4,SYNTHETIC_DEVELOPMENT
4161,2026-08-19,15,2,1,2,Cardiology,4,16.62,5,9,6,26,72.8,SYNTHETIC_DEVELOPMENT
4162,2026-08-19,9,2,1,1,General Medicine,1,11.5,6,7,7,4,79.8,SYNTHETIC_DEVELOPMENT
4163,2026-08-19,11,2,1,3,Pediatrics,5,13.65,6,8,7,13,95.4,SYNTHETIC_DEVELOPMENT
4164,2026-08-19,10,2,1,1,General Medicine,2,10.58,10,14,11,7,129.9,SYNTHETIC_DEVELOPMENT
4165,2026-08-19,11,2,1,2,Cardiology,4,16.62,4,7,5,13,73.0,SYNTHETIC_DEVELOPMENT
4166,2026-08-19,16,2,0,2,Cardiology,3,19.25,2,4,3,25,40.0,SYNTHETIC_DEVELOPMENT
4167,2026-08-19,12,2,0,1,General Medicine,1,11.5,1,6,2,10,10.2,SYNTHETIC_DEVELOPMENT
4168,2026-08-20,9,3,1,5,Dermatology,7,9.0,11,13,12,5,118.8,SYNTHETIC_DEVELOPMENT
4169,2026-08-20,14,3,1,2,Cardiology,3,19.25,1,5,2,18,23.2,SYNTHETIC_DEVELOPMENT
4170,2026-08-20,9,3,1,4,Orthopedics,6,14.5,5,5,6,3,81.5,SYNTHETIC_DEVELOPMENT
4171,2026-08-20,10,3,1,2,Cardiology,3,19.25,5,8,6,11,138.4,SYNTHETIC_DEVELOPMENT
4172,2026-08-20,11,3,1,1,General Medicine,1,11.5,7,8,8,7,99.8,SYNTHETIC_DEVELOPMENT
4173,2026-08-20,14,3,1,5,Dermatology,7,9.0,7,11,8,22,77.3,SYNTHETIC_DEVELOPMENT
4174,2026-08-20,12,3,0,3,Pediatrics,5,13.65,8,10,9,10,101.6,SYNTHETIC_DEVELOPMENT
4175,2026-08-20,9,3,1,3,Pediatrics,5,13.65,6,13,7,2,93.8,SYNTHETIC_DEVELOPMENT
4176,2026-08-20,12,3,0,1,General Medicine,1,11.5,6,8,7,15,68.0,SYNTHETIC_DEVELOPMENT
4177,2026-08-20,12,3,0,5,Dermatology,7,9.0,6,12,7,15,53.6,SYNTHETIC_DEVELOPMENT
4178,2026-08-20,14,3,1,1,General Medicine,1,11.5,4,5,5,15,55.1,SYNTHETIC_DEVELOPMENT
4179,2026-08-20,14,3,1,1,General Medicine,1,11.5,7,10,8,20,81.9,SYNTHETIC_DEVELOPMENT
4180,2026-08-20,11,3,1,5,Dermatology,7,9.0,6,9,7,9,60.7,SYNTHETIC_DEVELOPMENT
4181,2026-08-20,9,3,1,1,General Medicine,2,10.58,6,7,7,5,76.6,SYNTHETIC_DEVELOPMENT
4182,2026-08-20,11,3,1,1,General Medicine,1,11.5,8,10,9,11,83.5,SYNTHETIC_DEVELOPMENT
4183,2026-08-20,16,3,0,5,Dermatology,7,9.0,8,10,9,35,75.5,SYNTHETIC_DEVELOPMENT
4184,2026-08-20,14,3,1,2,Cardiology,4,16.62,4,8,5,27,71.2,SYNTHETIC_DEVELOPMENT
4185,2026-08-20,9,3,1,5,Dermatology,7,9.0,5,8,6,2,55.9,SYNTHETIC_DEVELOPMENT
4186,2026-08-20,9,3,1,4,Orthopedics,6,14.5,7,11,8,2,109.5,SYNTHETIC_DEVELOPMENT
4187,2026-08-20,9,3,1,2,Cardiology,4,16.62,5,8,6,5,81.8,SYNTHETIC_DEVELOPMENT
4188,2026-08-20,9,3,1,2,Cardiology,4,16.62,3,6,4,7,36.5,SYNTHETIC_DEVELOPMENT
4189,2026-08-20,10,3,1,5,Dermatology,7,9.0,7,8,8,7,53.8,SYNTHETIC_DEVELOPMENT
4190,2026-08-20,16,3,0,2,Cardiology,4,16.62,5,10,6,26,111.5,SYNTHETIC_DEVELOPMENT
4191,2026-08-20,10,3,1,4,Orthopedics,6,14.5,4,4,5,8,61.5,SYNTHETIC_DEVELOPMENT
4192,2026-08-20,10,3,1,5,Dermatology,7,9.0,11,11,12,7,98.1,SYNTHETIC_DEVELOPMENT
4193,2026-08-20,11,3,1,3,Pediatrics,5,13.65,9,9,10,14,135.2,SYNTHETIC_DEVELOPMENT
4194,2026-08-20,10,3,1,2,Cardiology,3,19.25,4,4,5,5,69.6,SYNTHETIC_DEVELOPMENT
4195,2026-08-20,13,3,0,1,General Medicine,2,10.58,3,7,4,15,50.2,SYNTHETIC_DEVELOPMENT
4196,2026-08-20,12,3,0,1,General Medicine,1,11.5,3,6,4,13,41.1,SYNTHETIC_DEVELOPMENT
4197,2026-08-20,9,3,1,2,Cardiology,4,16.62,8,11,9,3,127.8,SYNTHETIC_DEVELOPMENT
4198,2026-08-20,15,3,1,3,Pediatrics,5,13.65,5,7,6,29,76.5,SYNTHETIC_DEVELOPMENT
4199,2026-08-20,15,3,1,1,General Medicine,1,11.5,7,9,8,29,86.3,SYNTHETIC_DEVELOPMENT
4200,2026-08-20,9,3,1,3,Pediatrics,5,13.65,7,11,8,3,108.0,SYNTHETIC_DEVELOPMENT
4201,2026-08-20,10,3,1,4,Orthopedics,6,14.5,3,5,4,7,44.0,SYNTHETIC_DEVELOPMENT
4202,2026-08-20,10,3,1,1,General Medicine,2,10.58,4,6,5,7,38.2,SYNTHETIC_DEVELOPMENT
4203,2026-08-20,12,3,0,2,Cardiology,4,16.62,5,10,6,10,81.9,SYNTHETIC_DEVELOPMENT
4204,2026-08-20,11,3,1,1,General Medicine,2,10.58,6,6,7,8,60.3,SYNTHETIC_DEVELOPMENT
4205,2026-08-20,9,3,1,5,Dermatology,7,9.0,3,9,4,0,34.9,SYNTHETIC_DEVELOPMENT
4206,2026-08-20,17,3,0,1,General Medicine,1,11.5,6,7,7,30,77.1,SYNTHETIC_DEVELOPMENT
4207,2026-08-20,14,3,1,1,General Medicine,2,10.58,6,9,7,15,72.5,SYNTHETIC_DEVELOPMENT
4208,2026-08-20,16,3,0,4,Orthopedics,6,14.5,7,8,8,32,111.1,SYNTHETIC_DEVELOPMENT
4209,2026-08-20,9,3,1,3,Pediatrics,5,13.65,6,8,7,3,90.6,SYNTHETIC_DEVELOPMENT
4210,2026-08-20,11,3,1,3,Pediatrics,5,13.65,10,10,11,9,170.4,SYNTHETIC_DEVELOPMENT
4211,2026-08-20,10,3,1,2,Cardiology,4,16.62,4,7,5,5,70.6,SYNTHETIC_DEVELOPMENT
4212,2026-08-20,9,3,1,5,Dermatology,7,9.0,8,10,9,6,80.3,SYNTHETIC_DEVELOPMENT
4213,2026-08-20,15,3,1,2,Cardiology,4,16.62,5,9,6,28,93.0,SYNTHETIC_DEVELOPMENT
4214,2026-08-20,10,3,1,3,Pediatrics,5,13.65,5,10,6,7,86.1,SYNTHETIC_DEVELOPMENT
4215,2026-08-20,10,3,1,1,General Medicine,1,11.5,5,7,6,7,61.5,SYNTHETIC_DEVELOPMENT
4216,2026-08-20,11,3,1,2,Cardiology,3,19.25,6,9,7,11,114.1,SYNTHETIC_DEVELOPMENT
4217,2026-08-20,8,3,0,2,Cardiology,4,16.62,3,4,4,0,44.3,SYNTHETIC_DEVELOPMENT
4218,2026-08-20,9,3,1,1,General Medicine,1,11.5,6,10,7,3,68.4,SYNTHETIC_DEVELOPMENT
4219,2026-08-20,11,3,1,2,Cardiology,3,19.25,5,7,6,5,139.8,SYNTHETIC_DEVELOPMENT
4220,2026-08-20,8,3,0,1,General Medicine,2,10.58,1,4,2,1,11.4,SYNTHETIC_DEVELOPMENT
4221,2026-08-20,10,3,1,3,Pediatrics,5,13.65,4,6,5,6,53.1,SYNTHETIC_DEVELOPMENT
4222,2026-08-20,11,3,1,2,Cardiology,3,19.25,7,13,8,12,157.5,SYNTHETIC_DEVELOPMENT
4223,2026-08-20,14,3,1,2,Cardiology,3,19.25,8,9,9,21,180.0,SYNTHETIC_DEVELOPMENT
4224,2026-08-20,12,3,0,3,Pediatrics,5,13.65,2,4,3,9,18.2,SYNTHETIC_DEVELOPMENT
4225,2026-08-20,11,3,1,2,Cardiology,4,16.62,2,5,3,6,38.8,SYNTHETIC_DEVELOPMENT
4226,2026-08-20,9,3,1,2,Cardiology,4,16.62,9,9,10,6,153.8,SYNTHETIC_DEVELOPMENT
4227,2026-08-20,11,3,1,2,Cardiology,4,16.62,10,14,11,9,173.6,SYNTHETIC_DEVELOPMENT
4228,2026-08-20,13,3,0,2,Cardiology,4,16.62,2,3,3,20,35.1,SYNTHETIC_DEVELOPMENT
4229,2026-08-20,9,3,1,2,Cardiology,3,19.25,1,2,2,2,26.9,SYNTHETIC_DEVELOPMENT
4230,2026-08-20,9,3,1,5,Dermatology,7,9.0,5,7,6,2,57.5,SYNTHETIC_DEVELOPMENT
4231,2026-08-20,12,3,0,1,General Medicine,1,11.5,6,6,7,8,66.3,SYNTHETIC_DEVELOPMENT
4232,2026-08-20,11,3,1,2,Cardiology,4,16.62,9,11,10,11,180.0,SYNTHETIC_DEVELOPMENT
4233,2026-08-20,9,3,1,1,General Medicine,2,10.58,6,8,7,1,89.8,SYNTHETIC_DEVELOPMENT
4234,2026-08-20,15,3,1,1,General Medicine,1,11.5,5,5,6,18,51.3,SYNTHETIC_DEVELOPMENT
4235,2026-08-20,15,3,1,2,Cardiology,3,19.25,2,7,3,21,47.5,SYNTHETIC_DEVELOPMENT
4236,2026-08-20,10,3,1,2,Cardiology,4,16.62,7,7,8,7,129.0,SYNTHETIC_DEVELOPMENT
4237,2026-08-20,8,3,0,2,Cardiology,4,16.62,5,8,6,1,89.6,SYNTHETIC_DEVELOPMENT
4238,2026-08-20,10,3,1,1,General Medicine,2,10.58,6,9,7,6,68.8,SYNTHETIC_DEVELOPMENT
4239,2026-08-20,13,3,0,5,Dermatology,7,9.0,4,11,5,13,43.4,SYNTHETIC_DEVELOPMENT
4240,2026-08-20,14,3,1,2,Cardiology,3,19.25,6,7,7,15,131.1,SYNTHETIC_DEVELOPMENT
4241,2026-08-20,11,3,1,3,Pediatrics,5,13.65,8,10,9,14,110.2,SYNTHETIC_DEVELOPMENT
4242,2026-08-20,12,3,0,3,Pediatrics,5,13.65,3,7,4,10,48.8,SYNTHETIC_DEVELOPMENT
4243,2026-08-20,9,3,1,1,General Medicine,1,11.5,3,6,4,4,35.7,SYNTHETIC_DEVELOPMENT
4244,2026-08-20,14,3,1,5,Dermatology,7,9.0,6,8,7,18,80.5,SYNTHETIC_DEVELOPMENT
4245,2026-08-20,9,3,1,4,Orthopedics,6,14.5,9,10,10,1,119.0,SYNTHETIC_DEVELOPMENT
4246,2026-08-20,12,3,0,2,Cardiology,4,16.62,1,3,2,12,13.2,SYNTHETIC_DEVELOPMENT
4247,2026-08-20,14,3,1,3,Pediatrics,5,13.65,2,5,3,33,36.7,SYNTHETIC_DEVELOPMENT
4248,2026-08-20,16,3,0,2,Cardiology,3,19.25,3,8,4,27,53.7,SYNTHETIC_DEVELOPMENT
4249,2026-08-20,14,3,1,2,Cardiology,4,16.62,6,10,7,18,119.1,SYNTHETIC_DEVELOPMENT
4250,2026-08-20,8,3,0,5,Dermatology,7,9.0,4,5,5,0,38.2,SYNTHETIC_DEVELOPMENT
4251,2026-08-21,11,4,1,2,Cardiology,4,16.62,4,9,5,7,89.6,SYNTHETIC_DEVELOPMENT
4252,2026-08-21,10,4,1,2,Cardiology,3,19.25,8,9,9,7,178.9,SYNTHETIC_DEVELOPMENT
4253,2026-08-21,12,4,0,1,General Medicine,2,10.58,3,6,4,11,38.8,SYNTHETIC_DEVELOPMENT
4254,2026-08-21,15,4,1,1,General Medicine,1,11.5,5,6,6,25,53.5,SYNTHETIC_DEVELOPMENT
4255,2026-08-21,9,4,1,4,Orthopedics,6,14.5,8,11,9,6,147.9,SYNTHETIC_DEVELOPMENT
4256,2026-08-21,10,4,1,4,Orthopedics,6,14.5,9,10,10,5,148.1,SYNTHETIC_DEVELOPMENT
4257,2026-08-21,13,4,0,5,Dermatology,7,9.0,10,12,11,14,117.6,SYNTHETIC_DEVELOPMENT
4258,2026-08-21,16,4,0,2,Cardiology,3,19.25,5,11,6,21,90.2,SYNTHETIC_DEVELOPMENT
4259,2026-08-21,12,4,0,1,General Medicine,1,11.5,4,5,5,13,39.8,SYNTHETIC_DEVELOPMENT
4260,2026-08-21,14,4,1,4,Orthopedics,6,14.5,8,8,9,12,142.3,SYNTHETIC_DEVELOPMENT
4261,2026-08-21,12,4,0,1,General Medicine,2,10.58,8,9,9,20,92.3,SYNTHETIC_DEVELOPMENT
4262,2026-08-21,14,4,1,5,Dermatology,7,9.0,7,10,8,12,74.3,SYNTHETIC_DEVELOPMENT
4263,2026-08-21,9,4,1,5,Dermatology,7,9.0,11,14,12,3,103.3,SYNTHETIC_DEVELOPMENT
4264,2026-08-21,11,4,1,1,General Medicine,2,10.58,7,7,8,8,105.9,SYNTHETIC_DEVELOPMENT
4265,2026-08-21,15,4,1,4,Orthopedics,6,14.5,6,6,7,23,86.3,SYNTHETIC_DEVELOPMENT
4266,2026-08-21,9,4,1,5,Dermatology,7,9.0,5,7,6,2,51.9,SYNTHETIC_DEVELOPMENT
4267,2026-08-21,9,4,1,4,Orthopedics,6,14.5,8,11,9,1,113.3,SYNTHETIC_DEVELOPMENT
4268,2026-08-21,15,4,1,1,General Medicine,2,10.58,8,8,9,15,96.2,SYNTHETIC_DEVELOPMENT
4269,2026-08-21,12,4,0,4,Orthopedics,6,14.5,7,10,8,11,95.4,SYNTHETIC_DEVELOPMENT
4270,2026-08-21,14,4,1,5,Dermatology,7,9.0,3,4,4,24,30.0,SYNTHETIC_DEVELOPMENT
4271,2026-08-21,10,4,1,3,Pediatrics,5,13.65,7,8,8,6,100.3,SYNTHETIC_DEVELOPMENT
4272,2026-08-21,15,4,1,1,General Medicine,2,10.58,6,13,7,28,69.0,SYNTHETIC_DEVELOPMENT
4273,2026-08-21,9,4,1,1,General Medicine,2,10.58,3,8,4,0,32.0,SYNTHETIC_DEVELOPMENT
4274,2026-08-21,11,4,1,2,Cardiology,3,19.25,5,6,6,11,111.5,SYNTHETIC_DEVELOPMENT
4275,2026-08-21,15,4,1,4,Orthopedics,6,14.5,7,11,8,20,118.1,SYNTHETIC_DEVELOPMENT
4276,2026-08-21,9,4,1,5,Dermatology,7,9.0,9,10,10,3,82.8,SYNTHETIC_DEVELOPMENT
4277,2026-08-21,16,4,0,3,Pediatrics,5,13.65,6,6,7,28,99.5,SYNTHETIC_DEVELOPMENT
4278,2026-08-21,9,4,1,4,Orthopedics,6,14.5,7,11,8,4,98.1,SYNTHETIC_DEVELOPMENT
4279,2026-08-21,8,4,0,2,Cardiology,3,19.25,3,4,4,1,75.9,SYNTHETIC_DEVELOPMENT
4280,2026-08-21,11,4,1,3,Pediatrics,5,13.65,6,6,7,6,117.2,SYNTHETIC_DEVELOPMENT
4281,2026-08-21,16,4,0,4,Orthopedics,6,14.5,3,3,4,32,43.0,SYNTHETIC_DEVELOPMENT
4282,2026-08-21,14,4,1,1,General Medicine,2,10.58,1,4,2,14,8.3,SYNTHETIC_DEVELOPMENT
4283,2026-08-21,14,4,1,1,General Medicine,1,11.5,7,11,8,15,106.1,SYNTHETIC_DEVELOPMENT
4284,2026-08-21,10,4,1,3,Pediatrics,5,13.65,4,6,5,7,49.9,SYNTHETIC_DEVELOPMENT
4285,2026-08-21,10,4,1,4,Orthopedics,6,14.5,4,7,5,5,64.5,SYNTHETIC_DEVELOPMENT
4286,2026-08-21,10,4,1,1,General Medicine,2,10.58,9,12,10,3,107.0,SYNTHETIC_DEVELOPMENT
4287,2026-08-21,10,4,1,4,Orthopedics,6,14.5,5,5,6,7,73.7,SYNTHETIC_DEVELOPMENT
4288,2026-08-21,12,4,0,2,Cardiology,3,19.25,5,7,6,15,106.2,SYNTHETIC_DEVELOPMENT
4289,2026-08-21,17,4,0,4,Orthopedics,6,14.5,5,7,6,26,79.0,SYNTHETIC_DEVELOPMENT
4290,2026-08-21,17,4,0,4,Orthopedics,6,14.5,6,9,7,35,100.4,SYNTHETIC_DEVELOPMENT
4291,2026-08-21,15,4,1,2,Cardiology,4,16.62,4,4,5,18,64.9,SYNTHETIC_DEVELOPMENT
4292,2026-08-21,9,4,1,2,Cardiology,3,19.25,5,11,6,4,115.0,SYNTHETIC_DEVELOPMENT
4293,2026-08-21,8,4,0,2,Cardiology,4,16.62,5,12,6,2,82.9,SYNTHETIC_DEVELOPMENT
4294,2026-08-21,10,4,1,5,Dermatology,7,9.0,5,7,6,9,46.9,SYNTHETIC_DEVELOPMENT
4295,2026-08-21,10,4,1,2,Cardiology,4,16.62,8,12,9,4,129.4,SYNTHETIC_DEVELOPMENT
4296,2026-08-21,11,4,1,2,Cardiology,4,16.62,9,9,10,8,142.2,SYNTHETIC_DEVELOPMENT
4297,2026-08-21,9,4,1,4,Orthopedics,6,14.5,8,9,9,5,101.0,SYNTHETIC_DEVELOPMENT
4298,2026-08-21,11,4,1,2,Cardiology,4,16.62,6,9,7,13,95.5,SYNTHETIC_DEVELOPMENT
4299,2026-08-21,11,4,1,1,General Medicine,1,11.5,6,9,7,8,74.2,SYNTHETIC_DEVELOPMENT
4300,2026-08-21,13,4,0,2,Cardiology,4,16.62,6,11,7,19,98.4,SYNTHETIC_DEVELOPMENT
4301,2026-08-21,10,4,1,1,General Medicine,1,11.5,8,15,9,10,113.9,SYNTHETIC_DEVELOPMENT
4302,2026-08-21,14,4,1,5,Dermatology,7,9.0,9,13,10,28,96.1,SYNTHETIC_DEVELOPMENT
4303,2026-08-21,15,4,1,3,Pediatrics,5,13.65,8,10,9,21,131.8,SYNTHETIC_DEVELOPMENT
4304,2026-08-21,8,4,0,2,Cardiology,3,19.25,9,14,10,0,149.7,SYNTHETIC_DEVELOPMENT
4305,2026-08-21,9,4,1,5,Dermatology,7,9.0,8,10,9,1,66.8,SYNTHETIC_DEVELOPMENT
4306,2026-08-21,16,4,0,3,Pediatrics,5,13.65,1,2,2,22,22.7,SYNTHETIC_DEVELOPMENT
4307,2026-08-21,14,4,1,1,General Medicine,2,10.58,13,16,14,24,166.4,SYNTHETIC_DEVELOPMENT
4308,2026-08-21,9,4,1,4,Orthopedics,6,14.5,7,11,8,4,132.2,SYNTHETIC_DEVELOPMENT
4309,2026-08-21,10,4,1,5,Dermatology,7,9.0,9,11,10,9,81.1,SYNTHETIC_DEVELOPMENT
4310,2026-08-21,11,4,1,4,Orthopedics,6,14.5,11,14,12,12,175.7,SYNTHETIC_DEVELOPMENT
4311,2026-08-21,11,4,1,1,General Medicine,2,10.58,3,4,4,5,28.5,SYNTHETIC_DEVELOPMENT
4312,2026-08-21,10,4,1,1,General Medicine,1,11.5,4,5,5,6,49.6,SYNTHETIC_DEVELOPMENT
4313,2026-08-21,16,4,0,2,Cardiology,3,19.25,4,10,5,25,91.4,SYNTHETIC_DEVELOPMENT
4314,2026-08-21,14,4,1,2,Cardiology,4,16.62,5,8,6,18,84.7,SYNTHETIC_DEVELOPMENT
4315,2026-08-21,10,4,1,1,General Medicine,1,11.5,8,10,9,3,108.2,SYNTHETIC_DEVELOPMENT
4316,2026-08-21,14,4,1,1,General Medicine,2,10.58,6,10,7,21,72.7,SYNTHETIC_DEVELOPMENT
4317,2026-08-21,10,4,1,1,General Medicine,1,11.5,9,11,10,7,129.0,SYNTHETIC_DEVELOPMENT
4318,2026-08-21,15,4,1,3,Pediatrics,5,13.65,4,8,5,24,56.5,SYNTHETIC_DEVELOPMENT
4319,2026-08-21,14,4,1,2,Cardiology,3,19.25,5,7,6,20,109.9,SYNTHETIC_DEVELOPMENT
4320,2026-08-21,12,4,0,2,Cardiology,4,16.62,7,9,8,16,113.9,SYNTHETIC_DEVELOPMENT
4321,2026-08-21,10,4,1,1,General Medicine,1,11.5,5,7,6,11,70.0,SYNTHETIC_DEVELOPMENT
4322,2026-08-21,10,4,1,1,General Medicine,2,10.58,8,11,9,6,86.3,SYNTHETIC_DEVELOPMENT
4323,2026-08-21,9,4,1,4,Orthopedics,6,14.5,6,8,7,4,80.6,SYNTHETIC_DEVELOPMENT
4324,2026-08-21,12,4,0,3,Pediatrics,5,13.65,4,6,5,11,55.7,SYNTHETIC_DEVELOPMENT
4325,2026-08-21,8,4,0,2,Cardiology,3,19.25,3,5,4,1,63.9,SYNTHETIC_DEVELOPMENT
4326,2026-08-21,15,4,1,2,Cardiology,3,19.25,9,13,10,18,180.0,SYNTHETIC_DEVELOPMENT
4327,2026-08-21,9,4,1,4,Orthopedics,6,14.5,6,9,7,2,82.3,SYNTHETIC_DEVELOPMENT
4328,2026-08-21,9,4,1,1,General Medicine,2,10.58,6,9,7,5,60.2,SYNTHETIC_DEVELOPMENT
4329,2026-08-21,10,4,1,4,Orthopedics,6,14.5,4,5,5,8,64.6,SYNTHETIC_DEVELOPMENT
4330,2026-08-21,13,4,0,5,Dermatology,7,9.0,8,14,9,15,80.0,SYNTHETIC_DEVELOPMENT
4331,2026-08-21,10,4,1,2,Cardiology,4,16.62,9,10,10,7,166.9,SYNTHETIC_DEVELOPMENT
4332,2026-08-21,10,4,1,5,Dermatology,7,9.0,7,10,8,9,58.9,SYNTHETIC_DEVELOPMENT
4333,2026-08-21,10,4,1,2,Cardiology,4,16.62,4,6,5,7,68.2,SYNTHETIC_DEVELOPMENT
4334,2026-08-21,15,4,1,1,General Medicine,2,10.58,7,8,8,21,101.2,SYNTHETIC_DEVELOPMENT
4335,2026-08-22,11,5,1,1,General Medicine,1,11.5,11,15,12,9,145.8,SYNTHETIC_DEVELOPMENT
4336,2026-08-22,9,5,1,3,Pediatrics,5,13.65,7,8,8,3,89.0,SYNTHETIC_DEVELOPMENT
4337,2026-08-22,11,5,1,2,Cardiology,3,19.25,7,8,8,8,166.2,SYNTHETIC_DEVELOPMENT
4338,2026-08-22,15,5,1,2,Cardiology,3,19.25,6,8,7,20,107.8,SYNTHETIC_DEVELOPMENT
4339,2026-08-22,14,5,1,3,Pediatrics,5,13.65,11,14,12,23,145.3,SYNTHETIC_DEVELOPMENT
4340,2026-08-22,14,5,1,2,Cardiology,4,16.62,8,9,9,16,171.5,SYNTHETIC_DEVELOPMENT
4341,2026-08-22,10,5,1,1,General Medicine,1,11.5,7,9,8,4,83.5,SYNTHETIC_DEVELOPMENT
4342,2026-08-22,9,5,1,3,Pediatrics,5,13.65,9,13,10,4,127.5,SYNTHETIC_DEVELOPMENT
4343,2026-08-22,13,5,0,5,Dermatology,7,9.0,4,6,5,24,30.3,SYNTHETIC_DEVELOPMENT
4344,2026-08-22,11,5,1,3,Pediatrics,5,13.65,14,15,15,8,180.0,SYNTHETIC_DEVELOPMENT
4345,2026-08-22,10,5,1,1,General Medicine,2,10.58,10,11,11,4,122.7,SYNTHETIC_DEVELOPMENT
4346,2026-08-22,12,5,0,1,General Medicine,1,11.5,2,4,3,14,20.7,SYNTHETIC_DEVELOPMENT
4347,2026-08-22,14,5,1,1,General Medicine,2,10.58,8,14,9,18,90.7,SYNTHETIC_DEVELOPMENT
4348,2026-08-22,11,5,1,1,General Medicine,2,10.58,13,14,14,10,147.6,SYNTHETIC_DEVELOPMENT
4349,2026-08-22,9,5,1,1,General Medicine,2,10.58,11,13,12,3,111.6,SYNTHETIC_DEVELOPMENT
4350,2026-08-22,10,5,1,4,Orthopedics,6,14.5,9,13,10,6,159.7,SYNTHETIC_DEVELOPMENT
4351,2026-08-22,10,5,1,2,Cardiology,3,19.25,7,10,8,6,148.9,SYNTHETIC_DEVELOPMENT
4352,2026-08-22,12,5,0,2,Cardiology,4,16.62,4,5,5,10,64.5,SYNTHETIC_DEVELOPMENT
4353,2026-08-22,12,5,0,1,General Medicine,2,10.58,5,7,6,16,45.3,SYNTHETIC_DEVELOPMENT
4354,2026-08-22,15,5,1,4,Orthopedics,6,14.5,6,8,7,19,86.5,SYNTHETIC_DEVELOPMENT
4355,2026-08-22,16,5,0,4,Orthopedics,6,14.5,5,8,6,28,82.5,SYNTHETIC_DEVELOPMENT
4356,2026-08-22,15,5,1,2,Cardiology,4,16.62,10,12,11,21,156.0,SYNTHETIC_DEVELOPMENT
4357,2026-08-22,16,5,0,1,General Medicine,1,11.5,3,6,4,35,33.7,SYNTHETIC_DEVELOPMENT
4358,2026-08-22,12,5,0,2,Cardiology,4,16.62,4,4,5,11,72.8,SYNTHETIC_DEVELOPMENT
4359,2026-08-22,15,5,1,1,General Medicine,1,11.5,5,6,6,23,58.0,SYNTHETIC_DEVELOPMENT
4360,2026-08-22,9,5,1,5,Dermatology,7,9.0,9,14,10,4,111.6,SYNTHETIC_DEVELOPMENT
4361,2026-08-22,13,5,0,5,Dermatology,7,9.0,8,14,9,18,94.5,SYNTHETIC_DEVELOPMENT
4362,2026-08-22,10,5,1,1,General Medicine,1,11.5,7,9,8,7,95.7,SYNTHETIC_DEVELOPMENT
4363,2026-08-22,14,5,1,3,Pediatrics,5,13.65,8,9,9,15,121.5,SYNTHETIC_DEVELOPMENT
4364,2026-08-22,12,5,0,3,Pediatrics,5,13.65,7,9,8,13,101.0,SYNTHETIC_DEVELOPMENT
4365,2026-08-22,11,5,1,4,Orthopedics,6,14.5,5,9,6,11,80.9,SYNTHETIC_DEVELOPMENT
4366,2026-08-22,14,5,1,4,Orthopedics,6,14.5,10,12,11,28,170.7,SYNTHETIC_DEVELOPMENT
4367,2026-08-22,12,5,0,1,General Medicine,2,10.58,1,4,2,14,6.8,SYNTHETIC_DEVELOPMENT
4368,2026-08-22,9,5,1,2,Cardiology,4,16.62,5,6,6,5,95.5,SYNTHETIC_DEVELOPMENT
4369,2026-08-22,9,5,1,2,Cardiology,4,16.62,5,8,6,4,100.9,SYNTHETIC_DEVELOPMENT
4370,2026-08-22,12,5,0,2,Cardiology,4,16.62,8,13,9,13,143.6,SYNTHETIC_DEVELOPMENT
4371,2026-08-22,13,5,0,3,Pediatrics,5,13.65,2,3,3,11,24.4,SYNTHETIC_DEVELOPMENT
4372,2026-08-22,9,5,1,1,General Medicine,2,10.58,8,11,9,4,91.8,SYNTHETIC_DEVELOPMENT
4373,2026-08-22,10,5,1,3,Pediatrics,5,13.65,10,13,11,5,142.3,SYNTHETIC_DEVELOPMENT
4374,2026-08-22,9,5,1,1,General Medicine,2,10.58,7,9,8,6,82.1,SYNTHETIC_DEVELOPMENT
4375,2026-08-22,14,5,1,5,Dermatology,7,9.0,5,8,6,14,33.8,SYNTHETIC_DEVELOPMENT
4376,2026-08-22,9,5,1,4,Orthopedics,6,14.5,7,13,8,4,123.3,SYNTHETIC_DEVELOPMENT
4377,2026-08-22,11,5,1,2,Cardiology,4,16.62,15,19,16,10,180.0,SYNTHETIC_DEVELOPMENT
4378,2026-08-22,10,5,1,2,Cardiology,3,19.25,9,10,10,5,180.0,SYNTHETIC_DEVELOPMENT
4379,2026-08-22,10,5,1,2,Cardiology,4,16.62,10,11,11,7,156.6,SYNTHETIC_DEVELOPMENT
4380,2026-08-22,12,5,0,2,Cardiology,4,16.62,6,9,7,6,117.8,SYNTHETIC_DEVELOPMENT
4381,2026-08-22,9,5,1,2,Cardiology,3,19.25,9,11,10,4,162.8,SYNTHETIC_DEVELOPMENT
4382,2026-08-22,16,5,0,4,Orthopedics,6,14.5,3,5,4,25,54.9,SYNTHETIC_DEVELOPMENT
4383,2026-08-22,9,5,1,2,Cardiology,4,16.62,10,12,11,1,154.6,SYNTHETIC_DEVELOPMENT
4384,2026-08-22,17,5,0,2,Cardiology,4,16.62,4,7,5,29,59.3,SYNTHETIC_DEVELOPMENT
4385,2026-08-22,10,5,1,5,Dermatology,7,9.0,5,7,6,6,47.6,SYNTHETIC_DEVELOPMENT
4386,2026-08-22,13,5,0,3,Pediatrics,5,13.65,2,5,3,16,28.2,SYNTHETIC_DEVELOPMENT
4387,2026-08-22,15,5,1,5,Dermatology,7,9.0,9,12,10,23,106.6,SYNTHETIC_DEVELOPMENT
4388,2026-08-22,17,5,0,2,Cardiology,4,16.62,2,5,3,34,41.5,SYNTHETIC_DEVELOPMENT
4389,2026-08-22,14,5,1,4,Orthopedics,6,14.5,5,10,6,23,101.7,SYNTHETIC_DEVELOPMENT
4390,2026-08-22,10,5,1,3,Pediatrics,5,13.65,12,13,13,7,175.9,SYNTHETIC_DEVELOPMENT
4391,2026-08-22,9,5,1,1,General Medicine,2,10.58,11,14,12,3,122.5,SYNTHETIC_DEVELOPMENT
4392,2026-08-22,17,5,0,3,Pediatrics,5,13.65,7,8,8,19,112.4,SYNTHETIC_DEVELOPMENT
4393,2026-08-22,9,5,1,2,Cardiology,3,19.25,11,12,12,2,180.0,SYNTHETIC_DEVELOPMENT
4394,2026-08-22,10,5,1,5,Dermatology,7,9.0,5,8,6,5,48.5,SYNTHETIC_DEVELOPMENT
4395,2026-08-22,10,5,1,4,Orthopedics,6,14.5,10,11,11,7,172.8,SYNTHETIC_DEVELOPMENT
4396,2026-08-22,11,5,1,5,Dermatology,7,9.0,7,12,8,7,69.5,SYNTHETIC_DEVELOPMENT
4397,2026-08-22,14,5,1,2,Cardiology,4,16.62,6,6,7,19,94.7,SYNTHETIC_DEVELOPMENT
4398,2026-08-22,15,5,1,1,General Medicine,2,10.58,4,7,5,22,52.5,SYNTHETIC_DEVELOPMENT
4399,2026-08-22,14,5,1,2,Cardiology,3,19.25,11,12,12,14,180.0,SYNTHETIC_DEVELOPMENT
4400,2026-08-22,9,5,1,1,General Medicine,2,10.58,14,16,15,5,163.6,SYNTHETIC_DEVELOPMENT
4401,2026-08-22,9,5,1,5,Dermatology,7,9.0,5,10,6,3,51.1,SYNTHETIC_DEVELOPMENT
4402,2026-08-22,9,5,1,5,Dermatology,7,9.0,5,6,6,4,57.3,SYNTHETIC_DEVELOPMENT
4403,2026-08-22,9,5,1,3,Pediatrics,5,13.65,4,7,5,4,79.7,SYNTHETIC_DEVELOPMENT
4404,2026-08-22,9,5,1,1,General Medicine,2,10.58,6,7,7,5,53.7,SYNTHETIC_DEVELOPMENT
4405,2026-08-22,17,5,0,2,Cardiology,3,19.25,6,7,7,35,100.9,SYNTHETIC_DEVELOPMENT
4406,2026-08-22,14,5,1,1,General Medicine,2,10.58,3,8,4,20,37.6,SYNTHETIC_DEVELOPMENT
4407,2026-08-22,9,5,1,5,Dermatology,7,9.0,10,13,11,0,99.4,SYNTHETIC_DEVELOPMENT
4408,2026-08-22,14,5,1,5,Dermatology,7,9.0,10,13,11,14,99.6,SYNTHETIC_DEVELOPMENT
4409,2026-08-22,12,5,0,5,Dermatology,7,9.0,4,8,5,17,42.8,SYNTHETIC_DEVELOPMENT
4410,2026-08-22,15,5,1,1,General Medicine,1,11.5,5,6,6,27,64.6,SYNTHETIC_DEVELOPMENT
4411,2026-08-22,15,5,1,1,General Medicine,2,10.58,9,12,10,18,102.2,SYNTHETIC_DEVELOPMENT
4412,2026-08-22,9,5,1,1,General Medicine,2,10.58,11,19,12,3,124.7,SYNTHETIC_DEVELOPMENT
4413,2026-08-22,16,5,0,4,Orthopedics,6,14.5,8,11,9,24,109.1,SYNTHETIC_DEVELOPMENT
4414,2026-08-22,9,5,1,1,General Medicine,2,10.58,10,14,11,7,122.9,SYNTHETIC_DEVELOPMENT
4415,2026-08-22,8,5,0,3,Pediatrics,5,13.65,3,8,4,1,58.7,SYNTHETIC_DEVELOPMENT
4416,2026-08-22,9,5,1,1,General Medicine,2,10.58,5,6,6,5,76.1,SYNTHETIC_DEVELOPMENT
4417,2026-08-22,12,5,0,1,General Medicine,1,11.5,5,6,6,13,57.9,SYNTHETIC_DEVELOPMENT
4418,2026-08-23,13,6,0,2,Cardiology,3,19.25,5,13,6,13,109.7,SYNTHETIC_DEVELOPMENT
4419,2026-08-23,10,6,1,1,General Medicine,1,11.5,3,5,4,9,36.6,SYNTHETIC_DEVELOPMENT
4420,2026-08-23,11,6,1,2,Cardiology,4,16.62,2,6,3,10,26.4,SYNTHETIC_DEVELOPMENT
4421,2026-08-23,10,6,1,1,General Medicine,1,11.5,3,5,4,5,39.7,SYNTHETIC_DEVELOPMENT
4422,2026-08-23,16,6,0,2,Cardiology,4,16.62,4,8,5,24,65.2,SYNTHETIC_DEVELOPMENT
4423,2026-08-23,10,6,1,2,Cardiology,4,16.62,5,10,6,8,89.3,SYNTHETIC_DEVELOPMENT
4424,2026-08-23,9,6,1,2,Cardiology,4,16.62,1,2,2,4,19.2,SYNTHETIC_DEVELOPMENT
4425,2026-08-23,15,6,1,2,Cardiology,4,16.62,4,9,5,22,78.8,SYNTHETIC_DEVELOPMENT
4426,2026-08-23,8,6,0,1,General Medicine,1,11.5,4,6,5,2,44.1,SYNTHETIC_DEVELOPMENT
4427,2026-08-23,13,6,0,5,Dermatology,7,9.0,2,5,3,15,31.5,SYNTHETIC_DEVELOPMENT
4428,2026-08-23,12,6,0,2,Cardiology,4,16.62,2,4,3,9,33.8,SYNTHETIC_DEVELOPMENT
4429,2026-08-23,10,6,1,1,General Medicine,2,10.58,8,15,9,8,101.4,SYNTHETIC_DEVELOPMENT
4430,2026-08-23,11,6,1,5,Dermatology,7,9.0,2,5,3,9,12.8,SYNTHETIC_DEVELOPMENT
4431,2026-08-23,9,6,1,2,Cardiology,4,16.62,6,9,7,2,113.8,SYNTHETIC_DEVELOPMENT
4432,2026-08-23,17,6,0,3,Pediatrics,5,13.65,3,6,4,35,46.9,SYNTHETIC_DEVELOPMENT
4433,2026-08-23,8,6,0,3,Pediatrics,5,13.65,3,5,4,1,45.7,SYNTHETIC_DEVELOPMENT
4434,2026-08-23,11,6,1,5,Dermatology,7,9.0,5,9,6,6,56.3,SYNTHETIC_DEVELOPMENT
4435,2026-08-23,10,6,1,2,Cardiology,4,16.62,4,6,5,3,74.5,SYNTHETIC_DEVELOPMENT
4436,2026-08-23,10,6,1,1,General Medicine,1,11.5,3,7,4,4,29.6,SYNTHETIC_DEVELOPMENT
4437,2026-08-23,12,6,0,2,Cardiology,3,19.25,0,2,1,5,1.3,SYNTHETIC_DEVELOPMENT
4438,2026-08-23,12,6,0,2,Cardiology,3,19.25,4,5,5,9,92.2,SYNTHETIC_DEVELOPMENT
4439,2026-08-23,9,6,1,5,Dermatology,7,9.0,4,8,5,6,54.1,SYNTHETIC_DEVELOPMENT
4440,2026-08-23,8,6,0,1,General Medicine,1,11.5,4,6,5,0,45.7,SYNTHETIC_DEVELOPMENT
4441,2026-08-23,10,6,1,4,Orthopedics,6,14.5,5,7,6,5,71.3,SYNTHETIC_DEVELOPMENT
4442,2026-08-23,8,6,0,2,Cardiology,3,19.25,2,2,3,2,39.0,SYNTHETIC_DEVELOPMENT
4443,2026-08-23,10,6,1,5,Dermatology,7,9.0,4,7,5,4,43.0,SYNTHETIC_DEVELOPMENT
4444,2026-08-23,10,6,1,4,Orthopedics,6,14.5,11,14,12,7,179.0,SYNTHETIC_DEVELOPMENT
4445,2026-08-23,10,6,1,1,General Medicine,2,10.58,7,12,8,12,81.2,SYNTHETIC_DEVELOPMENT
4446,2026-08-23,16,6,0,5,Dermatology,7,9.0,0,1,1,35,1.5,SYNTHETIC_DEVELOPMENT
4447,2026-08-23,14,6,1,4,Orthopedics,6,14.5,3,3,4,15,47.5,SYNTHETIC_DEVELOPMENT
4448,2026-08-23,11,6,1,2,Cardiology,3,19.25,4,6,5,10,92.6,SYNTHETIC_DEVELOPMENT
4449,2026-08-23,10,6,1,1,General Medicine,2,10.58,5,9,6,5,59.3,SYNTHETIC_DEVELOPMENT
4450,2026-08-23,12,6,0,1,General Medicine,2,10.58,3,5,4,13,40.9,SYNTHETIC_DEVELOPMENT
4451,2026-08-23,15,6,1,5,Dermatology,7,9.0,2,5,3,15,20.3,SYNTHETIC_DEVELOPMENT
4452,2026-08-23,16,6,0,1,General Medicine,1,11.5,2,4,3,31,28.8,SYNTHETIC_DEVELOPMENT
4453,2026-08-23,9,6,1,5,Dermatology,7,9.0,4,6,5,2,51.2,SYNTHETIC_DEVELOPMENT
4454,2026-08-23,10,6,1,2,Cardiology,4,16.62,4,5,5,7,61.0,SYNTHETIC_DEVELOPMENT
4455,2026-08-23,15,6,1,2,Cardiology,3,19.25,4,7,5,22,71.5,SYNTHETIC_DEVELOPMENT
4456,2026-08-23,12,6,0,1,General Medicine,2,10.58,4,7,5,14,36.6,SYNTHETIC_DEVELOPMENT
4457,2026-08-23,15,6,1,2,Cardiology,4,16.62,11,12,12,21,180.0,SYNTHETIC_DEVELOPMENT
4458,2026-08-23,10,6,1,2,Cardiology,4,16.62,4,7,5,6,49.4,SYNTHETIC_DEVELOPMENT
4459,2026-08-23,14,6,1,2,Cardiology,3,19.25,6,7,7,10,111.9,SYNTHETIC_DEVELOPMENT
4460,2026-08-23,15,6,1,2,Cardiology,4,16.62,3,8,4,30,50.1,SYNTHETIC_DEVELOPMENT
4461,2026-08-23,17,6,0,5,Dermatology,7,9.0,5,7,6,20,58.0,SYNTHETIC_DEVELOPMENT
4462,2026-08-23,9,6,1,5,Dermatology,7,9.0,9,11,10,3,82.8,SYNTHETIC_DEVELOPMENT
4463,2026-08-23,11,6,1,2,Cardiology,3,19.25,6,9,7,12,137.7,SYNTHETIC_DEVELOPMENT
4464,2026-08-23,9,6,1,5,Dermatology,7,9.0,7,8,8,2,80.5,SYNTHETIC_DEVELOPMENT
4465,2026-08-23,14,6,1,1,General Medicine,1,11.5,5,8,6,22,66.9,SYNTHETIC_DEVELOPMENT
4466,2026-08-23,10,6,1,5,Dermatology,7,9.0,3,6,4,7,36.6,SYNTHETIC_DEVELOPMENT
4467,2026-08-23,13,6,0,1,General Medicine,2,10.58,5,6,6,19,50.4,SYNTHETIC_DEVELOPMENT
4468,2026-08-23,9,6,1,2,Cardiology,3,19.25,5,6,6,3,102.9,SYNTHETIC_DEVELOPMENT
4469,2026-08-23,11,6,1,1,General Medicine,2,10.58,2,5,3,5,25.9,SYNTHETIC_DEVELOPMENT
4470,2026-08-23,10,6,1,5,Dermatology,7,9.0,2,4,3,8,15.9,SYNTHETIC_DEVELOPMENT
4471,2026-08-23,12,6,0,5,Dermatology,7,9.0,4,6,5,11,45.6,SYNTHETIC_DEVELOPMENT
4472,2026-08-23,12,6,0,2,Cardiology,3,19.25,3,4,4,5,64.2,SYNTHETIC_DEVELOPMENT
4473,2026-08-23,15,6,1,2,Cardiology,3,19.25,3,6,4,24,58.6,SYNTHETIC_DEVELOPMENT
4474,2026-08-23,12,6,0,4,Orthopedics,6,14.5,3,4,4,13,62.4,SYNTHETIC_DEVELOPMENT
4475,2026-08-23,9,6,1,4,Orthopedics,6,14.5,4,7,5,5,55.6,SYNTHETIC_DEVELOPMENT
4476,2026-08-23,8,6,0,1,General Medicine,1,11.5,4,5,5,0,63.2,SYNTHETIC_DEVELOPMENT
4477,2026-08-23,14,6,1,5,Dermatology,7,9.0,5,8,6,16,54.7,SYNTHETIC_DEVELOPMENT
4478,2026-08-23,8,6,0,4,Orthopedics,6,14.5,2,5,3,0,26.4,SYNTHETIC_DEVELOPMENT
4479,2026-08-23,9,6,1,1,General Medicine,1,11.5,4,8,5,6,43.1,SYNTHETIC_DEVELOPMENT
4480,2026-08-23,15,6,1,2,Cardiology,4,16.62,3,6,4,21,60.7,SYNTHETIC_DEVELOPMENT
4481,2026-08-23,8,6,0,2,Cardiology,3,19.25,0,4,1,2,1.4,SYNTHETIC_DEVELOPMENT
4482,2026-08-23,10,6,1,5,Dermatology,7,9.0,2,5,3,3,20.8,SYNTHETIC_DEVELOPMENT
4483,2026-08-23,10,6,1,3,Pediatrics,5,13.65,6,10,7,4,78.8,SYNTHETIC_DEVELOPMENT
4484,2026-08-23,9,6,1,4,Orthopedics,6,14.5,3,7,4,3,36.8,SYNTHETIC_DEVELOPMENT
4485,2026-08-23,10,6,1,1,General Medicine,1,11.5,2,3,3,7,20.9,SYNTHETIC_DEVELOPMENT
4486,2026-08-23,9,6,1,4,Orthopedics,6,14.5,3,6,4,6,52.4,SYNTHETIC_DEVELOPMENT
4487,2026-08-23,16,6,0,3,Pediatrics,5,13.65,1,3,2,27,20.7,SYNTHETIC_DEVELOPMENT
4488,2026-08-23,10,6,1,3,Pediatrics,5,13.65,3,5,4,7,39.9,SYNTHETIC_DEVELOPMENT
4489,2026-08-23,16,6,0,1,General Medicine,2,10.58,1,3,2,22,12.0,SYNTHETIC_DEVELOPMENT
4490,2026-08-23,14,6,1,1,General Medicine,2,10.58,5,6,6,21,57.0,SYNTHETIC_DEVELOPMENT
4491,2026-08-23,10,6,1,4,Orthopedics,6,14.5,5,7,6,3,102.5,SYNTHETIC_DEVELOPMENT
4492,2026-08-23,10,6,1,1,General Medicine,2,10.58,4,10,5,5,41.3,SYNTHETIC_DEVELOPMENT
4493,2026-08-23,16,6,0,1,General Medicine,1,11.5,4,9,5,25,56.3,SYNTHETIC_DEVELOPMENT
4494,2026-08-23,16,6,0,3,Pediatrics,5,13.65,3,6,4,22,53.4,SYNTHETIC_DEVELOPMENT
4495,2026-08-23,16,6,0,1,General Medicine,1,11.5,1,3,2,25,13.3,SYNTHETIC_DEVELOPMENT
4496,2026-08-23,11,6,1,2,Cardiology,4,16.62,2,3,3,6,30.6,SYNTHETIC_DEVELOPMENT
4497,2026-08-23,15,6,1,2,Cardiology,3,19.25,6,8,7,26,156.1,SYNTHETIC_DEVELOPMENT
4498,2026-08-23,11,6,1,2,Cardiology,3,19.25,6,7,7,5,125.8,SYNTHETIC_DEVELOPMENT
4499,2026-08-23,14,6,1,2,Cardiology,3,19.25,6,7,7,15,131.8,SYNTHETIC_DEVELOPMENT
4500,2026-08-23,16,6,0,2,Cardiology,3,19.25,3,9,4,20,56.9,SYNTHETIC_DEVELOPMENT
4501,2026-08-24,11,0,1,5,Dermatology,7,9.0,7,11,8,5,69.6,SYNTHETIC_DEVELOPMENT
4502,2026-08-24,9,0,1,2,Cardiology,3,19.25,9,13,10,4,180.0,SYNTHETIC_DEVELOPMENT
4503,2026-08-24,11,0,1,1,General Medicine,2,10.58,5,6,6,13,53.6,SYNTHETIC_DEVELOPMENT
4504,2026-08-24,16,0,0,3,Pediatrics,5,13.65,4,7,5,26,65.0,SYNTHETIC_DEVELOPMENT
4505,2026-08-24,8,0,0,1,General Medicine,1,11.5,4,5,5,1,50.2,SYNTHETIC_DEVELOPMENT
4506,2026-08-24,14,0,1,3,Pediatrics,5,13.65,7,10,8,21,99.2,SYNTHETIC_DEVELOPMENT
4507,2026-08-24,11,0,1,5,Dermatology,7,9.0,10,11,11,7,105.8,SYNTHETIC_DEVELOPMENT
4508,2026-08-24,12,0,0,2,Cardiology,4,16.62,4,8,5,7,67.4,SYNTHETIC_DEVELOPMENT
4509,2026-08-24,10,0,1,4,Orthopedics,6,14.5,7,8,8,7,109.4,SYNTHETIC_DEVELOPMENT
4510,2026-08-24,9,0,1,1,General Medicine,2,10.58,4,5,5,0,54.2,SYNTHETIC_DEVELOPMENT
4511,2026-08-24,10,0,1,4,Orthopedics,6,14.5,9,13,10,9,137.5,SYNTHETIC_DEVELOPMENT
4512,2026-08-24,9,0,1,5,Dermatology,7,9.0,12,13,13,3,142.8,SYNTHETIC_DEVELOPMENT
4513,2026-08-24,11,0,1,4,Orthopedics,6,14.5,7,8,8,14,108.3,SYNTHETIC_DEVELOPMENT
4514,2026-08-24,11,0,1,2,Cardiology,3,19.25,6,9,7,10,124.9,SYNTHETIC_DEVELOPMENT
4515,2026-08-24,10,0,1,2,Cardiology,4,16.62,5,5,6,5,81.1,SYNTHETIC_DEVELOPMENT
4516,2026-08-24,14,0,1,2,Cardiology,3,19.25,11,16,12,14,180.0,SYNTHETIC_DEVELOPMENT
4517,2026-08-24,16,0,0,1,General Medicine,2,10.58,5,9,6,23,65.6,SYNTHETIC_DEVELOPMENT
4518,2026-08-24,15,0,1,3,Pediatrics,5,13.65,10,13,11,19,159.6,SYNTHETIC_DEVELOPMENT
4519,2026-08-24,9,0,1,4,Orthopedics,6,14.5,8,11,9,2,120.8,SYNTHETIC_DEVELOPMENT
4520,2026-08-24,12,0,0,1,General Medicine,2,10.58,5,6,6,15,71.3,SYNTHETIC_DEVELOPMENT
4521,2026-08-24,10,0,1,2,Cardiology,4,16.62,7,10,8,4,131.9,SYNTHETIC_DEVELOPMENT
4522,2026-08-24,14,0,1,5,Dermatology,7,9.0,12,12,13,17,123.1,SYNTHETIC_DEVELOPMENT
4523,2026-08-24,11,0,1,3,Pediatrics,5,13.65,11,13,12,13,135.4,SYNTHETIC_DEVELOPMENT
4524,2026-08-24,13,0,0,5,Dermatology,7,9.0,2,2,3,11,18.5,SYNTHETIC_DEVELOPMENT
4525,2026-08-24,9,0,1,5,Dermatology,7,9.0,4,4,5,6,39.2,SYNTHETIC_DEVELOPMENT
4526,2026-08-24,9,0,1,1,General Medicine,1,11.5,10,17,11,2,129.6,SYNTHETIC_DEVELOPMENT
4527,2026-08-24,11,0,1,4,Orthopedics,6,14.5,13,16,14,4,180.0,SYNTHETIC_DEVELOPMENT
4528,2026-08-24,10,0,1,2,Cardiology,3,19.25,9,10,10,3,173.1,SYNTHETIC_DEVELOPMENT
4529,2026-08-24,10,0,1,5,Dermatology,7,9.0,12,15,13,4,126.0,SYNTHETIC_DEVELOPMENT
4530,2026-08-24,9,0,1,4,Orthopedics,6,14.5,9,12,10,2,151.5,SYNTHETIC_DEVELOPMENT
4531,2026-08-24,9,0,1,5,Dermatology,7,9.0,6,8,7,4,58.5,SYNTHETIC_DEVELOPMENT
4532,2026-08-24,11,0,1,3,Pediatrics,5,13.65,8,10,9,6,114.2,SYNTHETIC_DEVELOPMENT
4533,2026-08-24,15,0,1,4,Orthopedics,6,14.5,4,5,5,29,66.5,SYNTHETIC_DEVELOPMENT
4534,2026-08-24,9,0,1,1,General Medicine,2,10.58,13,15,14,8,136.2,SYNTHETIC_DEVELOPMENT
4535,2026-08-24,10,0,1,3,Pediatrics,5,13.65,10,11,11,5,159.7,SYNTHETIC_DEVELOPMENT
4536,2026-08-24,9,0,1,3,Pediatrics,5,13.65,7,11,8,4,110.4,SYNTHETIC_DEVELOPMENT
4537,2026-08-24,9,0,1,1,General Medicine,2,10.58,10,12,11,1,108.0,SYNTHETIC_DEVELOPMENT
4538,2026-08-24,15,0,1,1,General Medicine,1,11.5,8,10,9,27,116.9,SYNTHETIC_DEVELOPMENT
4539,2026-08-24,15,0,1,1,General Medicine,2,10.58,7,9,8,20,98.0,SYNTHETIC_DEVELOPMENT
4540,2026-08-24,9,0,1,1,General Medicine,1,11.5,8,12,9,2,93.5,SYNTHETIC_DEVELOPMENT
4541,2026-08-24,16,0,0,1,General Medicine,1,11.5,8,10,9,30,84.9,SYNTHETIC_DEVELOPMENT
4542,2026-08-24,14,0,1,4,Orthopedics,6,14.5,6,7,7,23,83.6,SYNTHETIC_DEVELOPMENT
4543,2026-08-24,15,0,1,2,Cardiology,3,19.25,6,8,7,17,96.5,SYNTHETIC_DEVELOPMENT
4544,2026-08-24,9,0,1,1,General Medicine,1,11.5,7,8,8,4,103.0,SYNTHETIC_DEVELOPMENT
4545,2026-08-24,14,0,1,4,Orthopedics,6,14.5,11,14,12,15,164.9,SYNTHETIC_DEVELOPMENT
4546,2026-08-24,8,0,0,2,Cardiology,3,19.25,2,3,3,1,41.5,SYNTHETIC_DEVELOPMENT
4547,2026-08-24,15,0,1,2,Cardiology,3,19.25,8,10,9,15,180.0,SYNTHETIC_DEVELOPMENT
4548,2026-08-24,13,0,0,2,Cardiology,4,16.62,6,8,7,18,101.1,SYNTHETIC_DEVELOPMENT
4549,2026-08-24,17,0,0,2,Cardiology,3,19.25,7,10,8,28,141.4,SYNTHETIC_DEVELOPMENT
4550,2026-08-24,15,0,1,2,Cardiology,4,16.62,10,14,11,30,170.5,SYNTHETIC_DEVELOPMENT
4551,2026-08-24,15,0,1,2,Cardiology,3,19.25,9,14,10,18,180.0,SYNTHETIC_DEVELOPMENT
4552,2026-08-24,10,0,1,1,General Medicine,1,11.5,8,8,9,4,100.9,SYNTHETIC_DEVELOPMENT
4553,2026-08-24,10,0,1,1,General Medicine,2,10.58,9,11,10,5,112.1,SYNTHETIC_DEVELOPMENT
4554,2026-08-24,14,0,1,1,General Medicine,2,10.58,10,12,11,22,143.5,SYNTHETIC_DEVELOPMENT
4555,2026-08-24,11,0,1,3,Pediatrics,5,13.65,7,9,8,5,103.1,SYNTHETIC_DEVELOPMENT
4556,2026-08-24,9,0,1,2,Cardiology,3,19.25,10,12,11,6,180.0,SYNTHETIC_DEVELOPMENT
4557,2026-08-24,13,0,0,5,Dermatology,7,9.0,4,6,5,18,45.6,SYNTHETIC_DEVELOPMENT
4558,2026-08-24,9,0,1,2,Cardiology,3,19.25,3,7,4,1,57.2,SYNTHETIC_DEVELOPMENT
4559,2026-08-24,10,0,1,2,Cardiology,3,19.25,12,13,13,7,180.0,SYNTHETIC_DEVELOPMENT
4560,2026-08-24,11,0,1,3,Pediatrics,5,13.65,7,7,8,6,105.6,SYNTHETIC_DEVELOPMENT
4561,2026-08-24,10,0,1,2,Cardiology,3,19.25,13,15,14,7,180.0,SYNTHETIC_DEVELOPMENT
4562,2026-08-24,15,0,1,2,Cardiology,4,16.62,10,12,11,16,157.5,SYNTHETIC_DEVELOPMENT
4563,2026-08-24,16,0,0,5,Dermatology,7,9.0,2,5,3,16,19.7,SYNTHETIC_DEVELOPMENT
4564,2026-08-24,9,0,1,2,Cardiology,4,16.62,8,10,9,2,163.2,SYNTHETIC_DEVELOPMENT
4565,2026-08-24,17,0,0,4,Orthopedics,6,14.5,5,7,6,25,79.6,SYNTHETIC_DEVELOPMENT
4566,2026-08-24,12,0,0,2,Cardiology,3,19.25,12,16,13,18,180.0,SYNTHETIC_DEVELOPMENT
4567,2026-08-24,14,0,1,2,Cardiology,4,16.62,8,9,9,20,172.9,SYNTHETIC_DEVELOPMENT
4568,2026-08-24,8,0,0,1,General Medicine,2,10.58,1,4,2,0,9.6,SYNTHETIC_DEVELOPMENT
4569,2026-08-24,8,0,0,1,General Medicine,1,11.5,2,8,3,0,28.8,SYNTHETIC_DEVELOPMENT
4570,2026-08-24,10,0,1,2,Cardiology,3,19.25,9,14,10,12,180.0,SYNTHETIC_DEVELOPMENT
4571,2026-08-24,15,0,1,1,General Medicine,1,11.5,6,6,7,17,80.2,SYNTHETIC_DEVELOPMENT
4572,2026-08-24,17,0,0,2,Cardiology,4,16.62,8,10,9,29,140.3,SYNTHETIC_DEVELOPMENT
4573,2026-08-24,15,0,1,1,General Medicine,2,10.58,10,11,11,18,116.8,SYNTHETIC_DEVELOPMENT
4574,2026-08-24,10,0,1,5,Dermatology,7,9.0,9,9,10,11,73.4,SYNTHETIC_DEVELOPMENT
4575,2026-08-24,12,0,0,1,General Medicine,1,11.5,5,6,6,11,53.9,SYNTHETIC_DEVELOPMENT
4576,2026-08-24,11,0,1,2,Cardiology,4,16.62,10,12,11,8,178.9,SYNTHETIC_DEVELOPMENT
4577,2026-08-24,16,0,0,2,Cardiology,4,16.62,10,13,11,31,165.0,SYNTHETIC_DEVELOPMENT
4578,2026-08-24,14,0,1,5,Dermatology,7,9.0,6,8,7,20,66.5,SYNTHETIC_DEVELOPMENT
4579,2026-08-24,11,0,1,2,Cardiology,4,16.62,4,10,5,8,56.4,SYNTHETIC_DEVELOPMENT
4580,2026-08-24,11,0,1,2,Cardiology,4,16.62,10,13,11,11,169.2,SYNTHETIC_DEVELOPMENT
4581,2026-08-24,11,0,1,5,Dermatology,7,9.0,11,14,12,17,105.8,SYNTHETIC_DEVELOPMENT
4582,2026-08-24,13,0,0,1,General Medicine,2,10.58,7,9,8,17,102.1,SYNTHETIC_DEVELOPMENT
4583,2026-08-24,11,0,1,1,General Medicine,1,11.5,7,8,8,11,97.4,SYNTHETIC_DEVELOPMENT
4584,2026-08-24,11,0,1,3,Pediatrics,5,13.65,6,7,7,8,95.8,SYNTHETIC_DEVELOPMENT
4585,2026-08-25,13,1,0,2,Cardiology,3,19.25,5,5,6,15,119.8,SYNTHETIC_DEVELOPMENT
4586,2026-08-25,9,1,1,2,Cardiology,4,16.62,5,9,6,3,88.1,SYNTHETIC_DEVELOPMENT
4587,2026-08-25,10,1,1,5,Dermatology,7,9.0,6,7,7,8,55.7,SYNTHETIC_DEVELOPMENT
4588,2026-08-25,14,1,1,4,Orthopedics,6,14.5,7,11,8,21,111.3,SYNTHETIC_DEVELOPMENT
4589,2026-08-25,9,1,1,3,Pediatrics,5,13.65,7,9,8,1,107.1,SYNTHETIC_DEVELOPMENT
4590,2026-08-25,14,1,1,2,Cardiology,4,16.62,12,14,13,14,180.0,SYNTHETIC_DEVELOPMENT
4591,2026-08-25,10,1,1,1,General Medicine,2,10.58,10,14,11,1,114.4,SYNTHETIC_DEVELOPMENT
4592,2026-08-25,10,1,1,2,Cardiology,4,16.62,7,12,8,5,96.4,SYNTHETIC_DEVELOPMENT
4593,2026-08-25,14,1,1,3,Pediatrics,5,13.65,11,16,12,23,160.7,SYNTHETIC_DEVELOPMENT
4594,2026-08-25,10,1,1,1,General Medicine,2,10.58,10,17,11,7,139.6,SYNTHETIC_DEVELOPMENT
4595,2026-08-25,15,1,1,2,Cardiology,4,16.62,7,7,8,29,144.1,SYNTHETIC_DEVELOPMENT
4596,2026-08-25,15,1,1,3,Pediatrics,5,13.65,6,6,7,20,84.7,SYNTHETIC_DEVELOPMENT
4597,2026-08-25,14,1,1,2,Cardiology,4,16.62,5,8,6,18,97.7,SYNTHETIC_DEVELOPMENT
4598,2026-08-25,15,1,1,3,Pediatrics,5,13.65,9,13,10,24,128.2,SYNTHETIC_DEVELOPMENT
4599,2026-08-25,10,1,1,2,Cardiology,4,16.62,3,8,4,7,49.6,SYNTHETIC_DEVELOPMENT
4600,2026-08-25,10,1,1,1,General Medicine,2,10.58,7,14,8,6,90.5,SYNTHETIC_DEVELOPMENT
4601,2026-08-25,9,1,1,1,General Medicine,1,11.5,10,13,11,6,126.8,SYNTHETIC_DEVELOPMENT
4602,2026-08-25,8,1,0,1,General Medicine,2,10.58,1,3,2,1,7.6,SYNTHETIC_DEVELOPMENT
4603,2026-08-25,10,1,1,2,Cardiology,3,19.25,4,5,5,9,79.5,SYNTHETIC_DEVELOPMENT
4604,2026-08-25,13,1,0,3,Pediatrics,5,13.65,2,5,3,12,26.1,SYNTHETIC_DEVELOPMENT
4605,2026-08-25,9,1,1,2,Cardiology,3,19.25,4,5,5,2,71.5,SYNTHETIC_DEVELOPMENT
4606,2026-08-25,12,1,0,3,Pediatrics,5,13.65,0,3,1,12,4.3,SYNTHETIC_DEVELOPMENT
4607,2026-08-25,15,1,1,4,Orthopedics,6,14.5,5,8,6,22,82.4,SYNTHETIC_DEVELOPMENT
4608,2026-08-25,9,1,1,3,Pediatrics,5,13.65,7,12,8,3,99.2,SYNTHETIC_DEVELOPMENT
4609,2026-08-25,10,1,1,1,General Medicine,1,11.5,7,13,8,6,98.4,SYNTHETIC_DEVELOPMENT
4610,2026-08-25,14,1,1,2,Cardiology,4,16.62,10,14,11,17,149.2,SYNTHETIC_DEVELOPMENT
4611,2026-08-25,16,1,0,4,Orthopedics,6,14.5,4,7,5,35,64.7,SYNTHETIC_DEVELOPMENT
4612,2026-08-25,11,1,1,4,Orthopedics,6,14.5,6,11,7,8,94.2,SYNTHETIC_DEVELOPMENT
4613,2026-08-25,8,1,0,5,Dermatology,7,9.0,3,4,4,1,24.0,SYNTHETIC_DEVELOPMENT
4614,2026-08-25,15,1,1,1,General Medicine,1,11.5,11,14,12,24,142.8,SYNTHETIC_DEVELOPMENT
4615,2026-08-25,11,1,1,1,General Medicine,1,11.5,8,9,9,10,97.4,SYNTHETIC_DEVELOPMENT
4616,2026-08-25,12,1,0,5,Dermatology,7,9.0,4,7,5,13,44.4,SYNTHETIC_DEVELOPMENT
4617,2026-08-25,12,1,0,4,Orthopedics,6,14.5,3,6,4,15,43.9,SYNTHETIC_DEVELOPMENT
4618,2026-08-25,9,1,1,1,General Medicine,1,11.5,2,6,3,3,23.3,SYNTHETIC_DEVELOPMENT
4619,2026-08-25,10,1,1,2,Cardiology,3,19.25,6,7,7,6,120.9,SYNTHETIC_DEVELOPMENT
4620,2026-08-25,9,1,1,3,Pediatrics,5,13.65,5,5,6,5,72.6,SYNTHETIC_DEVELOPMENT
4621,2026-08-25,14,1,1,5,Dermatology,7,9.0,7,10,8,24,76.7,SYNTHETIC_DEVELOPMENT
4622,2026-08-25,10,1,1,4,Orthopedics,6,14.5,5,6,6,13,89.5,SYNTHETIC_DEVELOPMENT
4623,2026-08-25,10,1,1,5,Dermatology,7,9.0,5,7,6,10,45.8,SYNTHETIC_DEVELOPMENT
4624,2026-08-25,11,1,1,1,General Medicine,2,10.58,4,5,5,7,51.2,SYNTHETIC_DEVELOPMENT
4625,2026-08-25,14,1,1,2,Cardiology,3,19.25,6,7,7,19,117.4,SYNTHETIC_DEVELOPMENT
4626,2026-08-25,8,1,0,3,Pediatrics,5,13.65,5,8,6,1,75.0,SYNTHETIC_DEVELOPMENT
4627,2026-08-25,16,1,0,4,Orthopedics,6,14.5,1,2,2,20,10.3,SYNTHETIC_DEVELOPMENT
4628,2026-08-25,9,1,1,2,Cardiology,3,19.25,6,8,7,5,127.9,SYNTHETIC_DEVELOPMENT
4629,2026-08-25,11,1,1,3,Pediatrics,5,13.65,3,4,4,13,35.5,SYNTHETIC_DEVELOPMENT
4630,2026-08-25,10,1,1,1,General Medicine,2,10.58,4,7,5,6,54.6,SYNTHETIC_DEVELOPMENT
4631,2026-08-25,9,1,1,4,Orthopedics,6,14.5,7,8,8,2,110.9,SYNTHETIC_DEVELOPMENT
4632,2026-08-25,10,1,1,5,Dermatology,7,9.0,8,10,9,6,88.3,SYNTHETIC_DEVELOPMENT
4633,2026-08-25,15,1,1,2,Cardiology,4,16.62,8,9,9,18,151.9,SYNTHETIC_DEVELOPMENT
4634,2026-08-25,14,1,1,5,Dermatology,7,9.0,6,7,7,13,64.3,SYNTHETIC_DEVELOPMENT
4635,2026-08-25,17,1,0,2,Cardiology,4,16.62,3,8,4,35,60.9,SYNTHETIC_DEVELOPMENT
4636,2026-08-25,15,1,1,3,Pediatrics,5,13.65,8,10,9,21,119.5,SYNTHETIC_DEVELOPMENT
4637,2026-08-25,9,1,1,3,Pediatrics,5,13.65,4,8,5,2,47.9,SYNTHETIC_DEVELOPMENT
4638,2026-08-25,11,1,1,3,Pediatrics,5,13.65,6,9,7,9,111.4,SYNTHETIC_DEVELOPMENT
4639,2026-08-25,9,1,1,1,General Medicine,2,10.58,8,13,9,1,85.4,SYNTHETIC_DEVELOPMENT
4640,2026-08-25,10,1,1,1,General Medicine,2,10.58,6,10,7,4,79.1,SYNTHETIC_DEVELOPMENT
4641,2026-08-25,11,1,1,1,General Medicine,2,10.58,7,8,8,10,76.1,SYNTHETIC_DEVELOPMENT
4642,2026-08-25,12,1,0,4,Orthopedics,6,14.5,4,7,5,7,55.5,SYNTHETIC_DEVELOPMENT
4643,2026-08-25,12,1,0,2,Cardiology,3,19.25,8,14,9,9,170.4,SYNTHETIC_DEVELOPMENT
4644,2026-08-25,10,1,1,2,Cardiology,4,16.62,5,7,6,6,66.5,SYNTHETIC_DEVELOPMENT
4645,2026-08-25,12,1,0,2,Cardiology,3,19.25,4,6,5,10,73.2,SYNTHETIC_DEVELOPMENT
4646,2026-08-25,10,1,1,1,General Medicine,2,10.58,8,10,9,6,89.8,SYNTHETIC_DEVELOPMENT
4647,2026-08-25,9,1,1,3,Pediatrics,5,13.65,1,5,2,4,8.1,SYNTHETIC_DEVELOPMENT
4648,2026-08-25,9,1,1,1,General Medicine,2,10.58,6,7,7,3,45.1,SYNTHETIC_DEVELOPMENT
4649,2026-08-25,14,1,1,4,Orthopedics,6,14.5,4,5,5,15,53.1,SYNTHETIC_DEVELOPMENT
4650,2026-08-25,11,1,1,1,General Medicine,2,10.58,2,6,3,6,16.9,SYNTHETIC_DEVELOPMENT
4651,2026-08-25,10,1,1,4,Orthopedics,6,14.5,5,6,6,5,67.9,SYNTHETIC_DEVELOPMENT
4652,2026-08-25,11,1,1,1,General Medicine,2,10.58,6,7,7,8,67.5,SYNTHETIC_DEVELOPMENT
4653,2026-08-25,9,1,1,2,Cardiology,3,19.25,7,10,8,1,123.0,SYNTHETIC_DEVELOPMENT
4654,2026-08-25,10,1,1,4,Orthopedics,6,14.5,10,12,11,6,158.3,SYNTHETIC_DEVELOPMENT
4655,2026-08-25,10,1,1,2,Cardiology,4,16.62,8,11,9,9,133.2,SYNTHETIC_DEVELOPMENT
4656,2026-08-25,16,1,0,3,Pediatrics,5,13.65,4,9,5,25,66.3,SYNTHETIC_DEVELOPMENT
4657,2026-08-25,9,1,1,2,Cardiology,3,19.25,11,12,12,3,180.0,SYNTHETIC_DEVELOPMENT
4658,2026-08-25,10,1,1,2,Cardiology,4,16.62,8,12,9,7,123.9,SYNTHETIC_DEVELOPMENT
4659,2026-08-25,12,1,0,1,General Medicine,1,11.5,4,7,5,16,63.1,SYNTHETIC_DEVELOPMENT
4660,2026-08-25,16,1,0,1,General Medicine,1,11.5,5,8,6,19,63.3,SYNTHETIC_DEVELOPMENT
4661,2026-08-25,16,1,0,4,Orthopedics,6,14.5,5,6,6,20,84.0,SYNTHETIC_DEVELOPMENT
4662,2026-08-25,10,1,1,2,Cardiology,4,16.62,9,10,10,8,162.9,SYNTHETIC_DEVELOPMENT
4663,2026-08-25,13,1,0,2,Cardiology,4,16.62,7,9,8,24,110.4,SYNTHETIC_DEVELOPMENT
4664,2026-08-25,15,1,1,1,General Medicine,2,10.58,5,5,6,26,76.0,SYNTHETIC_DEVELOPMENT
4665,2026-08-25,16,1,0,4,Orthopedics,6,14.5,5,6,6,26,75.6,SYNTHETIC_DEVELOPMENT
4666,2026-08-25,14,1,1,3,Pediatrics,5,13.65,9,14,10,18,130.6,SYNTHETIC_DEVELOPMENT
4667,2026-08-25,8,1,0,1,General Medicine,2,10.58,5,7,6,1,55.1,SYNTHETIC_DEVELOPMENT
4668,2026-08-26,10,2,1,1,General Medicine,1,11.5,5,8,6,8,70.2,SYNTHETIC_DEVELOPMENT
4669,2026-08-26,10,2,1,3,Pediatrics,5,13.65,8,10,9,3,108.9,SYNTHETIC_DEVELOPMENT
4670,2026-08-26,10,2,1,2,Cardiology,4,16.62,8,12,9,5,149.2,SYNTHETIC_DEVELOPMENT
4671,2026-08-26,17,2,0,2,Cardiology,4,16.62,2,6,3,35,40.5,SYNTHETIC_DEVELOPMENT
4672,2026-08-26,11,2,1,1,General Medicine,1,11.5,7,7,8,10,83.1,SYNTHETIC_DEVELOPMENT
4673,2026-08-26,10,2,1,1,General Medicine,1,11.5,6,9,7,11,73.1,SYNTHETIC_DEVELOPMENT
4674,2026-08-26,11,2,1,5,Dermatology,7,9.0,5,6,6,8,57.6,SYNTHETIC_DEVELOPMENT
4675,2026-08-26,15,2,1,2,Cardiology,4,16.62,4,5,5,24,85.8,SYNTHETIC_DEVELOPMENT
4676,2026-08-26,10,2,1,2,Cardiology,4,16.62,8,9,9,11,129.8,SYNTHETIC_DEVELOPMENT
4677,2026-08-26,11,2,1,5,Dermatology,7,9.0,10,15,11,9,94.1,SYNTHETIC_DEVELOPMENT
4678,2026-08-26,11,2,1,3,Pediatrics,5,13.65,3,7,4,12,39.2,SYNTHETIC_DEVELOPMENT
4679,2026-08-26,11,2,1,2,Cardiology,4,16.62,5,8,6,10,71.4,SYNTHETIC_DEVELOPMENT
4680,2026-08-26,11,2,1,5,Dermatology,7,9.0,8,13,9,13,92.5,SYNTHETIC_DEVELOPMENT
4681,2026-08-26,14,2,1,2,Cardiology,3,19.25,4,8,5,14,91.2,SYNTHETIC_DEVELOPMENT
4682,2026-08-26,14,2,1,4,Orthopedics,6,14.5,4,6,5,25,75.4,SYNTHETIC_DEVELOPMENT
4683,2026-08-26,11,2,1,4,Orthopedics,6,14.5,9,10,10,11,126.2,SYNTHETIC_DEVELOPMENT
4684,2026-08-26,14,2,1,2,Cardiology,4,16.62,3,7,4,18,48.6,SYNTHETIC_DEVELOPMENT
4685,2026-08-26,15,2,1,4,Orthopedics,6,14.5,7,12,8,22,121.7,SYNTHETIC_DEVELOPMENT
4686,2026-08-26,12,2,0,3,Pediatrics,5,13.65,6,7,7,14,91.7,SYNTHETIC_DEVELOPMENT
4687,2026-08-26,15,2,1,3,Pediatrics,5,13.65,5,7,6,19,80.8,SYNTHETIC_DEVELOPMENT
4688,2026-08-26,9,2,1,1,General Medicine,1,11.5,12,13,13,7,147.1,SYNTHETIC_DEVELOPMENT
4689,2026-08-26,10,2,1,2,Cardiology,3,19.25,4,5,5,5,79.4,SYNTHETIC_DEVELOPMENT
4690,2026-08-26,9,2,1,2,Cardiology,3,19.25,4,6,5,3,69.1,SYNTHETIC_DEVELOPMENT
4691,2026-08-26,14,2,1,2,Cardiology,4,16.62,9,13,10,9,133.4,SYNTHETIC_DEVELOPMENT
4692,2026-08-26,10,2,1,1,General Medicine,1,11.5,14,18,15,3,176.7,SYNTHETIC_DEVELOPMENT
4693,2026-08-26,13,2,0,2,Cardiology,3,19.25,5,6,6,22,95.2,SYNTHETIC_DEVELOPMENT
4694,2026-08-26,9,2,1,5,Dermatology,7,9.0,6,8,7,4,64.1,SYNTHETIC_DEVELOPMENT
4695,2026-08-26,15,2,1,4,Orthopedics,6,14.5,9,11,10,28,142.1,SYNTHETIC_DEVELOPMENT
4696,2026-08-26,8,2,0,1,General Medicine,1,11.5,5,6,6,1,66.6,SYNTHETIC_DEVELOPMENT
4697,2026-08-26,16,2,0,4,Orthopedics,6,14.5,7,8,8,25,108.4,SYNTHETIC_DEVELOPMENT
4698,2026-08-26,8,2,0,3,Pediatrics,5,13.65,8,12,9,1,116.6,SYNTHETIC_DEVELOPMENT
4699,2026-08-26,11,2,1,2,Cardiology,4,16.62,3,6,4,7,65.3,SYNTHETIC_DEVELOPMENT
4700,2026-08-26,12,2,0,2,Cardiology,4,16.62,3,4,4,12,78.0,SYNTHETIC_DEVELOPMENT
4701,2026-08-26,15,2,1,2,Cardiology,4,16.62,7,11,8,19,100.1,SYNTHETIC_DEVELOPMENT
4702,2026-08-26,12,2,0,5,Dermatology,7,9.0,3,5,4,14,28.2,SYNTHETIC_DEVELOPMENT
4703,2026-08-26,12,2,0,4,Orthopedics,6,14.5,4,6,5,13,66.0,SYNTHETIC_DEVELOPMENT
4704,2026-08-26,16,2,0,3,Pediatrics,5,13.65,2,2,3,24,25.0,SYNTHETIC_DEVELOPMENT
4705,2026-08-26,12,2,0,1,General Medicine,1,11.5,4,6,5,19,43.3,SYNTHETIC_DEVELOPMENT
4706,2026-08-26,12,2,0,4,Orthopedics,6,14.5,3,5,4,8,37.3,SYNTHETIC_DEVELOPMENT
4707,2026-08-26,10,2,1,4,Orthopedics,6,14.5,5,8,6,2,65.2,SYNTHETIC_DEVELOPMENT
4708,2026-08-26,11,2,1,2,Cardiology,4,16.62,5,9,6,9,102.7,SYNTHETIC_DEVELOPMENT
4709,2026-08-26,11,2,1,3,Pediatrics,5,13.65,4,8,5,9,51.7,SYNTHETIC_DEVELOPMENT
4710,2026-08-26,10,2,1,5,Dermatology,7,9.0,7,7,8,6,69.8,SYNTHETIC_DEVELOPMENT
4711,2026-08-26,14,2,1,1,General Medicine,2,10.58,5,8,6,19,59.4,SYNTHETIC_DEVELOPMENT
4712,2026-08-26,14,2,1,2,Cardiology,4,16.62,3,8,4,20,47.1,SYNTHETIC_DEVELOPMENT
4713,2026-08-26,10,2,1,2,Cardiology,4,16.62,11,15,12,5,180.0,SYNTHETIC_DEVELOPMENT
4714,2026-08-26,9,2,1,1,General Medicine,2,10.58,7,10,8,8,111.6,SYNTHETIC_DEVELOPMENT
4715,2026-08-26,11,2,1,2,Cardiology,3,19.25,6,9,7,6,115.1,SYNTHETIC_DEVELOPMENT
4716,2026-08-26,10,2,1,1,General Medicine,2,10.58,5,8,6,4,47.7,SYNTHETIC_DEVELOPMENT
4717,2026-08-26,9,2,1,4,Orthopedics,6,14.5,5,7,6,4,81.1,SYNTHETIC_DEVELOPMENT
4718,2026-08-26,11,2,1,5,Dermatology,7,9.0,3,5,4,9,38.0,SYNTHETIC_DEVELOPMENT
4719,2026-08-26,14,2,1,1,General Medicine,2,10.58,8,11,9,19,104.1,SYNTHETIC_DEVELOPMENT
4720,2026-08-26,10,2,1,2,Cardiology,4,16.62,6,6,7,11,115.8,SYNTHETIC_DEVELOPMENT
4721,2026-08-26,10,2,1,3,Pediatrics,5,13.65,5,6,6,6,77.5,SYNTHETIC_DEVELOPMENT
4722,2026-08-26,9,2,1,2,Cardiology,4,16.62,12,15,13,10,180.0,SYNTHETIC_DEVELOPMENT
4723,2026-08-26,11,2,1,1,General Medicine,2,10.58,7,9,8,10,77.0,SYNTHETIC_DEVELOPMENT
4724,2026-08-26,9,2,1,4,Orthopedics,6,14.5,3,5,4,3,61.6,SYNTHETIC_DEVELOPMENT
4725,2026-08-26,9,2,1,2,Cardiology,4,16.62,7,10,8,4,156.0,SYNTHETIC_DEVELOPMENT
4726,2026-08-26,15,2,1,4,Orthopedics,6,14.5,0,4,1,17,3.6,SYNTHETIC_DEVELOPMENT
4727,2026-08-26,10,2,1,4,Orthopedics,6,14.5,4,5,5,1,66.4,SYNTHETIC_DEVELOPMENT
4728,2026-08-26,15,2,1,4,Orthopedics,6,14.5,8,9,9,19,124.0,SYNTHETIC_DEVELOPMENT
4729,2026-08-26,11,2,1,4,Orthopedics,6,14.5,7,7,8,11,111.1,SYNTHETIC_DEVELOPMENT
4730,2026-08-26,11,2,1,3,Pediatrics,5,13.65,9,11,10,10,136.0,SYNTHETIC_DEVELOPMENT
4731,2026-08-26,15,2,1,3,Pediatrics,5,13.65,3,5,4,14,61.6,SYNTHETIC_DEVELOPMENT
4732,2026-08-26,16,2,0,1,General Medicine,2,10.58,6,10,7,35,87.9,SYNTHETIC_DEVELOPMENT
4733,2026-08-26,9,2,1,1,General Medicine,2,10.58,6,9,7,4,66.1,SYNTHETIC_DEVELOPMENT
4734,2026-08-26,11,2,1,4,Orthopedics,6,14.5,8,11,9,8,112.3,SYNTHETIC_DEVELOPMENT
4735,2026-08-26,9,2,1,1,General Medicine,2,10.58,7,11,8,1,107.4,SYNTHETIC_DEVELOPMENT
4736,2026-08-26,9,2,1,2,Cardiology,4,16.62,4,5,5,4,56.3,SYNTHETIC_DEVELOPMENT
4737,2026-08-26,10,2,1,3,Pediatrics,5,13.65,9,12,10,8,127.7,SYNTHETIC_DEVELOPMENT
4738,2026-08-26,10,2,1,1,General Medicine,2,10.58,7,8,8,6,67.9,SYNTHETIC_DEVELOPMENT
4739,2026-08-26,11,2,1,3,Pediatrics,5,13.65,4,6,5,12,55.7,SYNTHETIC_DEVELOPMENT
4740,2026-08-26,10,2,1,1,General Medicine,2,10.58,6,8,7,3,59.8,SYNTHETIC_DEVELOPMENT
4741,2026-08-26,11,2,1,2,Cardiology,4,16.62,5,7,6,16,93.6,SYNTHETIC_DEVELOPMENT
4742,2026-08-26,10,2,1,3,Pediatrics,5,13.65,5,6,6,10,84.0,SYNTHETIC_DEVELOPMENT
4743,2026-08-26,9,2,1,2,Cardiology,3,19.25,10,10,11,6,180.0,SYNTHETIC_DEVELOPMENT
4744,2026-08-26,10,2,1,2,Cardiology,4,16.62,6,8,7,9,102.6,SYNTHETIC_DEVELOPMENT
4745,2026-08-26,8,2,0,1,General Medicine,1,11.5,5,5,6,2,60.8,SYNTHETIC_DEVELOPMENT
4746,2026-08-26,10,2,1,2,Cardiology,3,19.25,6,8,7,6,114.9,SYNTHETIC_DEVELOPMENT
4747,2026-08-26,12,2,0,2,Cardiology,3,19.25,3,6,4,18,63.6,SYNTHETIC_DEVELOPMENT
4748,2026-08-26,10,2,1,4,Orthopedics,6,14.5,3,8,4,6,55.3,SYNTHETIC_DEVELOPMENT
4749,2026-08-26,13,2,0,5,Dermatology,7,9.0,3,7,4,12,34.0,SYNTHETIC_DEVELOPMENT
4750,2026-08-26,9,2,1,3,Pediatrics,5,13.65,5,7,6,4,80.8,SYNTHETIC_DEVELOPMENT
4751,2026-08-27,10,3,1,2,Cardiology,4,16.62,12,13,13,8,180.0,SYNTHETIC_DEVELOPMENT
4752,2026-08-27,15,3,1,5,Dermatology,7,9.0,8,10,9,24,98.2,SYNTHETIC_DEVELOPMENT
4753,2026-08-27,15,3,1,2,Cardiology,4,16.62,6,8,7,19,96.0,SYNTHETIC_DEVELOPMENT
4754,2026-08-27,10,3,1,2,Cardiology,4,16.62,3,6,4,6,36.7,SYNTHETIC_DEVELOPMENT
4755,2026-08-27,12,3,0,4,Orthopedics,6,14.5,2,4,3,15,35.1,SYNTHETIC_DEVELOPMENT
4756,2026-08-27,9,3,1,5,Dermatology,7,9.0,6,9,7,2,56.5,SYNTHETIC_DEVELOPMENT
4757,2026-08-27,10,3,1,3,Pediatrics,5,13.65,5,10,6,5,86.9,SYNTHETIC_DEVELOPMENT
4758,2026-08-27,11,3,1,4,Orthopedics,6,14.5,5,8,6,16,84.6,SYNTHETIC_DEVELOPMENT
4759,2026-08-27,14,3,1,3,Pediatrics,5,13.65,4,5,5,12,69.9,SYNTHETIC_DEVELOPMENT
4760,2026-08-27,12,3,0,1,General Medicine,1,11.5,2,3,3,10,22.8,SYNTHETIC_DEVELOPMENT
4761,2026-08-27,9,3,1,3,Pediatrics,5,13.65,5,8,6,4,78.8,SYNTHETIC_DEVELOPMENT
4762,2026-08-27,10,3,1,2,Cardiology,4,16.62,5,8,6,6,93.6,SYNTHETIC_DEVELOPMENT
4763,2026-08-27,14,3,1,1,General Medicine,2,10.58,6,6,7,20,64.2,SYNTHETIC_DEVELOPMENT
4764,2026-08-27,10,3,1,2,Cardiology,4,16.62,6,7,7,11,114.5,SYNTHETIC_DEVELOPMENT
4765,2026-08-27,9,3,1,1,General Medicine,1,11.5,3,4,4,3,33.1,SYNTHETIC_DEVELOPMENT
4766,2026-08-27,14,3,1,5,Dermatology,7,9.0,6,7,7,13,50.6,SYNTHETIC_DEVELOPMENT
4767,2026-08-27,15,3,1,2,Cardiology,4,16.62,7,11,8,17,124.7,SYNTHETIC_DEVELOPMENT
4768,2026-08-27,12,3,0,4,Orthopedics,6,14.5,3,4,4,16,54.1,SYNTHETIC_DEVELOPMENT
4769,2026-08-27,11,3,1,2,Cardiology,4,16.62,9,12,10,11,157.4,SYNTHETIC_DEVELOPMENT
4770,2026-08-27,11,3,1,1,General Medicine,1,11.5,7,10,8,7,91.2,SYNTHETIC_DEVELOPMENT
4771,2026-08-27,9,3,1,3,Pediatrics,5,13.65,7,9,8,3,117.8,SYNTHETIC_DEVELOPMENT
4772,2026-08-27,11,3,1,1,General Medicine,1,11.5,8,12,9,8,103.9,SYNTHETIC_DEVELOPMENT
4773,2026-08-27,10,3,1,5,Dermatology,7,9.0,6,7,7,3,47.5,SYNTHETIC_DEVELOPMENT
4774,2026-08-27,14,3,1,1,General Medicine,1,11.5,8,10,9,15,91.7,SYNTHETIC_DEVELOPMENT
4775,2026-08-27,14,3,1,2,Cardiology,3,19.25,5,5,6,16,110.5,SYNTHETIC_DEVELOPMENT
4776,2026-08-27,14,3,1,1,General Medicine,1,11.5,6,7,7,29,93.0,SYNTHETIC_DEVELOPMENT
4777,2026-08-27,10,3,1,2,Cardiology,3,19.25,7,7,8,4,118.5,SYNTHETIC_DEVELOPMENT
4778,2026-08-27,13,3,0,2,Cardiology,3,19.25,2,6,3,14,34.6,SYNTHETIC_DEVELOPMENT
4779,2026-08-27,14,3,1,2,Cardiology,4,16.62,7,9,8,19,117.7,SYNTHETIC_DEVELOPMENT
4780,2026-08-27,12,3,0,4,Orthopedics,6,14.5,1,6,2,8,10.4,SYNTHETIC_DEVELOPMENT
4781,2026-08-27,15,3,1,3,Pediatrics,5,13.65,10,14,11,19,164.1,SYNTHETIC_DEVELOPMENT
4782,2026-08-27,15,3,1,2,Cardiology,3,19.25,7,12,8,22,149.3,SYNTHETIC_DEVELOPMENT
4783,2026-08-27,11,3,1,1,General Medicine,1,11.5,8,11,9,8,102.8,SYNTHETIC_DEVELOPMENT
4784,2026-08-27,17,3,0,5,Dermatology,7,9.0,4,7,5,20,42.4,SYNTHETIC_DEVELOPMENT
4785,2026-08-27,15,3,1,5,Dermatology,7,9.0,7,12,8,15,68.3,SYNTHETIC_DEVELOPMENT
4786,2026-08-27,14,3,1,2,Cardiology,3,19.25,3,4,4,25,63.0,SYNTHETIC_DEVELOPMENT
4787,2026-08-27,14,3,1,1,General Medicine,2,10.58,3,5,4,22,49.8,SYNTHETIC_DEVELOPMENT
4788,2026-08-27,8,3,0,1,General Medicine,1,11.5,4,8,5,0,57.7,SYNTHETIC_DEVELOPMENT
4789,2026-08-27,11,3,1,2,Cardiology,3,19.25,8,10,9,12,166.0,SYNTHETIC_DEVELOPMENT
4790,2026-08-27,10,3,1,2,Cardiology,4,16.62,7,11,8,7,138.2,SYNTHETIC_DEVELOPMENT
4791,2026-08-27,15,3,1,2,Cardiology,3,19.25,9,13,10,19,180.0,SYNTHETIC_DEVELOPMENT
4792,2026-08-27,10,3,1,1,General Medicine,1,11.5,9,11,10,11,93.4,SYNTHETIC_DEVELOPMENT
4793,2026-08-27,14,3,1,1,General Medicine,1,11.5,4,6,5,21,50.1,SYNTHETIC_DEVELOPMENT
4794,2026-08-27,10,3,1,2,Cardiology,3,19.25,3,8,4,11,59.3,SYNTHETIC_DEVELOPMENT
4795,2026-08-27,10,3,1,2,Cardiology,3,19.25,6,8,7,2,130.8,SYNTHETIC_DEVELOPMENT
4796,2026-08-27,9,3,1,2,Cardiology,3,19.25,6,9,7,3,119.3,SYNTHETIC_DEVELOPMENT
4797,2026-08-27,14,3,1,1,General Medicine,1,11.5,4,7,5,18,41.3,SYNTHETIC_DEVELOPMENT
4798,2026-08-27,10,3,1,2,Cardiology,3,19.25,7,8,8,1,136.2,SYNTHETIC_DEVELOPMENT
4799,2026-08-27,11,3,1,1,General Medicine,2,10.58,4,6,5,17,58.1,SYNTHETIC_DEVELOPMENT
4800,2026-08-27,13,3,0,4,Orthopedics,6,14.5,5,6,6,13,79.8,SYNTHETIC_DEVELOPMENT
4801,2026-08-27,9,3,1,5,Dermatology,7,9.0,12,13,13,2,121.6,SYNTHETIC_DEVELOPMENT
4802,2026-08-27,10,3,1,1,General Medicine,1,11.5,3,6,4,4,33.4,SYNTHETIC_DEVELOPMENT
4803,2026-08-27,11,3,1,5,Dermatology,7,9.0,3,4,4,6,31.5,SYNTHETIC_DEVELOPMENT
4804,2026-08-27,12,3,0,1,General Medicine,1,11.5,3,5,4,14,28.0,SYNTHETIC_DEVELOPMENT
4805,2026-08-27,10,3,1,1,General Medicine,1,11.5,6,7,7,3,70.2,SYNTHETIC_DEVELOPMENT
4806,2026-08-27,14,3,1,3,Pediatrics,5,13.65,6,7,7,14,93.1,SYNTHETIC_DEVELOPMENT
4807,2026-08-27,17,3,0,1,General Medicine,2,10.58,2,4,3,33,28.5,SYNTHETIC_DEVELOPMENT
4808,2026-08-27,10,3,1,2,Cardiology,4,16.62,5,11,6,5,80.1,SYNTHETIC_DEVELOPMENT
4809,2026-08-27,17,3,0,1,General Medicine,1,11.5,11,14,12,30,137.8,SYNTHETIC_DEVELOPMENT
4810,2026-08-27,14,3,1,1,General Medicine,2,10.58,11,11,12,15,116.9,SYNTHETIC_DEVELOPMENT
4811,2026-08-27,11,3,1,1,General Medicine,2,10.58,4,6,5,13,34.7,SYNTHETIC_DEVELOPMENT
4812,2026-08-27,15,3,1,2,Cardiology,4,16.62,6,8,7,19,130.4,SYNTHETIC_DEVELOPMENT
4813,2026-08-27,10,3,1,1,General Medicine,2,10.58,9,9,10,4,95.9,SYNTHETIC_DEVELOPMENT
4814,2026-08-27,12,3,0,2,Cardiology,4,16.62,2,5,3,9,34.9,SYNTHETIC_DEVELOPMENT
4815,2026-08-27,14,3,1,4,Orthopedics,6,14.5,7,8,8,18,95.0,SYNTHETIC_DEVELOPMENT
4816,2026-08-27,12,3,0,1,General Medicine,2,10.58,4,5,5,14,35.6,SYNTHETIC_DEVELOPMENT
4817,2026-08-27,9,3,1,2,Cardiology,4,16.62,2,3,3,5,46.0,SYNTHETIC_DEVELOPMENT
4818,2026-08-27,14,3,1,1,General Medicine,2,10.58,8,9,9,17,85.6,SYNTHETIC_DEVELOPMENT
4819,2026-08-27,10,3,1,2,Cardiology,3,19.25,7,8,8,6,145.2,SYNTHETIC_DEVELOPMENT
4820,2026-08-27,10,3,1,1,General Medicine,2,10.58,9,11,10,3,94.5,SYNTHETIC_DEVELOPMENT
4821,2026-08-27,9,3,1,2,Cardiology,4,16.62,4,5,5,6,80.0,SYNTHETIC_DEVELOPMENT
4822,2026-08-27,12,3,0,1,General Medicine,1,11.5,2,3,3,8,19.6,SYNTHETIC_DEVELOPMENT
4823,2026-08-27,14,3,1,1,General Medicine,2,10.58,11,13,12,21,132.5,SYNTHETIC_DEVELOPMENT
4824,2026-08-27,11,3,1,3,Pediatrics,5,13.65,7,8,8,13,102.6,SYNTHETIC_DEVELOPMENT
4825,2026-08-27,10,3,1,4,Orthopedics,6,14.5,7,9,8,7,127.2,SYNTHETIC_DEVELOPMENT
4826,2026-08-27,11,3,1,2,Cardiology,4,16.62,4,4,5,10,88.0,SYNTHETIC_DEVELOPMENT
4827,2026-08-27,10,3,1,3,Pediatrics,5,13.65,5,8,6,7,68.0,SYNTHETIC_DEVELOPMENT
4828,2026-08-27,10,3,1,1,General Medicine,2,10.58,2,4,3,5,24.0,SYNTHETIC_DEVELOPMENT
4829,2026-08-27,12,3,0,4,Orthopedics,6,14.5,5,10,6,13,89.8,SYNTHETIC_DEVELOPMENT
4830,2026-08-27,9,3,1,2,Cardiology,4,16.62,5,9,6,4,87.6,SYNTHETIC_DEVELOPMENT
4831,2026-08-27,15,3,1,2,Cardiology,4,16.62,1,4,2,25,14.2,SYNTHETIC_DEVELOPMENT
4832,2026-08-27,9,3,1,3,Pediatrics,5,13.65,7,10,8,2,111.0,SYNTHETIC_DEVELOPMENT
4833,2026-08-27,13,3,0,1,General Medicine,2,10.58,5,10,6,15,51.8,SYNTHETIC_DEVELOPMENT
4834,2026-08-27,10,3,1,1,General Medicine,2,10.58,8,11,9,4,91.0,SYNTHETIC_DEVELOPMENT
4835,2026-08-28,15,4,1,1,General Medicine,1,11.5,4,5,5,26,40.6,SYNTHETIC_DEVELOPMENT
4836,2026-08-28,12,4,0,3,Pediatrics,5,13.65,7,12,8,15,115.4,SYNTHETIC_DEVELOPMENT
4837,2026-08-28,8,4,0,3,Pediatrics,5,13.65,4,5,5,0,65.7,SYNTHETIC_DEVELOPMENT
4838,2026-08-28,11,4,1,5,Dermatology,7,9.0,6,7,7,16,73.3,SYNTHETIC_DEVELOPMENT
4839,2026-08-28,10,4,1,1,General Medicine,1,11.5,8,10,9,5,79.8,SYNTHETIC_DEVELOPMENT
4840,2026-08-28,10,4,1,5,Dermatology,7,9.0,5,5,6,7,40.1,SYNTHETIC_DEVELOPMENT
4841,2026-08-28,9,4,1,2,Cardiology,4,16.62,7,12,8,4,112.9,SYNTHETIC_DEVELOPMENT
4842,2026-08-28,16,4,0,5,Dermatology,7,9.0,4,5,5,29,41.1,SYNTHETIC_DEVELOPMENT
4843,2026-08-28,17,4,0,5,Dermatology,7,9.0,4,6,5,25,42.1,SYNTHETIC_DEVELOPMENT
4844,2026-08-28,15,4,1,4,Orthopedics,6,14.5,6,6,7,22,92.5,SYNTHETIC_DEVELOPMENT
4845,2026-08-28,9,4,1,5,Dermatology,7,9.0,4,8,5,2,46.6,SYNTHETIC_DEVELOPMENT
4846,2026-08-28,15,4,1,2,Cardiology,4,16.62,4,5,5,28,64.6,SYNTHETIC_DEVELOPMENT
4847,2026-08-28,11,4,1,1,General Medicine,1,11.5,6,10,7,5,68.4,SYNTHETIC_DEVELOPMENT
4848,2026-08-28,12,4,0,4,Orthopedics,6,14.5,3,6,4,12,58.6,SYNTHETIC_DEVELOPMENT
4849,2026-08-28,13,4,0,1,General Medicine,2,10.58,4,5,5,18,42.4,SYNTHETIC_DEVELOPMENT
4850,2026-08-28,9,4,1,3,Pediatrics,5,13.65,4,4,5,2,49.2,SYNTHETIC_DEVELOPMENT
4851,2026-08-28,9,4,1,5,Dermatology,7,9.0,4,7,5,1,39.3,SYNTHETIC_DEVELOPMENT
4852,2026-08-28,11,4,1,3,Pediatrics,5,13.65,9,11,10,4,125.4,SYNTHETIC_DEVELOPMENT
4853,2026-08-28,10,4,1,5,Dermatology,7,9.0,3,5,4,5,20.4,SYNTHETIC_DEVELOPMENT
4854,2026-08-28,9,4,1,4,Orthopedics,6,14.5,5,9,6,1,76.6,SYNTHETIC_DEVELOPMENT
4855,2026-08-28,9,4,1,1,General Medicine,2,10.58,4,5,5,3,49.1,SYNTHETIC_DEVELOPMENT
4856,2026-08-28,15,4,1,2,Cardiology,4,16.62,4,4,5,24,77.4,SYNTHETIC_DEVELOPMENT
4857,2026-08-28,15,4,1,3,Pediatrics,5,13.65,5,10,6,25,75.9,SYNTHETIC_DEVELOPMENT
4858,2026-08-28,9,4,1,5,Dermatology,7,9.0,3,8,4,6,23.8,SYNTHETIC_DEVELOPMENT
4859,2026-08-28,9,4,1,3,Pediatrics,5,13.65,4,5,5,5,60.9,SYNTHETIC_DEVELOPMENT
4860,2026-08-28,11,4,1,1,General Medicine,1,11.5,10,13,11,16,119.8,SYNTHETIC_DEVELOPMENT
4861,2026-08-28,11,4,1,1,General Medicine,1,11.5,5,9,6,11,53.7,SYNTHETIC_DEVELOPMENT
4862,2026-08-28,15,4,1,1,General Medicine,2,10.58,5,6,6,16,45.0,SYNTHETIC_DEVELOPMENT
4863,2026-08-28,10,4,1,3,Pediatrics,5,13.65,7,11,8,4,99.0,SYNTHETIC_DEVELOPMENT
4864,2026-08-28,11,4,1,5,Dermatology,7,9.0,1,3,2,11,13.8,SYNTHETIC_DEVELOPMENT
4865,2026-08-28,14,4,1,2,Cardiology,3,19.25,5,9,6,16,106.8,SYNTHETIC_DEVELOPMENT
4866,2026-08-28,11,4,1,4,Orthopedics,6,14.5,7,9,8,13,111.3,SYNTHETIC_DEVELOPMENT
4867,2026-08-28,12,4,0,2,Cardiology,4,16.62,8,12,9,14,118.6,SYNTHETIC_DEVELOPMENT
4868,2026-08-28,12,4,0,2,Cardiology,3,19.25,6,7,7,9,122.4,SYNTHETIC_DEVELOPMENT
4869,2026-08-28,12,4,0,1,General Medicine,1,11.5,0,5,1,15,2.5,SYNTHETIC_DEVELOPMENT
4870,2026-08-28,9,4,1,3,Pediatrics,5,13.65,10,12,11,2,155.9,SYNTHETIC_DEVELOPMENT
4871,2026-08-28,11,4,1,4,Orthopedics,6,14.5,4,7,5,11,52.9,SYNTHETIC_DEVELOPMENT
4872,2026-08-28,9,4,1,1,General Medicine,1,11.5,8,8,9,4,122.6,SYNTHETIC_DEVELOPMENT
4873,2026-08-28,8,4,0,2,Cardiology,4,16.62,2,4,3,0,40.8,SYNTHETIC_DEVELOPMENT
4874,2026-08-28,15,4,1,4,Orthopedics,6,14.5,5,6,6,27,95.6,SYNTHETIC_DEVELOPMENT
4875,2026-08-28,11,4,1,2,Cardiology,3,19.25,7,10,8,7,127.9,SYNTHETIC_DEVELOPMENT
4876,2026-08-28,11,4,1,2,Cardiology,4,16.62,5,7,6,19,89.0,SYNTHETIC_DEVELOPMENT
4877,2026-08-28,11,4,1,3,Pediatrics,5,13.65,6,8,7,13,110.8,SYNTHETIC_DEVELOPMENT
4878,2026-08-28,10,4,1,2,Cardiology,4,16.62,8,9,9,6,142.1,SYNTHETIC_DEVELOPMENT
4879,2026-08-28,9,4,1,2,Cardiology,3,19.25,6,8,7,3,118.4,SYNTHETIC_DEVELOPMENT
4880,2026-08-28,14,4,1,1,General Medicine,2,10.58,7,11,8,21,97.2,SYNTHETIC_DEVELOPMENT
4881,2026-08-28,9,4,1,5,Dermatology,7,9.0,6,9,7,1,56.9,SYNTHETIC_DEVELOPMENT
4882,2026-08-28,10,4,1,2,Cardiology,4,16.62,11,13,12,8,180.0,SYNTHETIC_DEVELOPMENT
4883,2026-08-28,12,4,0,4,Orthopedics,6,14.5,4,9,5,18,66.3,SYNTHETIC_DEVELOPMENT
4884,2026-08-28,14,4,1,1,General Medicine,1,11.5,6,8,7,14,65.7,SYNTHETIC_DEVELOPMENT
4885,2026-08-28,12,4,0,1,General Medicine,2,10.58,5,9,6,13,78.2,SYNTHETIC_DEVELOPMENT
4886,2026-08-28,10,4,1,2,Cardiology,4,16.62,8,9,9,8,134.1,SYNTHETIC_DEVELOPMENT
4887,2026-08-28,12,4,0,3,Pediatrics,5,13.65,2,5,3,22,20.5,SYNTHETIC_DEVELOPMENT
4888,2026-08-28,15,4,1,2,Cardiology,3,19.25,7,9,8,18,146.0,SYNTHETIC_DEVELOPMENT
4889,2026-08-28,16,4,0,1,General Medicine,1,11.5,4,6,5,24,45.3,SYNTHETIC_DEVELOPMENT
4890,2026-08-28,10,4,1,4,Orthopedics,6,14.5,7,9,8,3,98.3,SYNTHETIC_DEVELOPMENT
4891,2026-08-28,14,4,1,3,Pediatrics,5,13.65,11,12,12,19,167.0,SYNTHETIC_DEVELOPMENT
4892,2026-08-28,15,4,1,2,Cardiology,3,19.25,6,10,7,26,116.1,SYNTHETIC_DEVELOPMENT
4893,2026-08-28,9,4,1,1,General Medicine,2,10.58,9,14,10,2,112.7,SYNTHETIC_DEVELOPMENT
4894,2026-08-28,10,4,1,5,Dermatology,7,9.0,4,6,5,2,33.0,SYNTHETIC_DEVELOPMENT
4895,2026-08-28,10,4,1,5,Dermatology,7,9.0,11,12,12,10,108.9,SYNTHETIC_DEVELOPMENT
4896,2026-08-28,11,4,1,1,General Medicine,1,11.5,5,7,6,8,77.1,SYNTHETIC_DEVELOPMENT
4897,2026-08-28,10,4,1,5,Dermatology,7,9.0,4,7,5,3,54.3,SYNTHETIC_DEVELOPMENT
4898,2026-08-28,14,4,1,4,Orthopedics,6,14.5,7,10,8,23,112.6,SYNTHETIC_DEVELOPMENT
4899,2026-08-28,12,4,0,4,Orthopedics,6,14.5,5,9,6,16,71.5,SYNTHETIC_DEVELOPMENT
4900,2026-08-28,12,4,0,1,General Medicine,1,11.5,6,6,7,13,80.4,SYNTHETIC_DEVELOPMENT
4901,2026-08-28,16,4,0,4,Orthopedics,6,14.5,8,14,9,26,124.5,SYNTHETIC_DEVELOPMENT
4902,2026-08-28,16,4,0,2,Cardiology,4,16.62,2,4,3,35,33.9,SYNTHETIC_DEVELOPMENT
4903,2026-08-28,9,4,1,1,General Medicine,1,11.5,6,8,7,2,64.8,SYNTHETIC_DEVELOPMENT
4904,2026-08-28,12,4,0,1,General Medicine,1,11.5,2,4,3,12,17.8,SYNTHETIC_DEVELOPMENT
4905,2026-08-28,10,4,1,3,Pediatrics,5,13.65,9,11,10,5,132.7,SYNTHETIC_DEVELOPMENT
4906,2026-08-28,15,4,1,2,Cardiology,3,19.25,9,10,10,26,180.0,SYNTHETIC_DEVELOPMENT
4907,2026-08-28,12,4,0,3,Pediatrics,5,13.65,3,3,4,13,38.6,SYNTHETIC_DEVELOPMENT
4908,2026-08-28,15,4,1,1,General Medicine,2,10.58,5,8,6,21,56.7,SYNTHETIC_DEVELOPMENT
4909,2026-08-28,12,4,0,1,General Medicine,1,11.5,3,5,4,8,39.7,SYNTHETIC_DEVELOPMENT
4910,2026-08-28,11,4,1,3,Pediatrics,5,13.65,2,7,3,11,21.6,SYNTHETIC_DEVELOPMENT
4911,2026-08-28,13,4,0,2,Cardiology,4,16.62,3,4,4,17,69.8,SYNTHETIC_DEVELOPMENT
4912,2026-08-28,16,4,0,1,General Medicine,2,10.58,7,11,8,34,59.1,SYNTHETIC_DEVELOPMENT
4913,2026-08-28,8,4,0,3,Pediatrics,5,13.65,7,9,8,1,118.9,SYNTHETIC_DEVELOPMENT
4914,2026-08-28,8,4,0,2,Cardiology,4,16.62,2,6,3,1,45.4,SYNTHETIC_DEVELOPMENT
4915,2026-08-28,11,4,1,2,Cardiology,3,19.25,6,13,7,16,127.4,SYNTHETIC_DEVELOPMENT
4916,2026-08-28,15,4,1,4,Orthopedics,6,14.5,8,12,9,20,133.7,SYNTHETIC_DEVELOPMENT
4917,2026-08-28,16,4,0,5,Dermatology,7,9.0,2,5,3,27,25.6,SYNTHETIC_DEVELOPMENT
4918,2026-08-29,9,5,1,4,Orthopedics,6,14.5,5,6,6,0,81.5,SYNTHETIC_DEVELOPMENT
4919,2026-08-29,16,5,0,3,Pediatrics,5,13.65,3,6,4,27,43.6,SYNTHETIC_DEVELOPMENT
4920,2026-08-29,15,5,1,1,General Medicine,1,11.5,7,8,8,18,112.0,SYNTHETIC_DEVELOPMENT
4921,2026-08-29,14,5,1,1,General Medicine,2,10.58,11,12,12,25,118.0,SYNTHETIC_DEVELOPMENT
4922,2026-08-29,11,5,1,3,Pediatrics,5,13.65,8,11,9,6,113.1,SYNTHETIC_DEVELOPMENT
4923,2026-08-29,15,5,1,2,Cardiology,4,16.62,7,8,8,22,132.5,SYNTHETIC_DEVELOPMENT
4924,2026-08-29,15,5,1,4,Orthopedics,6,14.5,7,8,8,26,113.3,SYNTHETIC_DEVELOPMENT
4925,2026-08-29,9,5,1,5,Dermatology,7,9.0,5,8,6,4,44.7,SYNTHETIC_DEVELOPMENT
4926,2026-08-29,10,5,1,5,Dermatology,7,9.0,5,7,6,2,49.7,SYNTHETIC_DEVELOPMENT
4927,2026-08-29,11,5,1,1,General Medicine,1,11.5,3,4,4,12,37.1,SYNTHETIC_DEVELOPMENT
4928,2026-08-29,17,5,0,3,Pediatrics,5,13.65,7,9,8,18,94.7,SYNTHETIC_DEVELOPMENT
4929,2026-08-29,10,5,1,4,Orthopedics,6,14.5,8,10,9,5,123.0,SYNTHETIC_DEVELOPMENT
4930,2026-08-29,14,5,1,2,Cardiology,4,16.62,13,16,14,24,180.0,SYNTHETIC_DEVELOPMENT
4931,2026-08-29,14,5,1,1,General Medicine,2,10.58,10,13,11,22,123.1,SYNTHETIC_DEVELOPMENT
4932,2026-08-29,10,5,1,3,Pediatrics,5,13.65,12,12,13,6,171.0,SYNTHETIC_DEVELOPMENT
4933,2026-08-29,15,5,1,1,General Medicine,1,11.5,4,8,5,30,50.2,SYNTHETIC_DEVELOPMENT
4934,2026-08-29,10,5,1,5,Dermatology,7,9.0,8,11,9,11,63.4,SYNTHETIC_DEVELOPMENT
4935,2026-08-29,11,5,1,2,Cardiology,4,16.62,10,12,11,11,158.4,SYNTHETIC_DEVELOPMENT
4936,2026-08-29,14,5,1,3,Pediatrics,5,13.65,12,17,13,17,154.0,SYNTHETIC_DEVELOPMENT
4937,2026-08-29,15,5,1,5,Dermatology,7,9.0,9,11,10,19,87.6,SYNTHETIC_DEVELOPMENT
4938,2026-08-29,12,5,0,2,Cardiology,4,16.62,4,4,5,15,70.7,SYNTHETIC_DEVELOPMENT
4939,2026-08-29,10,5,1,5,Dermatology,7,9.0,10,12,11,4,106.4,SYNTHETIC_DEVELOPMENT
4940,2026-08-29,10,5,1,5,Dermatology,7,9.0,6,14,7,6,62.3,SYNTHETIC_DEVELOPMENT
4941,2026-08-29,11,5,1,3,Pediatrics,5,13.65,6,8,7,5,79.5,SYNTHETIC_DEVELOPMENT
4942,2026-08-29,9,5,1,2,Cardiology,4,16.62,6,7,7,2,107.7,SYNTHETIC_DEVELOPMENT
4943,2026-08-29,9,5,1,2,Cardiology,4,16.62,7,9,8,5,123.4,SYNTHETIC_DEVELOPMENT
4944,2026-08-29,9,5,1,3,Pediatrics,5,13.65,13,15,14,1,180.0,SYNTHETIC_DEVELOPMENT
4945,2026-08-29,11,5,1,2,Cardiology,3,19.25,5,8,6,3,121.0,SYNTHETIC_DEVELOPMENT
4946,2026-08-29,9,5,1,1,General Medicine,2,10.58,11,15,12,6,120.6,SYNTHETIC_DEVELOPMENT
4947,2026-08-29,13,5,0,4,Orthopedics,6,14.5,6,8,7,22,89.0,SYNTHETIC_DEVELOPMENT
4948,2026-08-29,15,5,1,1,General Medicine,2,10.58,7,8,8,21,85.0,SYNTHETIC_DEVELOPMENT
4949,2026-08-29,10,5,1,1,General Medicine,2,10.58,5,5,6,7,54.3,SYNTHETIC_DEVELOPMENT
4950,2026-08-29,9,5,1,3,Pediatrics,5,13.65,13,18,14,4,180.0,SYNTHETIC_DEVELOPMENT
4951,2026-08-29,14,5,1,2,Cardiology,4,16.62,16,18,17,19,180.0,SYNTHETIC_DEVELOPMENT
4952,2026-08-29,10,5,1,5,Dermatology,7,9.0,7,8,8,7,73.9,SYNTHETIC_DEVELOPMENT
4953,2026-08-29,16,5,0,2,Cardiology,4,16.62,7,12,8,30,146.9,SYNTHETIC_DEVELOPMENT
4954,2026-08-29,14,5,1,2,Cardiology,3,19.25,4,6,5,19,76.4,SYNTHETIC_DEVELOPMENT
4955,2026-08-29,16,5,0,1,General Medicine,2,10.58,1,1,2,30,17.9,SYNTHETIC_DEVELOPMENT
4956,2026-08-29,14,5,1,4,Orthopedics,6,14.5,7,9,8,20,95.3,SYNTHETIC_DEVELOPMENT
4957,2026-08-29,10,5,1,2,Cardiology,3,19.25,9,14,10,12,180.0,SYNTHETIC_DEVELOPMENT
4958,2026-08-29,8,5,0,3,Pediatrics,5,13.65,4,6,5,0,63.8,SYNTHETIC_DEVELOPMENT
4959,2026-08-29,10,5,1,2,Cardiology,4,16.62,10,12,11,11,173.7,SYNTHETIC_DEVELOPMENT
4960,2026-08-29,10,5,1,4,Orthopedics,6,14.5,9,9,10,2,135.6,SYNTHETIC_DEVELOPMENT
4961,2026-08-29,10,5,1,1,General Medicine,1,11.5,4,6,5,6,42.4,SYNTHETIC_DEVELOPMENT
4962,2026-08-29,9,5,1,3,Pediatrics,5,13.65,7,10,8,4,106.3,SYNTHETIC_DEVELOPMENT
4963,2026-08-29,10,5,1,2,Cardiology,4,16.62,13,13,14,10,180.0,SYNTHETIC_DEVELOPMENT
4964,2026-08-29,10,5,1,2,Cardiology,4,16.62,9,10,10,4,155.2,SYNTHETIC_DEVELOPMENT
4965,2026-08-29,14,5,1,3,Pediatrics,5,13.65,6,9,7,19,89.3,SYNTHETIC_DEVELOPMENT
4966,2026-08-29,16,5,0,1,General Medicine,1,11.5,8,9,9,22,110.4,SYNTHETIC_DEVELOPMENT
4967,2026-08-29,14,5,1,3,Pediatrics,5,13.65,8,9,9,15,106.4,SYNTHETIC_DEVELOPMENT
4968,2026-08-29,10,5,1,5,Dermatology,7,9.0,6,8,7,3,54.3,SYNTHETIC_DEVELOPMENT
4969,2026-08-29,14,5,1,5,Dermatology,7,9.0,10,13,11,19,89.8,SYNTHETIC_DEVELOPMENT
4970,2026-08-29,10,5,1,3,Pediatrics,5,13.65,13,14,14,6,178.0,SYNTHETIC_DEVELOPMENT
4971,2026-08-29,13,5,0,3,Pediatrics,5,13.65,4,6,5,20,62.2,SYNTHETIC_DEVELOPMENT
4972,2026-08-29,10,5,1,4,Orthopedics,6,14.5,5,9,6,11,67.9,SYNTHETIC_DEVELOPMENT
4973,2026-08-29,11,5,1,3,Pediatrics,5,13.65,11,15,12,7,153.6,SYNTHETIC_DEVELOPMENT
4974,2026-08-29,16,5,0,4,Orthopedics,6,14.5,2,3,3,26,58.8,SYNTHETIC_DEVELOPMENT
4975,2026-08-29,15,5,1,2,Cardiology,3,19.25,7,10,8,24,122.9,SYNTHETIC_DEVELOPMENT
4976,2026-08-29,8,5,0,5,Dermatology,7,9.0,4,7,5,2,32.6,SYNTHETIC_DEVELOPMENT
4977,2026-08-29,10,5,1,3,Pediatrics,5,13.65,7,10,8,11,94.8,SYNTHETIC_DEVELOPMENT
4978,2026-08-29,10,5,1,5,Dermatology,7,9.0,5,6,6,4,42.7,SYNTHETIC_DEVELOPMENT
4979,2026-08-29,9,5,1,1,General Medicine,2,10.58,9,10,10,4,110.7,SYNTHETIC_DEVELOPMENT
4980,2026-08-29,16,5,0,5,Dermatology,7,9.0,5,5,6,24,59.7,SYNTHETIC_DEVELOPMENT
4981,2026-08-29,15,5,1,1,General Medicine,2,10.58,9,10,10,15,96.8,SYNTHETIC_DEVELOPMENT
4982,2026-08-29,13,5,0,5,Dermatology,7,9.0,7,13,8,22,73.6,SYNTHETIC_DEVELOPMENT
4983,2026-08-29,16,5,0,5,Dermatology,7,9.0,4,8,5,24,60.7,SYNTHETIC_DEVELOPMENT
4984,2026-08-29,17,5,0,1,General Medicine,2,10.58,5,7,6,26,59.6,SYNTHETIC_DEVELOPMENT
4985,2026-08-29,12,5,0,1,General Medicine,1,11.5,5,8,6,7,77.3,SYNTHETIC_DEVELOPMENT
4986,2026-08-29,16,5,0,1,General Medicine,1,11.5,5,9,6,29,65.3,SYNTHETIC_DEVELOPMENT
4987,2026-08-29,14,5,1,1,General Medicine,2,10.58,12,16,13,30,124.4,SYNTHETIC_DEVELOPMENT
4988,2026-08-29,10,5,1,5,Dermatology,7,9.0,9,13,10,6,81.1,SYNTHETIC_DEVELOPMENT
4989,2026-08-29,11,5,1,1,General Medicine,2,10.58,7,8,8,11,74.6,SYNTHETIC_DEVELOPMENT
4990,2026-08-29,9,5,1,2,Cardiology,4,16.62,11,12,12,2,180.0,SYNTHETIC_DEVELOPMENT
4991,2026-08-29,11,5,1,3,Pediatrics,5,13.65,11,19,12,9,162.3,SYNTHETIC_DEVELOPMENT
4992,2026-08-29,9,5,1,4,Orthopedics,6,14.5,8,10,9,2,110.4,SYNTHETIC_DEVELOPMENT
4993,2026-08-29,8,5,0,4,Orthopedics,6,14.5,7,10,8,0,116.1,SYNTHETIC_DEVELOPMENT
4994,2026-08-29,10,5,1,2,Cardiology,4,16.62,7,9,8,9,134.9,SYNTHETIC_DEVELOPMENT
4995,2026-08-29,10,5,1,1,General Medicine,2,10.58,5,10,6,9,71.0,SYNTHETIC_DEVELOPMENT
4996,2026-08-29,16,5,0,2,Cardiology,3,19.25,6,10,7,21,109.7,SYNTHETIC_DEVELOPMENT
4997,2026-08-29,12,5,0,2,Cardiology,3,19.25,1,2,2,13,15.4,SYNTHETIC_DEVELOPMENT
4998,2026-08-29,14,5,1,4,Orthopedics,6,14.5,5,7,6,21,65.4,SYNTHETIC_DEVELOPMENT
4999,2026-08-29,16,5,0,3,Pediatrics,5,13.65,7,11,8,19,105.7,SYNTHETIC_DEVELOPMENT
5000,2026-08-29,9,5,1,2,Cardiology,4,16.62,5,8,6,0,67.1,SYNTHETIC_DEVELOPMENT
